Recipient,Commitment Year,Amount (Constant USD 2021),Sector Name
Afghanistan,2021,"7,111,455.91",EMERGENCY RESPONSE
Afghanistan,2021,"12,600,000.00",HEALTH
Afghanistan,2021,"14,400,000.00",HEALTH
Afghanistan,2021,"13,000,000.00",HEALTH
Afghanistan,2021,"7,500,000.00",HEALTH
Afghanistan,2021,"3,600,000.00",DISASTER PREVENTION AND PREPAREDNESS
Afghanistan,2021,"4,651,162.79",DISASTER PREVENTION AND PREPAREDNESS
Afghanistan,2021,"2,187,793.00",DISASTER PREVENTION AND PREPAREDNESS
Afghanistan,2021,"612,207.00",DISASTER PREVENTION AND PREPAREDNESS
"Africa, regional",2021,"54,545,454.00",DISASTER PREVENTION AND PREPAREDNESS
Algeria,2021,"3,600,000.00",DEVELOPMENTAL FOOD AID/FOOD SECURITY ASSISTANCE
Algeria,2021,"57,600,000.00",DEVELOPMENTAL FOOD AID/FOOD SECURITY ASSISTANCE
"America, regional",2021,"900,000.00",DEVELOPMENTAL FOOD AID/FOOD SECURITY ASSISTANCE
"America, regional",2021,"77,000.00",DEVELOPMENTAL FOOD AID/FOOD SECURITY ASSISTANCE
Angola,2021,"79,700,000.00",DEVELOPMENTAL FOOD AID/FOOD SECURITY ASSISTANCE
Angola,2021,"3,600,000.00",GOVERNMENT AND CIVIL SOCIETY
Antigua and Barbuda,2021,"360,000.00",GOVERNMENT AND CIVIL SOCIETY
Argentina,2021,"20,155,038,759.69",GOVERNMENT AND CIVIL SOCIETY
Argentina,2021,"5,000,000.00",HEALTH
Argentina,2021,"20,000,000.00",HEALTH
Argentina,2021,"342,000.00",HEALTH
Argentina,2021,"14,500,000.00",HEALTH
Argentina,2021,"14,285,714.28",HEALTH
Argentina,2021,"2,142,857.00",HEALTH
Argentina,2021,"9,000,000.00",HEALTH
Argentina,2021,"3,500,000.00",HEALTH
Argentina,2021,"3,600,000.00",HEALTH
Argentina,2021,"13,900,000.00",HEALTH
Argentina,2021,"5,258,729.49",HEALTH
Argentina,2021,"10,000,000.00",HEALTH
Armenia,2021,"1,800,000.00",HEALTH
"Asia, regional",2021,"800,000.00",HEALTH
Azerbaijan,2021,"2,700,000.00",HEALTH
Azerbaijan,2021,"19,620,000.00",HEALTH
Azerbaijan,2021,"66,670,000.00",HEALTH
Azerbaijan,2021,"66,670,000.00",HEALTH
Bahamas,2021,"254,869.20",HEALTH
Bahamas,2021,"78,000.00",HEALTH
Bahamas,2021,"12,403,100.78",HEALTH
Bahamas,2021,"10,000.00",HEALTH
Bangladesh,2021,"184,300,000.00",HEALTH
Bangladesh,2021,"195,261,500.00",HEALTH
Bangladesh,2021,"1,126,986,000.00",HEALTH
Bangladesh,2021,"18,000,000.00",HEALTH
Bangladesh,2021,"6,201.55",HEALTH
Bangladesh,2021,"9,000,000.00",HEALTH
Bangladesh,2021,"10,800,000.00",HEALTH
Bangladesh,2021,"18,000,000.00",HEALTH
Bangladesh,2021,"18,000,000.00",HEALTH
Barbados,2021,"540,000.00",HEALTH
Barbados,2021,"110,000.00",HEALTH
Belarus,2021,"34,418,604.65",HEALTH
Belarus,2021,"19,550,000.00",HEALTH
Belarus,2021,"1,800,000.00",HEALTH
Belarus,2021,"9,000,000.00",HEALTH
Belarus,2021,"155,038.76",HEALTH
Benin,2021,"488,700,000.00",HEALTH
Benin,2021,"7,700,000.00",HEALTH
Benin,2021,"1,800,000.00",HEALTH
Benin,2021,"840,000,000.00",HEALTH
Bolivia,2021,"460,040.00",HEALTH
Bolivia,2021,"666,000.00",HEALTH
Bolivia,2021,"1,800,000.00",HEALTH
Bolivia,2021,"63,000,000.00",HEALTH
Bolivia,2021,878.5,HEALTH
Bolivia,2021,"1,800,000.00",HEALTH
Bolivia,2021,"5,400,000.00",HEALTH
Bolivia,2021,"13,890.00",HEALTH
Bolivia,2021,"27,435.00",HEALTH
Bolivia,2021,"3,131.00",HEALTH
Bolivia,2021,"3,131.00",HEALTH
Bolivia,2021,"4,995.00",HEALTH
Bosnia and Herzegovina,2021,"222,834,120.00",HEALTH
Bosnia and Herzegovina,2021,"244,588,235.29",HEALTH
Bosnia and Herzegovina,2021,"9,058.82",HEALTH
Bosnia and Herzegovina,2021,"900,000.00",HEALTH
Bosnia and Herzegovina,2021,"29,000.00",HEALTH
Bosnia and Herzegovina,2021,"900,000.00",HEALTH
Botswana,2021,"3,600,000.00",HEALTH
Botswana,2021,"3,340.00",HEALTH
Botswana,2021,"30,000.00",HEALTH
Botswana,2021,"38,808.66",HEALTH
Brazil,2021,"245,000,000.00",HEALTH
Brazil,2021,"23,076,923.00",HEALTH
Brazil,2021,"135,000,000.00",HEALTH
Brazil,2021,"1,500,000,000.00",HEALTH
Brazil,2021,"173,600.00",HEALTH
Brazil,2021,"13,800.00",HEALTH
Brazil,2021,"2,760.00",HEALTH
Brunei Darussalam,2021,"936,000.00",HEALTH
Brunei Darussalam,2021,"18,000,000.00",HEALTH
Burkina Faso,2021,"2,000,000,000.00",HEALTH
Burkina Faso,2021,"90,166.45",HEALTH
Burkina Faso,2021,"450,832.24",HEALTH
Burkina Faso,2021,"7,200,000.00",HEALTH
Burkina Faso,2021,"8,300,000.00",HEALTH
Burkina Faso,2021,"6,131,318.41",HEALTH
Burkina Faso,2021,"7,751,937.98",HEALTH
Burundi,2021,"9,000,000.00",HEALTH
Burundi,2021,"7,751,937.98",HEALTH
Burundi,2021,"14,761.00",HEALTH
Burundi,2021,"12,744.00",HEALTH
Burundi,2021,"7,256.00",HEALTH
Cabo Verde,2021,"900,000.00",HEALTH
Cabo Verde,2021,"1,500,000.00",HEALTH
Cambodia,2021,"660,000,000.00",HEALTH
Cambodia,2021,"1,000,000.00",HEALTH
Cambodia,2021,"33,566.40",HEALTH
Cambodia,2021,"10,800,000.00",HEALTH
Cambodia,2021,"3,000,000.00",HEALTH
Cambodia,2021,"260,400.00",HEALTH
Cambodia,2021,"7,200,000.00",HEALTH
Cambodia,2021,"9,000,000.00",HEALTH
Cambodia,2021,"2,500,000.00",HEALTH
Cambodia,2021,"36,000,000.00",HEALTH
Cambodia,2021,"12,600,000.00",HEALTH
Cambodia,2021,"36,000,000.00",HEALTH
Cambodia,2021,"116,270,500.00",HEALTH
Cambodia,2021,"795,000.00",HEALTH
Cambodia,2021,"9,000,000.00",HEALTH
Cameroon,2021,"50,117,647.06",HEALTH
Cameroon,2021,"3,600,000.00",HEALTH
Cameroon,2021,"18,000,000.00",HEALTH
Cameroon,2021,"19,683,720.93",HEALTH
Cameroon,2021,"46,511,627.91",HEALTH
Central African Republic,2021,"2,700,000.00",HEALTH
Central African Republic,2021,"1,300,000.00",HEALTH
Central African Republic,2021,"281,319.32",HEALTH
Central African Republic,2021,"200,000,000.00",HEALTH
Chad,2021,"57,706.53",HEALTH
Chad,2021,"3,600,000.00",HEALTH
Chile,2021,"71,428,571.00",HEALTH
Chile,2021,"71,428,571.00",HEALTH
Chile,2021,"71,428,571.00",HEALTH
Chile,2021,"38,106,666.00",HEALTH
Chile,2021,"36,000,000.00",HEALTH
Chile,2021,"18,000,000.00",HEALTH
Chile,2021,"27,000,000.00",HEALTH
Chile,2021,"39,600,000.00",HEALTH
Chile,2021,"5,400,000.00",HEALTH
Chile,2021,"18,000,000.00",HEALTH
Chile,2021,"18,000,000.00",HEALTH
Chile,2021,"18,363,600.00",HEALTH
Chile,2021,"9,000,000.00",HEALTH
Chile,2021,"70,000,000.00",HEALTH
Chile,2021,"70,000,000.00",HEALTH
Chile,2021,"6,470,588.24",HEALTH
Colombia,2021,"3,330.00",HEALTH
Colombia,2021,"44,640,000.00",HEALTH
Colombia,2021,"44,640,000.00",HEALTH
Colombia,2021,"13,937,760.00",HEALTH
Comoros,2021,"1,800,000.00",HEALTH
Comoros,2021,"1,800,000.00",HEALTH
Comoros,2021,"1,800,000.00",HEALTH
Congo,2021,"14,065,965.77",HEALTH
Congo,2021,"133,446.34",HEALTH
Congo,2021,"1,800,000.00",HEALTH
Congo,2021,"3,600,000.00",HEALTH
Congo,2021,"720,000.00",HEALTH
Congo,2021,"13,000,000.00",HEALTH
Congo,2021,"63,116,513.08",HEALTH
Cook Islands,2021,"58,622.70",HEALTH
Cook Islands,2021,"170,212.77",HEALTH
Costa Rica,2021,"4,826,720.73",HEALTH
Cote d'Ivoire,2021,"69,816,654.74",HEALTH
Cote d'Ivoire,2021,"1,800,000.00",HEALTH
Cote d'Ivoire,2021,"14,731,200.00",HEALTH
Cuba,2021,"1,012,500.12",HEALTH
Cuba,2021,"799,342.20",HEALTH
Cuba,2021,"104,190.00",HEALTH
Cuba,2021,"1,002,652.20",HEALTH
Cuba,2021,"100,000.00",HEALTH
Democratic Republic of the Congo,2021,"800,000.00",HEALTH
Democratic Republic of the Congo,2021,"7,200,000.00",HEALTH
Democratic Republic of the Congo,2021,"27,906,976.74",HEALTH
Democratic Republic of the Congo,2021,"17,000,000.00",HEALTH
Djibouti,2021,"3,600,000.00",HEALTH
Djibouti,2021,"19,800,000.00",HEALTH
Dominica,2021,"30,000,000.00",HEALTH
Dominica,2021,"360,000.00",HEALTH
Dominica,2021,"283,711.85",HEALTH
Dominica,2021,"86,800.00",HEALTH
Dominica,2021,"1,600,000.00",HEALTH
Dominica,2021,"360,000.00",HEALTH
Dominican Republic,2021,"18,900,000.00",HEALTH
Dominican Republic,2021,"18,000,000.00",HEALTH
Dominican Republic,2021,"33,300.00",HEALTH
Dominican Republic,2021,"100,000.00",HEALTH
Dominican Republic,2021,"310,000.00",HEALTH
Dominican Republic,2021,"31,007,751.94",HEALTH
Dominican Republic,2021,"218,690.00",HEALTH
Ecuador,2021,"3,600,000.00",HEALTH
Ecuador,2021,"9,000,000.00",HEALTH
Ecuador,2021,"7,570.00",HEALTH
Egypt,2021,"2,790,697,674.42",HEALTH
Egypt,2021,"5,400,000.00",HEALTH
Egypt,2021,"36,000,000.00",HEALTH
Egypt,2021,"5,400,000.00",HEALTH
Egypt,2021,"33,000,000.00",HEALTH
Egypt,2021,"250,000,000.00",HEALTH
Egypt,2021,"600,000,000.00",HEALTH
Egypt,2021,"45,454,545.45",HEALTH
El Salvador,2021,"42,500,000.00",HEALTH
El Salvador,2021,"2,700,000.00",HEALTH
El Salvador,2021,"10,800,000.00",HEALTH
El Salvador,2021,"105,000.00",HEALTH
El Salvador,2021,"529,200.00",HEALTH
Equatorial Guinea,2021,"360,000.00",HEALTH
Equatorial Guinea,2021,"1,800,000.00",HEALTH
Equatorial Guinea,2021,"15,503,875.97",HEALTH
Equatorial Guinea,2021,"27,049.93",HEALTH
Equatorial Guinea,2021,"27,049.93",HEALTH
Equatorial Guinea,2021,"3,600,000.00",HEALTH
Equatorial Guinea,2021,"6,439,074.35",HEALTH
Ethiopia,2021,"48,062,015.50",HEALTH
Ethiopia,2021,"5,400,000.00",HEALTH
Ethiopia,2021,"1,800,000.00",HEALTH
Ethiopia,2021,"3,600,000.00",HEALTH
Ethiopia,2021,"5,400,000.00",HEALTH
Ethiopia,2021,"14,400,000.00",HEALTH
Ethiopia,2021,"36,000,000.00",HEALTH
Ethiopia,2021,"501,939.31",HEALTH
Ethiopia,2021,"200,860.68",HEALTH
Ethiopia,2021,"2,000,000.00",HEALTH
"Europe, regional",2021,"50,000,000.00",HEALTH
Fiji,2021,"12,558.44",HEALTH
Fiji,2021,"3,604.91",HEALTH
Fiji,2021,"730,357.32",HEALTH
Fiji,2021,"500,000.00",HEALTH
Fiji,2021,"225,004.15",HEALTH
Fiji,2021,"147,574.37",HEALTH
Fiji,2021,"85,000.00",HEALTH
Gabon,2021,"11,764,705.88",HEALTH
Gabon,2021,"1,800,000.00",HEALTH
Gabon,2021,"5,400,000.00",HEALTH
Gabon,2021,"5,400,000.00",HEALTH
Gabon,2021,"1,800,000.00",HEALTH
Gambia,2021,"597,302.50",HEALTH
Gambia,2021,"44,315.99",HEALTH
Gambia,2021,"5,103,953.60",HEALTH
Gambia,2021,"3,600,000.00",HEALTH
Gambia,2021,"78,750.00",HEALTH
Ghana,2021,"53,571,428.00",HEALTH
Ghana,2021,"53,571,428.00",HEALTH
Ghana,2021,"1,000,000.00",HEALTH
Ghana,2021,"8,445.95",HEALTH
Grenada,2021,"22,222.22",HEALTH
Grenada,2021,"17,777.78",HEALTH
Grenada,2021,"765,722.50",HEALTH
Grenada,2021,"10,392.00",HEALTH
Grenada,2021,"12,000.00",HEALTH
Guinea,2021,"3,600,000.00",HEALTH
Guinea,2021,"1,800,000.00",HEALTH
Guinea,2021,"3,600,000.00",HEALTH
Guinea,2021,"23,255,813.95",HEALTH
Guinea-Bissau,2021,"3,600,000.00",HEALTH
Guinea-Bissau,2021,"7,500,000.00",HEALTH
Guinea-Bissau,2021,"1,800,000.00",HEALTH
Guinea-Bissau,2021,"1,800,000.00",HEALTH
Guyana,2021,"360,000.00",HEALTH
Guyana,2021,"47,961.63",HEALTH
Guyana,2021,"33,573.14",HEALTH
Guyana,2021,"6,714.63",HEALTH
Guyana,2021,"95,923.26",HEALTH
Guyana,2021,"47,961.63",HEALTH
Guyana,2021,"125,000,000.00",HEALTH
Guyana,2021,"85,000,000.00",HEALTH
Indonesia,2021,"465,116.28",HEALTH
Indonesia,2021,"18,000,000.00",HEALTH
Indonesia,2021,"18,000,000.00",HEALTH
Indonesia,2021,"36,000,000.00",HEALTH
Indonesia,2021,"90,000,000.00",HEALTH
Indonesia,2021,"90,000,000.00",HEALTH
Indonesia,2021,"126,666,666.00",HEALTH
Indonesia,2021,"126,666,666.00",HEALTH
Indonesia,2021,"126,666,666.00",HEALTH
Indonesia,2021,"126,666,666.00",HEALTH
Indonesia,2021,"3,475,208.80",HEALTH
Indonesia,2021,"3,800.00",HEALTH
Iran,2021,"4,500,000.00",HEALTH
Iran,2021,"12,600,000.00",HEALTH
Iran,2021,"27,900,000.00",HEALTH
Iran,2021,"800,000.00",HEALTH
Iraq,2021,"3,600,000.00",HEALTH
Iraq,2021,"9,000,000.00",HEALTH
Iraq,2021,"900,000.00",HEALTH
Iraq,2021,"18,000,000.00",HEALTH
Iraq,2021,"900,000.00",HEALTH
Iraq,2021,"45,000,000.00",HEALTH
Iraq,2021,"400,000,000.00",HEALTH
Iraq,2021,"1,615,000,000.00",HEALTH
Iraq,2021,"311,950,000.00",HEALTH
Jamaica,2021,"1,800,000.00",HEALTH
Jamaica,2021,"136,216.59",HEALTH
Jamaica,2021,"13,938.67",HEALTH
Jordan,2021,"9,000,000.00",HEALTH
Jordan,2021,"3,600,000.00",HEALTH
Kazakhstan,2021,"217,000,000.00",HEALTH
Kazakhstan,2021,"420,000,000.00",HEALTH
Kenya,2021,"18,241,517.69",HEALTH
Kenya,2021,"3,600,000.00",HEALTH
Kenya,2021,"3,500.00",HEALTH
Kenya,2021,"465,158,701.20",HEALTH
Kenya,2021,"700,000.00",HEALTH
Kiribati,2021,"1,087,200.00",HEALTH
Kiribati,2021,"17,532,549.04",HEALTH
Kiribati,2021,"300,751.88",HEALTH
Kiribati,2021,"375,939.85",HEALTH
Kiribati,2021,"751,879.70",HEALTH
Kiribati,2021,"3,572,932.33",HEALTH
Kiribati,2021,"5,067,368.42",HEALTH
Kiribati,2021,"2,800,000.00",HEALTH
Kiribati,2021,"86,466.17",HEALTH
Kiribati,2021,902.26,HEALTH
Kiribati,2021,751.88,HEALTH
Kiribati,2021,"301,424.06",HEALTH
Kiribati,2021,"1,541,353.38",HEALTH
Kiribati,2021,"3,413,533.83",HEALTH
Kiribati,2021,"526,315.79",HEALTH
Kiribati,2021,"127,819.55",HEALTH
Kiribati,2021,"6,015.04",HEALTH
Kiribati,2021,"2,030.08",HEALTH
Kiribati,2021,"361,403.01",HEALTH
Kiribati,2021,"1,061,733.83",HEALTH
Kiribati,2021,"293,257.14",HEALTH
Kiribati,2021,"187,969.92",HEALTH
Kiribati,2021,"7,273,630.83",HEALTH
Kyrgyz Republic,2021,"2,700,000.00",HEALTH
Kyrgyz Republic,2021,"745,385.71",HEALTH
Kyrgyz Republic,2021,"2,700,000.00",HEALTH
Kyrgyz Republic,2021,"30,761.95",HEALTH
Kyrgyz Republic,2021,"27,000,000.00",HEALTH
Kyrgyz Republic,2021,"57,209.30",HEALTH
Kyrgyz Republic,2021,"45,201,600.00",HEALTH
Kyrgyz Republic,2021,"9,000,000.00",HEALTH
Kyrgyz Republic,2021,"54,263,565.89",HEALTH
Kyrgyz Republic,2021,"100,775,193.80",HEALTH
Lao People's Democratic Republic,2021,"296,297,700.97",HEALTH
Lao People's Democratic Republic,2021,"5,400,000.00",HEALTH
Lao People's Democratic Republic,2021,"5,400,000.00",HEALTH
Lao People's Democratic Republic,2021,"18,000,000.00",HEALTH
Lao People's Democratic Republic,2021,"18,000,000.00",HEALTH
Lao People's Democratic Republic,2021,"9,000,000.00",HEALTH
Lao People's Democratic Republic,2021,"34,200,000.00",HEALTH
Lao People's Democratic Republic,2021,"14,400,000.00",HEALTH
Lao People's Democratic Republic,2021,"9,000,000.00",HEALTH
Lao People's Democratic Republic,2021,"7,200,000.00",HEALTH
Lao People's Democratic Republic,2021,"334,000.00",HEALTH
Lao People's Democratic Republic,2021,"100,775.19",HEALTH
Lao People's Democratic Republic,2021,"3,920,069.40",HEALTH
Lao People's Democratic Republic,2021,"196,676.91",HEALTH
Lao People's Democratic Republic,2021,"624,050.00",HEALTH
Lebanon,2021,"5,400,000.00",HEALTH
Lebanon,2021,"900,000.00",HEALTH
Lebanon,2021,"720,000.00",HEALTH
Lebanon,2021,"22,000.00",HEALTH
Lesotho,2021,"3,660,120.00",HEALTH
Lesotho,2021,"500,000.00",HEALTH
Liberia,2021,"38,759.69",HEALTH
Liberia,2021,"6,555,550.39",HEALTH
Liberia,2021,"4,837,384.00",HEALTH
Liberia,2021,"23,000.00",HEALTH
Liberia,2021,"2,000,000.00",HEALTH
Liberia,2021,"23,255,813.95",HEALTH
Liberia,2021,"38,759.69",HEALTH
Liberia,2021,"2,768.40",HEALTH
Madagascar,2021,"77,945.16",HEALTH
Madagascar,2021,"133,333.33",HEALTH
Madagascar,2021,"5,400,000.00",HEALTH
Madagascar,2021,"13,953,488.37",HEALTH
Madagascar,2021,"108,527.13",HEALTH
Malawi,2021,"66,000,000.00",HEALTH
Malawi,2021,"30,000,000.00",HEALTH
Malawi,2021,"250,425.72",HEALTH
Malawi,2021,"50,085.14",HEALTH
Malawi,2021,"250,425.72",HEALTH
Malawi,2021,"235,400.18",HEALTH
Malawi,2021,"250,425.72",HEALTH
Malawi,2021,"30,051.09",HEALTH
Malaysia,2021,"1,016,812,036.74",HEALTH
Malaysia,2021,"24,154.59",HEALTH
Malaysia,2021,"15,200.00",HEALTH
Malaysia,2021,"9,000,000.00",HEALTH
Malaysia,2021,"18,000,000.00",HEALTH
Malaysia,2021,"36,000,000.00",HEALTH
Malaysia,2021,"33,066.00",HEALTH
Malaysia,2021,"67,134.00",HEALTH
Malaysia,2021,"126,920.00",HEALTH
Malaysia,2021,"15,984.00",HEALTH
Maldives,2021,"1,800,000.00",HEALTH
Maldives,2021,"1,302,083.33",HEALTH
Maldives,2021,"1,800,000.00",HEALTH
Maldives,2021,"7,200,000.00",HEALTH
Maldives,2021,"375,875.00",HEALTH
Mali,2021,"227,219.45",HEALTH
Mali,2021,"173,600.00",HEALTH
Mali,2021,"15,033,600.00",HEALTH
Marshall Islands,2021,"90,428,571.00",HEALTH
Marshall Islands,2021,"79,000,000.00",HEALTH
Mauritania,2021,"15,137,085.14",HEALTH
Mauritania,2021,"900,000.00",HEALTH
Mauritania,2021,"18,000,000.00",HEALTH
Mauritania,2021,"3,600,000.00",HEALTH
Mauritania,2021,"5,040,000.00",HEALTH
Mauritania,2021,"9,192,248.06",HEALTH
Mauritius,2021,"1,800,000.00",HEALTH
Mauritius,2021,"4,961,240.31",HEALTH
Mauritius,2021,"52,631,579.00",HEALTH
Mexico,2021,"142,857,142.86",HEALTH
Mexico,2021,"142,857,142.86",HEALTH
Mexico,2021,"87,500,000.00",HEALTH
Micronesia,2021,"150,000.00",HEALTH
Micronesia,2021,"25,000,000.00",HEALTH
Moldova,2021,"2,700,000.00",HEALTH
Mongolia,2021,"1,860,465,116.28",HEALTH
Mongolia,2021,"5,400,000.00",HEALTH
Mongolia,2021,"1,800,000.00",HEALTH
Montenegro,2021,"540,000.00",HEALTH
Morocco,2021,"22,271.71",HEALTH
Morocco,2021,"9,000,000.00",HEALTH
Mozambique,2021,"3,600,000.00",HEALTH
Mozambique,2021,"3,600,000.00",HEALTH
Mozambique,2021,"18,000,000.00",HEALTH
Mozambique,2021,"1,080,000.00",HEALTH
Mozambique,2021,"37,922,480.62",HEALTH
Mozambique,2021,"1,700,000.00",HEALTH
Mozambique,2021,"130,380.00",HEALTH
Mozambique,2021,"738,822.00",HEALTH
Multi-Region,2021,"450,000.00",HEALTH
Multi-Region,2021,"27,000.00",HEALTH
Myanmar,2021,"126,000,000.00",HEALTH
Myanmar,2021,"38,759.69",HEALTH
Myanmar,2021,"232,558.14",HEALTH
Myanmar,2021,"300,000.00",HEALTH
Myanmar,2021,"500,000.00",HEALTH
Myanmar,2021,"9,000,000.00",HEALTH
Myanmar,2021,"36,000,000.00",HEALTH
Myanmar,2021,"18,000,000.00",HEALTH
Myanmar,2021,"18,000,000.00",HEALTH
Myanmar,2021,"18,000,000.00",HEALTH
Myanmar,2021,"18,000,000.00",HEALTH
Myanmar,2021,"9,000,000.00",HEALTH
Myanmar,2021,"36,000,000.00",HEALTH
Myanmar,2021,"97,244.00",HEALTH
Myanmar,2021,"36,880.56",HEALTH
Myanmar,2021,"232,558.14",HEALTH
Myanmar,2021,"460,465.12",HEALTH
Myanmar,2021,"3,869.60",HEALTH
Myanmar,2021,"6,100,000.00",HEALTH
Myanmar,2021,"138,880.00",HEALTH
Myanmar,2021,"465,116.28",HEALTH
Myanmar,2021,"430,718.64",HEALTH
Myanmar,2021,"760,600.00",HEALTH
Myanmar,2021,"71,920.20",HEALTH
Namibia,2021,"67,659.00",HEALTH
Namibia,2021,"1,800,000.00",HEALTH
Namibia,2021,"33,829.50",HEALTH
Namibia,2021,"3,600,000.00",HEALTH
Namibia,2021,"62,015,503.88",HEALTH
Namibia,2021,"4,500,000.00",HEALTH
Nepal,2021,"14,400,000.00",HEALTH
Nepal,2021,"474,418.60",HEALTH
Nepal,2021,"266,447.40",HEALTH
Nepal,2021,"775,193.80",HEALTH
Nepal,2021,"3,600,000.00",HEALTH
Nepal,2021,"1,398.60",HEALTH
Nepal,2021,"28,800,000.00",HEALTH
Nepal,2021,"72,000,000.00",HEALTH
Nepal,2021,"14,400,000.00",HEALTH
Nepal,2021,"7,800,000.00",HEALTH
Nepal,2021,"907,112.00",HEALTH
Nepal,2021,"5,463,492.00",HEALTH
Nicaragua,2021,"3,600,000.00",HEALTH
Nicaragua,2021,"14,400,000.00",HEALTH
Niger,2021,"7,200,000.00",HEALTH
Niger,2021,"7,200,000.00",HEALTH
Niger,2021,"16,377,833.48",HEALTH
Nigeria,2021,"513,271,317.83",HEALTH
Nigeria,2021,"50,000,000.00",HEALTH
Nigeria,2021,"8,460,000.00",HEALTH
Nigeria,2021,"12,280.18",HEALTH
North Macedonia,2021,"29,581.25",HEALTH
North Macedonia,2021,"1,800,000.00",HEALTH
North Macedonia,2021,"3,600,000.00",HEALTH
North Macedonia,2021,"44,429.50",HEALTH
Oman,2021,"1,800,000.00",HEALTH
Pakistan,2021,"1,000,000,000.00",HEALTH
Pakistan,2021,"300,000,000.00",HEALTH
Pakistan,2021,"500,000,000.00",HEALTH
Pakistan,2021,"4,651,162,790.70",HEALTH
Pakistan,2021,"1,000,000,000.00",HEALTH
Pakistan,2021,"500,000,000.00",HEALTH
Pakistan,2021,"500,000,000.00",HEALTH
Pakistan,2021,"2,000,000,000.00",HEALTH
Pakistan,2021,"385,000,000.00",HEALTH
Pakistan,2021,"9,205.28",HEALTH
Pakistan,2021,"385,000,000.00",HEALTH
Pakistan,2021,"385,000,000.00",HEALTH
Pakistan,2021,"385,000,000.00",HEALTH
Pakistan,2021,"9,000,000.00",HEALTH
Pakistan,2021,"9,000,000.00",HEALTH
Pakistan,2021,"9,000,000.00",HEALTH
Pakistan,2021,"3,600,000.00",HEALTH
Pakistan,2021,"9,000,000.00",HEALTH
Pakistan,2021,"36,000,000.00",HEALTH
Pakistan,2021,"9,000,000.00",HEALTH
Pakistan,2021,"3,255,813.95",HEALTH
Pakistan,2021,"166,400,000.00",HEALTH
Pakistan,2021,"534,500,000.00",HEALTH
Pakistan,2021,"400,000.00",HEALTH
Pakistan,2021,"800,000.00",HEALTH
Papua New Guinea,2021,"4,068,000.00",HEALTH
Papua New Guinea,2021,"77,364,341.09",HEALTH
Papua New Guinea,2021,"10,855.00",HEALTH
Papua New Guinea,2021,"85,470.09",HEALTH
Peru,2021,"18,000,000.00",HEALTH
Peru,2021,"222,222,222.00",HEALTH
Peru,2021,"111,111,111.00",HEALTH
Peru,2021,"18,000,000.00",HEALTH
Peru,2021,"312,034.20",HEALTH
Peru,2021,"198,870.38",HEALTH
Peru,2021,"1,380.00",HEALTH
Peru,2021,"4,346.00",HEALTH
Peru,2021,"214,791.24",HEALTH
Peru,2021,"434,386.49",HEALTH
Peru,2021,"414,000.00",HEALTH
Peru,2021,"15,290.00",HEALTH
Peru,2021,"4,215.72",HEALTH
Peru,2021,"1,535,019.56",HEALTH
Philippines,2021,"275,942,177.00",HEALTH
Philippines,2021,"100,000,000.00",HEALTH
Philippines,2021,"10,800,000.00",HEALTH
Philippines,2021,"18,000,000.00",HEALTH
Philippines,2021,"18,000,000.00",HEALTH
Philippines,2021,"16,237,061.09",HEALTH
Philippines,2021,"7,200,000.00",HEALTH
Philippines,2021,"13,305,600.00",HEALTH
Philippines,2021,"4,694,400.00",HEALTH
Philippines,2021,"18,000,000.00",HEALTH
Philippines,2021,"36,000,000.00",HEALTH
Philippines,2021,"162,370.61",HEALTH
Philippines,2021,"8,375.00",HEALTH
Philippines,2021,"23,380.00",HEALTH
Philippines,2021,"78,343.82",HEALTH
Philippines,2021,"34,503.75",HEALTH
Philippines,2021,"46,681.55",HEALTH
Philippines,2021,"121,777.96",HEALTH
Philippines,2021,"1,070,000.00",HEALTH
Philippines,2021,"77,519,379.84",HEALTH
Philippines,2021,"20,296.33",HEALTH
Philippines,2021,"46,681.55",HEALTH
Russia,2021,"2,941,176,470.59",HEALTH
Russia,2021,"1,000,000,000.00",HEALTH
Russia,2021,"920,000,000.00",HEALTH
Russia,2021,"920,000,000.00",HEALTH
Russia,2021,"920,000,000.00",HEALTH
Russia,2021,"920,000,000.00",HEALTH
Russia,2021,"920,000,000.00",HEALTH
Russia,2021,"3,120.00",HEALTH
Rwanda,2021,"62,015,503.88",HEALTH
Rwanda,2021,"6,201,550.39",HEALTH
Rwanda,2021,"5,400,000.00",HEALTH
Rwanda,2021,"3,600,000.00",HEALTH
Rwanda,2021,"52,890.52",HEALTH
Samoa,2021,"39,370.08",HEALTH
Samoa,2021,"200,000.00",HEALTH
Samoa,2021,"80,926.00",HEALTH
Samoa,2021,"196,850.39",HEALTH
Sao Tome and Principe,2021,"86,912.77",HEALTH
Sao Tome and Principe,2021,"1,800,000.00",HEALTH
Senegal,2021,"619,961,775.90",HEALTH
Senegal,2021,"8,823,529.41",HEALTH
Senegal,2021,"5,400,000.00",HEALTH
Senegal,2021,"9,000,000.00",HEALTH
Serbia,2021,"58,823,529.41",HEALTH
Serbia,2021,"158,000,000.00",HEALTH
Serbia,2021,"68,000,000.00",HEALTH
Serbia,2021,"3,600,000.00",HEALTH
Serbia,2021,"1,176,470.59",HEALTH
Serbia,2021,"9,000,000.00",HEALTH
Seychelles,2021,"450,000.00",HEALTH
Seychelles,2021,"6,146.28",HEALTH
Seychelles,2021,"4,732.64",HEALTH
Seychelles,2021,"6,000.00",HEALTH
Seychelles,2021,"20,000.00",HEALTH
Seychelles,2021,"11,000,000.00",HEALTH
Seychelles,2021,"155,038.76",HEALTH
Sierra Leone,2021,"3,600,000.00",HEALTH
Sierra Leone,2021,"2,000,000,000.00",HEALTH
Sierra Leone,2021,"2,000,000.00",HEALTH
Sierra Leone,2021,"45,150.15",HEALTH
Sierra Leone,2021,"3,600,000.00",HEALTH
Sierra Leone,2021,"4,381,200.00",HEALTH
Sierra Leone,2021,"36,434,108.53",HEALTH
Solomon Islands,2021,"21,400,000.00",HEALTH
Solomon Islands,2021,"900,000.00",HEALTH
Solomon Islands,2021,"900,000.00",HEALTH
Solomon Islands,2021,"11,264,080.10",HEALTH
Solomon Islands,2021,"2,628,402.88",HEALTH
Solomon Islands,2021,"91,897.87",HEALTH
Solomon Islands,2021,"283,555.57",HEALTH
Solomon Islands,2021,"150,000.00",HEALTH
Solomon Islands,2021,"100,000.00",HEALTH
Solomon Islands,2021,"1,501,877.35",HEALTH
Somalia,2021,"3,600,000.00",HEALTH
Somalia,2021,"9,000,000.00",HEALTH
Somalia,2021,"4,000,000.00",HEALTH
Somalia,2021,"700,000.00",HEALTH
South Africa,2021,"20,689,655.00",HEALTH
South Africa,2021,"20,689,655.00",HEALTH
South Africa,2021,"20,689,655.00",HEALTH
South Africa,2021,"27,272,727.00",HEALTH
South Africa,2021,"27,272,727.00",HEALTH
South Africa,2021,"27,272,727.00",HEALTH
South Africa,2021,"27,272,727.00",HEALTH
South Africa,2021,"7,713.13",HEALTH
South Africa,2021,"33,829.50",HEALTH
South Africa,2021,"95,607.80",HEALTH
South Africa,2021,"5,400,000.00",HEALTH
South Sudan,2021,"500,000.00",HEALTH
South Sudan,2021,"1,800,000.00",HEALTH
Sri Lanka,2021,"1,550,387,596.90",HEALTH
Sri Lanka,2021,"500,000,000.00",HEALTH
Sri Lanka,2021,"310,077,519.38",HEALTH
Sri Lanka,2021,"28,800,000.00",HEALTH
Sri Lanka,2021,"150,000.00",HEALTH
Sri Lanka,2021,"10,800,000.00",HEALTH
Sri Lanka,2021,"9,000,000.00",HEALTH
Sri Lanka,2021,"18,000,000.00",HEALTH
Sri Lanka,2021,"5,400,000.00",HEALTH
Sri Lanka,2021,"18,000,000.00",HEALTH
Sri Lanka,2021,"30,000.00",HEALTH
Sri Lanka,2021,"25,197.80",HEALTH
Sri Lanka,2021,"11,066.59",HEALTH
Sri Lanka,2021,"38,703,825.03",HEALTH
Sri Lanka,2021,"7,559.34",HEALTH
Sri Lanka,2021,"100,791.21",HEALTH
Sri Lanka,2021,"23,043.05",HEALTH
Sudan,2021,"4,500,000.00",HEALTH
Suriname,2021,"155,038,759.69",HEALTH
Suriname,2021,"1,800,000.00",HEALTH
Suriname,2021,"46,511.63",HEALTH
Syrian Arab Republic,2021,"2,700,000.00",HEALTH
Syrian Arab Republic,2021,"2,700,000.00",HEALTH
Syrian Arab Republic,2021,"2,700,000.00",HEALTH
Syrian Arab Republic,2021,"9,000,000.00",HEALTH
Tajikistan,2021,"124,031,007.75",HEALTH
Tajikistan,2021,"840,310.08",HEALTH
Tajikistan,2021,"5,400,000.00",HEALTH
Tajikistan,2021,"9,000,000.00",HEALTH
Tajikistan,2021,"9,000,000.00",HEALTH
Tajikistan,2021,"36,000,000.00",HEALTH
Tajikistan,2021,"20,000,000.00",HEALTH
Tajikistan,2021,"2,700,000.00",HEALTH
Tanzania,2021,"20,000,000.00",HEALTH
Tanzania,2021,"155,038.76",HEALTH
Tanzania,2021,"19,179,000.00",HEALTH
Tanzania,2021,"15,295,995.02",HEALTH
Tanzania,2021,"9,000,000.00",HEALTH
Tanzania,2021,"51,894.81",HEALTH
Tanzania,2021,"54,000,000.00",HEALTH
Tanzania,2021,"11,675.00",HEALTH
Tanzania,2021,"3,996.00",HEALTH
Tanzania,2021,"150,494.95",HEALTH
Tanzania,2021,"308,774.11",HEALTH
Tanzania,2021,"54,000,000.00",HEALTH
Thailand,2021,"2,390,000.00",HEALTH
Thailand,2021,"1,550,387.60",HEALTH
Thailand,2021,"1,236,100.00",HEALTH
Thailand,2021,"420,000.00",HEALTH
Thailand,2021,"400,000.00",HEALTH
Thailand,2021,"416,100.00",HEALTH
Thailand,2021,"340,000.00",HEALTH
Thailand,2021,"157,600.00",HEALTH
Thailand,2021,"184,900.00",HEALTH
Thailand,2021,"479,000.00",HEALTH
Thailand,2021,"9,000,000.00",HEALTH
Thailand,2021,"9,000,000.00",HEALTH
Thailand,2021,"27,000,000.00",HEALTH
Thailand,2021,"3,600,000.00",HEALTH
Timor-Leste,2021,"1,800,000.00",HEALTH
Timor-Leste,2021,"13,320.00",HEALTH
Timor-Leste,2021,"21,645.00",HEALTH
Timor-Leste,2021,"6,000.00",HEALTH
Timor-Leste,2021,"111,602.12",HEALTH
Timor-Leste,2021,"20,000.00",HEALTH
Timor-Leste,2021,"58,020.00",HEALTH
Timor-Leste,2021,"100,000.00",HEALTH
Timor-Leste,2021,"20,000.00",HEALTH
Timor-Leste,2021,"1,000,000.00",HEALTH
Togo,2021,"3,600,000.00",HEALTH
Togo,2021,"3,600,000.00",HEALTH
Togo,2021,"12,636,000.00",HEALTH
Togo,2021,"12,636,000.00",HEALTH
Tonga,2021,"13,488,372.09",HEALTH
Tonga,2021,"10,852,713.18",HEALTH
Trinidad and Tobago,2021,"1,800,000.00",HEALTH
Trinidad and Tobago,2021,"205,882,352.94",HEALTH
Trinidad and Tobago,2021,"77,519.38",HEALTH
Trinidad and Tobago,2021,"204,000,000.00",HEALTH
Trinidad and Tobago,2021,"77,000.00",HEALTH
Tunisia,2021,"3,600,000.00",HEALTH
Turkey,2021,"5,426,356,589.15",HEALTH
Turkey,2021,"106,508,928.57",HEALTH
Turkey,2021,"70,000,000.00",HEALTH
Turkey,2021,"77,519,379.84",HEALTH
Turkey,2021,"130,000,000.00",HEALTH
Turkey,2021,"200,000,000.00",HEALTH
Turkey,2021,"320,000,000.00",HEALTH
Turkey,2021,"77,519,379.84",HEALTH
Turkey,2021,"84,807,842.35",HEALTH
Turkey,2021,"23,529,411.76",HEALTH
Turkey,2021,"1,198,302,550.00",HEALTH
Turkey,2021,"174,333,333.00",HEALTH
Turkey,2021,"30,000,000.00",HEALTH
Turkey,2021,"70,588,235.29",HEALTH
Turkey,2021,"48,823,529.41",HEALTH
Turkey,2021,"41,176,470.59",HEALTH
Turkey,2021,"19,379,844.96",HEALTH
Turkey,2021,"542,635,658.91",HEALTH
Uganda,2021,"5,400,000.00",HEALTH
Uganda,2021,"2,000,000.00",HEALTH
Uganda,2021,"44,586.50",HEALTH
Uganda,2021,"5,000,000.00",HEALTH
Uganda,2021,"10,800,000.00",HEALTH
Uganda,2021,"12,600,000.00",HEALTH
Uganda,2021,"113,259,804.52",HEALTH
Uganda,2021,"700,000.00",HEALTH
Uruguay,2021,"20,000,000.00",HEALTH
Uruguay,2021,"3,000,000.00",HEALTH
Uzbekistan,2021,"127,500,000.00",HEALTH
Uzbekistan,2021,"300,000,000.00",HEALTH
Uzbekistan,2021,"30,575,000.00",HEALTH
Uzbekistan,2021,"200,000,000.00",HEALTH
Vanuatu,2021,"360,000.00",HEALTH
Vanuatu,2021,"1,440,000.00",HEALTH
Vanuatu,2021,"1,800,000.00",HEALTH
Vanuatu,2021,"501,093.29",HEALTH
Vanuatu,2021,"11,844,023.32",HEALTH
Vanuatu,2021,"40,041,909.62",HEALTH
Vanuatu,2021,"23,105,867.35",HEALTH
Vanuatu,2021,"46,135.40",HEALTH
Vanuatu,2021,"250,000.00",HEALTH
Venezuela,2021,"9,000,000.00",HEALTH
Venezuela,2021,"741,500.00",HEALTH
Venezuela,2021,"4,687,200.00",HEALTH
Venezuela,2021,"1,625,329.14",HEALTH
Viet Nam,2021,"294,573.64",HEALTH
Viet Nam,2021,"9,000,000.00",HEALTH
Viet Nam,2021,"9,700,000.00",HEALTH
Viet Nam,2021,"3,600,000.00",HEALTH
Viet Nam,2021,"8,719.45",HEALTH
Viet Nam,2021,"36,000,000.00",HEALTH
Viet Nam,2021,152.59,HEALTH
Viet Nam,2021,"3,600,000.00",HEALTH
Viet Nam,2021,"9,697,674.42",HEALTH
Viet Nam,2021,"40,500,000.00",HEALTH
Viet Nam,2021,"10,000,000.00",HEALTH
Viet Nam,2021,"28,571,428.57",HEALTH
Viet Nam,2021,"13,000,000.00",HEALTH
Viet Nam,2021,"42,000,000.00",HEALTH
Viet Nam,2021,"18,750,000.00",HEALTH
West Bank and Gaza Strip,2021,"1,800,000.00",HEALTH
West Bank and Gaza Strip,2021,"1,000,000.00",HEALTH
West Bank and Gaza Strip,2021,"966,894.80",HEALTH
West Bank and Gaza Strip,2021,"1,000,000.00",HEALTH
Zambia,2021,"6,680.00",HEALTH
Zambia,2021,"1,800,000.00",HEALTH
Zambia,2021,"18,000,000.00",HEALTH
Zambia,2021,"26,356,589.15",HEALTH
Zambia,2021,"10,020.00",HEALTH
Zimbabwe,2021,"92,850,000.00",HEALTH
Zimbabwe,2021,"3,600,000.00",HEALTH
Zimbabwe,2021,"3,600,000.00",HEALTH
Zimbabwe,2021,"1,800,000.00",HEALTH
Zimbabwe,2021,"9,000,000.00",HEALTH
Zimbabwe,2021,"18,000,000.00",HEALTH
Zimbabwe,2021,"2,300.00",HEALTH
Zimbabwe,2021,"1,240,000.00",HEALTH
Zimbabwe,2021,"1,619.76",HEALTH
Zimbabwe,2021,"9,900.00",HEALTH
Zimbabwe,2021,"702,633.00",HEALTH
Afghanistan,2020,"34,413.77",HEALTH
Afghanistan,2020,"3,607,383.52",HEALTH
Afghanistan,2020,"1,116,837.00",HEALTH
Afghanistan,2020,"34,413.77",HEALTH
Afghanistan,2020,"34,413.77",HEALTH
Afghanistan,2020,"34,413.77",HEALTH
Afghanistan,2020,"7,817,859.02",HEALTH
"Africa, regional",2020,"223,367,400.48",HEALTH
"Africa, regional",2020,"84,460,798.31",HEALTH
"Africa, regional",2020,"6,345,664.79",HEALTH
Albania,2020,"163,058.20",HEALTH
Algeria,2020,"502,576.65",HEALTH
Algeria,2020,"3,170,030.15",HEALTH
Algeria,2020,"3,917,864.20",HEALTH
Algeria,2020,"16,186,043.51",HEALTH
"America, regional",2020,"27,920,925.06",HEALTH
"America, regional",2020,"173,053.89",HEALTH
Angola,2020,"521,381.13",HEALTH
Angola,2020,"55,841,850.12",HEALTH
Angola,2020,"8,934,696.02",HEALTH
Angola,2020,"193,104.12",HEALTH
Angola,2020,"14,327.90",HEALTH
Angola,2020,"22,336.74",HEALTH
Angola,2020,"1,022,113.59",HEALTH
Argentina,2020,"21,041,856,566.72",HEALTH
Argentina,2020,"5,433.41",HEALTH
Argentina,2020,"40,206.13",HEALTH
Argentina,2020,"1,116,837.00",HEALTH
Argentina,2020,"57,852.16",HEALTH
Argentina,2020,"97,450.73",HEALTH
Argentina,2020,"110,901.91",HEALTH
Argentina,2020,"20,103.07",HEALTH
Argentina,2020,"4,076.46",HEALTH
Argentina,2020,625.43,HEALTH
Argentina,2020,"373,069.40",HEALTH
Argentina,2020,"7,019.72",HEALTH
Argentina,2020,"30,322.93",HEALTH
Argentina,2020,"6,231.95",HEALTH
Argentina,2020,"15,412,824.87",HEALTH
Argentina,2020,"226,604,609.18",HEALTH
Argentina,2020,"121,282,024.04",HEALTH
Argentina,2020,"3,015.46",HEALTH
Argentina,2020,"3,350.51",HEALTH
Argentina,2020,"161,081.40",HEALTH
Argentina,2020,"7,019.72",HEALTH
Argentina,2020,"3,127.14",HEALTH
Argentina,2020,"1,340.20",HEALTH
Argentina,2020,"1,139.17",HEALTH
Argentina,2020,"51,936.49",HEALTH
Argentina,2020,"7,019.72",HEALTH
Argentina,2020,"16,752.56",HEALTH
Argentina,2020,"26,803.34",HEALTH
Argentina,2020,"26,803.34",HEALTH
Argentina,2020,"26,803.34",HEALTH
Argentina,2020,"57,512.64",HEALTH
Argentina,2020,"47,550,452.21",HEALTH
Argentina,2020,"11,017,259.97",HEALTH
Argentina,2020,"21,778.32",HEALTH
Argentina,2020,"23,453.58",HEALTH
Argentina,2020,"3,350.51",HEALTH
Argentina,2020,"12,564,416.28",HEALTH
Argentina,2020,"11,168.37",HEALTH
Argentina,2020,"6,589.34",HEALTH
Armenia,2020,"10,953.76",HEALTH
Armenia,2020,"122,852.07",HEALTH
Armenia,2020,"43,556.64",HEALTH
Armenia,2020,"7,817.86",HEALTH
"Asia, regional",2020,"59,611.18",HEALTH
"Asia, regional",2020,"558,418.50",HEALTH
"Asia, regional",2020,"1,116,837.00",HEALTH
Azerbaijan,2020,"54,334.12",HEALTH
Azerbaijan,2020,"266,260.42",HEALTH
Azerbaijan,2020,"625,250.03",HEALTH
Azerbaijan,2020,"23,453,577.05",HEALTH
Bahamas,2020,"10,866.82",HEALTH
Bangladesh,2020,"988,400,747.11",HEALTH
Bangladesh,2020,"766,787,897.57",HEALTH
Bangladesh,2020,"157,250.65",HEALTH
Bangladesh,2020,"50,916.60",HEALTH
Bangladesh,2020,"51,286.27",HEALTH
Bangladesh,2020,"26,285.88",HEALTH
Bangladesh,2020,"5,433.41",HEALTH
Bangladesh,2020,"1,563.57",HEALTH
Bangladesh,2020,"5,151.34",HEALTH
Bangladesh,2020,"988,400,747.11",HEALTH
Barbados,2020,"88,462.34",HEALTH
Barbados,2020,"34,901.16",HEALTH
Barbados,2020,"32,600.47",HEALTH
Barbados,2020,"23,453.58",HEALTH
Barbados,2020,"22,671.79",HEALTH
Belarus,2020,"21,733.65",HEALTH
Benin,2020,167.53,HEALTH
Benin,2020,"16,300.24",HEALTH
Benin,2020,"29,596.18",HEALTH
Benin,2020,"2,568.73",HEALTH
Benin,2020,"1,675.26",HEALTH
Benin,2020,"38,806.69",HEALTH
Benin,2020,"781,785.90",HEALTH
Benin,2020,"1,097,423.02",HEALTH
Bolivia,2020,"192,613.92",HEALTH
Bolivia,2020,"25,687.25",HEALTH
Bolivia,2020,"7,817.86",HEALTH
Bolivia,2020,"2,110.82",HEALTH
Bosnia and Herzegovina,2020,"235,545.39",HEALTH
Bosnia and Herzegovina,2020,"16,417.50",HEALTH
Bosnia and Herzegovina,2020,"18,986.23",HEALTH
Botswana,2020,"731,552.62",HEALTH
Botswana,2020,"193,547.85",HEALTH
Botswana,2020,"50,704.40",HEALTH
Botswana,2020,"2,525,022.79",HEALTH
Botswana,2020,"9,604.80",HEALTH
Brazil,2020,"55,841,850.12",HEALTH
Brazil,2020,"134,020.44",HEALTH
Brazil,2020,"39,089.30",HEALTH
Brazil,2020,"6,701.02",HEALTH
Brazil,2020,"33,505.11",HEALTH
Brazil,2020,"15,010.29",HEALTH
Brazil,2020,"24,525.74",HEALTH
Brazil,2020,"11,168.37",HEALTH
Brazil,2020,"7,829.03",HEALTH
Brazil,2020,"1,082.22",HEALTH
Brazil,2020,"19,479,715.16",HEALTH
Brazil,2020,"55,094,143.76",HEALTH
Brazil,2020,167.53,HEALTH
Brazil,2020,"7,829.03",HEALTH
Brazil,2020,"346,306.05",HEALTH
Brazil,2020,"29,596.18",HEALTH
Brazil,2020,"55,094,143.76",HEALTH
Brazil,2020,"70,145,254.48",HEALTH
Brunei Darussalam,2020,"3,560.93",HEALTH
Brunei Darussalam,2020,"80,930.22",HEALTH
Brunei Darussalam,2020,"79,072.06",HEALTH
Brunei Darussalam,2020,"23,453.58",HEALTH
Brunei Darussalam,2020,"48,558.13",HEALTH
Brunei Darussalam,2020,"7,817.86",HEALTH
Brunei Darussalam,2020,"11,726.79",HEALTH
Bulgaria,2020,"31,728,323.93",HEALTH
Bulgaria,2020,"95,184,971.79",HEALTH
Bulgaria,2020,"7,516.31",HEALTH
Burkina Faso,2020,"90,641,843.67",HEALTH
Burkina Faso,2020,"76,661,428.94",HEALTH
Burkina Faso,2020,"1,164,200.56",HEALTH
Burkina Faso,2020,"9,701.67",HEALTH
Burkina Faso,2020,"1,940.33",HEALTH
Burkina Faso,2020,"64,754,265.47",HEALTH
Burkina Faso,2020,"79,340.10",HEALTH
Burkina Faso,2020,"388,066.85",HEALTH
Burkina Faso,2020,"77,613.37",HEALTH
Burkina Faso,2020,"1,289,946.74",HEALTH
Burundi,2020,"11,672.08",HEALTH
Burundi,2020,"614,260.35",HEALTH
Burundi,2020,"46,688.31",HEALTH
Burundi,2020,"446,734.80",HEALTH
Burundi,2020,"23,087.25",HEALTH
Cabo Verde,2020,"58,633.94",HEALTH
Cambodia,2020,"670,102,201.43",HEALTH
Cambodia,2020,"22,336.74",HEALTH
Cambodia,2020,"18,427.81",HEALTH
Cambodia,2020,"3,908.93",HEALTH
Cambodia,2020,"893,469.60",HEALTH
Cambodia,2020,"8,069,594.08",HEALTH
Cambodia,2020,"161,860.44",HEALTH
Cambodia,2020,"216,892.98",HEALTH
Cambodia,2020,"1,116,837.00",HEALTH
Cambodia,2020,"125,078,596.51",HEALTH
Cambodia,2020,"141,148,429.09",HEALTH
Cambodia,2020,"87,284,373.33",HEALTH
Cambodia,2020,"145,188,810.31",HEALTH
Cambodia,2020,"153,767,413.37",HEALTH
Cambodia,2020,"156,357,180.33",HEALTH
Cambodia,2020,"178,046.48",HEALTH
Cambodia,2020,"26,357.35",HEALTH
Cambodia,2020,"893,469.60",HEALTH
Cameroon,2020,"568,035.99",HEALTH
Cameroon,2020,"165,939.64",HEALTH
Cameroon,2020,"425,514.90",HEALTH
Cameroon,2020,"5,055.92",HEALTH
Cameroon,2020,"1,130.04",HEALTH
Cameroon,2020,"17,199.29",HEALTH
Cameroon,2020,"319,184.99",HEALTH
Cameroon,2020,823.11,HEALTH
Cameroon,2020,"1,116,837.00",HEALTH
Cameroon,2020,"1,332,375.38",HEALTH
Cameroon,2020,"1,116,837.00",HEALTH
Cameroon,2020,"2,233,674.00",HEALTH
Central African Republic,2020,"970,167.13",HEALTH
Central African Republic,2020,"54,334.12",HEALTH
Central African Republic,2020,"6,164.94",HEALTH
Central African Republic,2020,"5,718.21",HEALTH
Central African Republic,2020,"1,552,267.42",HEALTH
Central African Republic,2020,"8,800.68",HEALTH
Central African Republic,2020,"3,185.22",HEALTH
Central African Republic,2020,"3,607.38",HEALTH
Central African Republic,2020,"1,101,871.39",HEALTH
Chad,2020,"83,434.37",HEALTH
Chad,2020,"1,005.15",HEALTH
Chad,2020,"3,224,364.71",HEALTH
Chad,2020,"1,675.26",HEALTH
Chad,2020,"1,005.15",HEALTH
Chad,2020,"223,367.40",HEALTH
Chile,2020,"13,066.99",HEALTH
Chile,2020,"33,505.11",HEALTH
Chile,2020,"49,140.83",HEALTH
Chile,2020,"3,127,143.61",HEALTH
Chile,2020,"78,178,590.17",HEALTH
Chile,2020,"40,206,132.09",HEALTH
Colombia,2020,"558,418.50",HEALTH
Colombia,2020,"2,649,137.37",HEALTH
Colombia,2020,"11,280.05",HEALTH
Colombia,2020,"100,515.33",HEALTH
Colombia,2020,"11,168.37",HEALTH
Colombia,2020,"13,824.21",HEALTH
Colombia,2020,"44,673.48",HEALTH
Colombia,2020,"111,683.70",HEALTH
Colombia,2020,"60,867.62",HEALTH
Colombia,2020,"10,051.53",HEALTH
Colombia,2020,"16,752.56",HEALTH
Colombia,2020,"13,402.04",HEALTH
Colombia,2020,"16,082.45",HEALTH
Colombia,2020,"26,804.09",HEALTH
Colombia,2020,"48,520,362.61",HEALTH
Colombia,2020,"48,520,362.61",HEALTH
Colombia,2020,"55,841,850.12",HEALTH
Colombia,2020,"55,841,850.12",HEALTH
Colombia,2020,"54,747.35",HEALTH
Colombia,2020,"6,701.02",HEALTH
Colombia,2020,"78,178.59",HEALTH
Colombia,2020,"55,841,850.12",HEALTH
Comoros,2020,"25,897.67",HEALTH
Comoros,2020,"113,302.30",HEALTH
Congo,2020,"50,816.08",HEALTH
Congo,2020,"14,457.45",HEALTH
Congo,2020,"158,925.91",HEALTH
Cook Islands,2020,"8,031.07",HEALTH
Cook Islands,2020,"134,729.70",HEALTH
Cook Islands,2020,"55,841.85",HEALTH
Cook Islands,2020,"59,945.14",HEALTH
Costa Rica,2020,"55,841,850.12",HEALTH
Costa Rica,2020,"27,167.06",HEALTH
Costa Rica,2020,"108,109.82",HEALTH
Costa Rica,2020,"149,656.16",HEALTH
Costa Rica,2020,"14,321.12",HEALTH
Costa Rica,2020,"4,467.35",HEALTH
Costa Rica,2020,"1,675.26",HEALTH
Cote d'Ivoire,2020,"65,971,365.18",HEALTH
Cote d'Ivoire,2020,"493,177,697.52",HEALTH
Cote d'Ivoire,2020,"143,451,827.94",HEALTH
Cote d'Ivoire,2020,"141,020,152.77",HEALTH
Cote d'Ivoire,2020,"222,735,773.16",HEALTH
Cote d'Ivoire,2020,"74,265.19",HEALTH
Cote d'Ivoire,2020,"11,720.09",HEALTH
Cote d'Ivoire,2020,"759,449.16",HEALTH
Cote d'Ivoire,2020,"543,293.60",HEALTH
Cote d'Ivoire,2020,"5,444.58",HEALTH
Cote d'Ivoire,2020,"1,803.69",HEALTH
Cote d'Ivoire,2020,"1,803.69",HEALTH
Cote d'Ivoire,2020,"1,300.00",HEALTH
Cote d'Ivoire,2020,"34,893.34",HEALTH
Cote d'Ivoire,2020,"5,411.08",HEALTH
Cote d'Ivoire,2020,385.31,HEALTH
Cote d'Ivoire,2020,"16,492.84",HEALTH
Cote d'Ivoire,2020,"4,690.72",HEALTH
Cote d'Ivoire,2020,"58,633.94",HEALTH
Cote d'Ivoire,2020,"114,430,416.91",HEALTH
Cuba,2020,"30,154.60",HEALTH
Cuba,2020,"23,565.26",HEALTH
Cuba,2020,"1,086,682.40",HEALTH
Cuba,2020,"43,467.30",HEALTH
Democratic People's Republic of Korea,2020,"127,500,345.87",HEALTH
Democratic People's Republic of Korea,2020,"115,130,259.23",HEALTH
Democratic People's Republic of Korea,2020,"354,037,329.76",HEALTH
Democratic Republic of the Congo,2020,"169,953,456.89",HEALTH
Democratic Republic of the Congo,2020,"18,148.60",HEALTH
Democratic Republic of the Congo,2020,"1,442,506.67",HEALTH
Democratic Republic of the Congo,2020,"1,116,837.00",HEALTH
Djibouti,2020,"390,892.95",HEALTH
Dominica,2020,"475,504.52",HEALTH
Dominica,2020,"92,859.33",HEALTH
Dominica,2020,"365,612.31",HEALTH
Dominican Republic,2020,"1,005,153.30",HEALTH
Dominican Republic,2020,"19,714.69",HEALTH
Dominican Republic,2020,"781,785.90",HEALTH
Dominican Republic,2020,"318,298.55",HEALTH
Ecuador,2020,"93,814.31",HEALTH
Ecuador,2020,"33,728.48",HEALTH
Ecuador,2020,"65,216.58",HEALTH
Ecuador,2020,"183,161.27",HEALTH
Ecuador,2020,"6,008.58",HEALTH
Ecuador,2020,"59,920,499.23",HEALTH
Ecuador,2020,"100,515.33",HEALTH
Ecuador,2020,"323,720.87",HEALTH
Ecuador,2020,"31,005.63",HEALTH
Ecuador,2020,"357,132.17",HEALTH
Ecuador,2020,"12,508.57",HEALTH
Ecuador,2020,"12,508.57",HEALTH
Ecuador,2020,"6,254.29",HEALTH
Ecuador,2020,"12,508.57",HEALTH
Ecuador,2020,"6,254.29",HEALTH
Ecuador,2020,"15,970.77",HEALTH
Ecuador,2020,"289,260.78",HEALTH
Ecuador,2020,"15,635.72",HEALTH
Ecuador,2020,"5,211.91",HEALTH
Ecuador,2020,"39,089.30",HEALTH
Ecuador,2020,"22,448.42",HEALTH
Ecuador,2020,"1,005.15",HEALTH
Ecuador,2020,"6,701.02",HEALTH
Ecuador,2020,851.03,HEALTH
Ecuador,2020,"10,051.53",HEALTH
Ecuador,2020,"23,320.67",HEALTH
Ecuador,2020,"3,350.51",HEALTH
Ecuador,2020,"57,437.33",HEALTH
Ecuador,2020,"5,584.19",HEALTH
Ecuador,2020,"1,105.67",HEALTH
Ecuador,2020,"6,030.92",HEALTH
Ecuador,2020,"111,683.70",HEALTH
Ecuador,2020,"99,621.86",HEALTH
Egypt,2020,"2,913,487,832.31",HEALTH
Egypt,2020,"90,798.85",HEALTH
Egypt,2020,"133,238.65",HEALTH
Egypt,2020,"83,762.78",HEALTH
Egypt,2020,"2,432.92",HEALTH
Egypt,2020,"36,297.20",HEALTH
Egypt,2020,"4,026,547.07",HEALTH
Egypt,2020,"918,335.30",HEALTH
Egypt,2020,"113,025.88",HEALTH
Egypt,2020,"543,084.33",HEALTH
El Salvador,2020,"13,960,462.53",HEALTH
El Salvador,2020,"13,960,462.53",HEALTH
El Salvador,2020,"22,336,740.05",HEALTH
El Salvador,2020,"156,037.93",HEALTH
El Salvador,2020,"111,683.70",HEALTH
El Salvador,2020,"1,005.15",HEALTH
El Salvador,2020,"3,350.51",HEALTH
El Salvador,2020,"17,981.08",HEALTH
El Salvador,2020,"279,209.25",HEALTH
El Salvador,2020,"247,379.40",HEALTH
El Salvador,2020,"2,233,674.00",HEALTH
El Salvador,2020,"6,701.02",HEALTH
El Salvador,2020,"16,752,555.04",HEALTH
Equatorial Guinea,2020,"2,010.31",HEALTH
Equatorial Guinea,2020,"7,036.07",HEALTH
Equatorial Guinea,2020,"2,233,674.00",HEALTH
Ethiopia,2020,"1,116,837.00",HEALTH
Ethiopia,2020,"234,228.64",HEALTH
Ethiopia,2020,"2,782,103.43",HEALTH
Ethiopia,2020,"113,866.93",HEALTH
Ethiopia,2020,"7,671,640.89",HEALTH
Ethiopia,2020,"173,350.68",HEALTH
Ethiopia,2020,"29,037.76",HEALTH
Ethiopia,2020,"80,930.22",HEALTH
Ethiopia,2020,"30,154.60",HEALTH
Ethiopia,2020,"244,630.78",HEALTH
Ethiopia,2020,"11,720.09",HEALTH
Ethiopia,2020,"15,982.21",HEALTH
Ethiopia,2020,"29,037.76",HEALTH
Ethiopia,2020,"244,630.78",HEALTH
Ethiopia,2020,"20,103.07",HEALTH
Ethiopia,2020,"58,957.83",HEALTH
Ethiopia,2020,"2,233,674.00",HEALTH
Ethiopia,2020,"130,223.19",HEALTH
Ethiopia,2020,"38,853.64",HEALTH
Fiji,2020,"133,886.42",HEALTH
Fiji,2020,"1,005,153.30",HEALTH
Fiji,2020,"216,162.00",HEALTH
Fiji,2020,"159,548.14",HEALTH
Fiji,2020,"67,010.22",HEALTH
Fiji,2020,"113,227.71",HEALTH
Fiji,2020,"5,146.71",HEALTH
Fiji,2020,"335,051.10",HEALTH
Fiji,2020,"223,367.40",HEALTH
Fiji,2020,"11,168.37",HEALTH
Fiji,2020,"46,320.43",HEALTH
Gabon,2020,"56,906,652.67",HEALTH
Gabon,2020,"72,147.67",HEALTH
Gambia,2020,"9,282.03",HEALTH
Gambia,2020,"43,237.98",HEALTH
Gambia,2020,"58,633.94",HEALTH
Gambia,2020,"216,189.90",HEALTH
Georgia,2020,"469,071.54",HEALTH
Georgia,2020,"652,009.44",HEALTH
Ghana,2020,"53,259,175.94",HEALTH
Ghana,2020,"178,712,050.07",HEALTH
Ghana,2020,"53,259,175.94",HEALTH
Ghana,2020,"111,683.70",HEALTH
Ghana,2020,"4,690.72",HEALTH
Ghana,2020,"2,345.36",HEALTH
Ghana,2020,"93,394.04",HEALTH
Ghana,2020,"15,412.35",HEALTH
Ghana,2020,"13,619.96",HEALTH
Ghana,2020,"238,238.09",HEALTH
Ghana,2020,"10,127.48",HEALTH
Ghana,2020,"3,797.25",HEALTH
Ghana,2020,"223,367.40",HEALTH
Ghana,2020,"60,495,336.88",HEALTH
Ghana,2020,"99,398.49",HEALTH
Ghana,2020,"21,689,298.31",HEALTH
Ghana,2020,"60,495,336.88",HEALTH
Ghana,2020,"272,061,493.78",HEALTH
Ghana,2020,"244,017,716.65",HEALTH
Ghana,2020,"140,721,462.30",HEALTH
Ghana,2020,"43,556,643.09",HEALTH
Ghana,2020,"1,116,837.00",HEALTH
Grenada,2020,"496,372.00",HEALTH
Grenada,2020,"85,996.45",HEALTH
Grenada,2020,"341,400.32",HEALTH
Grenada,2020,"110,879.58",HEALTH
Grenada,2020,"23,577.67",HEALTH
Grenada,2020,"620,465.00",HEALTH
Grenada,2020,"3,350.51",HEALTH
Grenada,2020,"8,272.87",HEALTH
Guinea,2020,"551,270.74",HEALTH
Guinea,2020,"926,974,711.98",HEALTH
Guinea-Bissau,2020,"277,087.26",HEALTH
Guinea-Bissau,2020,"54,613.33",HEALTH
Guinea-Bissau,2020,"2,635.74",HEALTH
Guyana,2020,"5,892.19",HEALTH
Guyana,2020,"10,051.53",HEALTH
Guyana,2020,"11,112.53",HEALTH
Guyana,2020,"5,584,185.01",HEALTH
Guyana,2020,"14,126.37",HEALTH
Guyana,2020,"92,132.36",HEALTH
Guyana,2020,"32,246,324.96",HEALTH
Guyana,2020,"33,505,110.07",HEALTH
Honduras,2020,"35,973,319.85",HEALTH
India,2020,"101,530,636.58",HEALTH
Indonesia,2020,"2,108,588.26",HEALTH
Indonesia,2020,"202,325.54",HEALTH
Indonesia,2020,"10,822.15",HEALTH
Indonesia,2020,"181,486,012.89",HEALTH
Indonesia,2020,"1,675,255.50",HEALTH
Indonesia,2020,"323,720,870.26",HEALTH
Indonesia,2020,"41,881,387.59",HEALTH
Indonesia,2020,"223,367,400.48",HEALTH
Indonesia,2020,"87,404,634.97",HEALTH
Indonesia,2020,"424,398,060.91",HEALTH
Indonesia,2020,"22,336,740.05",HEALTH
Indonesia,2020,"167,525,550.36",HEALTH
Indonesia,2020,"144,071,973.31",HEALTH
Indonesia,2020,"36,855,621.08",HEALTH
Indonesia,2020,"22,336,740.05",HEALTH
Indonesia,2020,"96,047,982.21",HEALTH
Indonesia,2020,"24,570,414.05",HEALTH
Indonesia,2020,"55,841,850.12",HEALTH
Indonesia,2020,"55,841,850.12",HEALTH
Indonesia,2020,"20,259,423.22",HEALTH
Indonesia,2020,"25,086,528.16",HEALTH
Indonesia,2020,"25,086,528.16",HEALTH
Indonesia,2020,"10,051,533.02",HEALTH
Indonesia,2020,"41,881,387.59",HEALTH
Iran,2020,"195,446.48",HEALTH
Iran,2020,"54,334.12",HEALTH
Iran,2020,"32,946.69",HEALTH
Iran,2020,"117,267.89",HEALTH
Iraq,2020,"1,261,760,467.14",HEALTH
Israel,2020,"84,976,728.44",HEALTH
Israel,2020,"55,032,547.94",HEALTH
Jamaica,2020,"125,448.72",HEALTH
Jamaica,2020,"7,182.07",HEALTH
Jamaica,2020,"3,926.99",HEALTH
Jamaica,2020,"2,680.41",HEALTH
Jordan,2020,"1,066,132.60",HEALTH
Jordan,2020,"111,683.70",HEALTH
Kazakhstan,2020,"1,116,837.00",HEALTH
Kazakhstan,2020,"14,853,932.13",HEALTH
Kazakhstan,2020,"41,146,626.11",HEALTH
Kazakhstan,2020,"41,146,626.11",HEALTH
Kazakhstan,2020,"111,683,700.24",HEALTH
Kazakhstan,2020,"31,271.44",HEALTH
Kazakhstan,2020,"1,427,317.69",HEALTH
Kazakhstan,2020,"1,172.68",HEALTH
Kazakhstan,2020,"4,049,738.93",HEALTH
Kazakhstan,2020,"583,801,160.34",HEALTH
Kazakhstan,2020,"12,149,216.79",HEALTH
Kazakhstan,2020,"58,780,893.80",HEALTH
Kazakhstan,2020,"58,780,893.80",HEALTH
Kenya,2020,"29,757.83",HEALTH
Kenya,2020,"39,533,491.62",HEALTH
Kenya,2020,"838,859.83",HEALTH
Kenya,2020,167.53,HEALTH
Kenya,2020,"558,418.50",HEALTH
Kiribati,2020,"4,752,334.00",HEALTH
Kiribati,2020,385.12,HEALTH
Kiribati,2020,"390,892.95",HEALTH
Kiribati,2020,"308,092.97",HEALTH
Kiribati,2020,"1,578,976.45",HEALTH
Kiribati,2020,"77,023.24",HEALTH
Kiribati,2020,"1,733.02",HEALTH
Kiribati,2020,"385,116.21",HEALTH
Kiribati,2020,"562,269.66",HEALTH
Kiribati,2020,"1,578,976.45",HEALTH
Kiribati,2020,"130,939.51",HEALTH
Kyrgyz Republic,2020,"228,203.30",HEALTH
Kyrgyz Republic,2020,"103,590.68",HEALTH
Kyrgyz Republic,2020,"223,367.40",HEALTH
Kyrgyz Republic,2020,"592,141.69",HEALTH
Kyrgyz Republic,2020,"1,667,437.64",HEALTH
Kyrgyz Republic,2020,"1,786.94",HEALTH
Kyrgyz Republic,2020,"11,168.37",HEALTH
Kyrgyz Republic,2020,"26,335.02",HEALTH
Kyrgyz Republic,2020,"10,051.53",HEALTH
Kyrgyz Republic,2020,"7,554,961.17",HEALTH
Lao People's Democratic Republic,2020,"317,321,552.29",HEALTH
Lao People's Democratic Republic,2020,"60,523.63",HEALTH
Lao People's Democratic Republic,2020,"513,745.02",HEALTH
Lao People's Democratic Republic,2020,"61,732.42",HEALTH
Lao People's Democratic Republic,2020,"135,512.53",HEALTH
Lao People's Democratic Republic,2020,"335,051.10",HEALTH
Lao People's Democratic Republic,2020,"74,455.80",HEALTH
Lao People's Democratic Republic,2020,"117,267.89",HEALTH
Lao People's Democratic Republic,2020,"342,998.16",HEALTH
Lao People's Democratic Republic,2020,"139,939.68",HEALTH
Lao People's Democratic Republic,2020,"2,792.09",HEALTH
Lao People's Democratic Republic,2020,"55,841,850.12",HEALTH
Lao People's Democratic Republic,2020,"40,206,132.09",HEALTH
Lebanon,2020,"16,186,043.51",HEALTH
Lebanon,2020,"8,093,021.76",HEALTH
Lebanon,2020,"233,530.62",HEALTH
Lebanon,2020,"1,116,837.00",HEALTH
Lebanon,2020,"35,079.85",HEALTH
Lebanon,2020,"38,184.66",HEALTH
Lebanon,2020,"111,683.70",HEALTH
Lesotho,2020,"77,935,799.51",HEALTH
Lesotho,2020,"67,769.24",HEALTH
Lesotho,2020,"1,611,763.32",HEALTH
Lesotho,2020,"135,538.47",HEALTH
Liberia,2020,"3,350,511.01",HEALTH
Liberia,2020,"58,633.94",HEALTH
Liberia,2020,178.69,HEALTH
Liberia,2020,"637,328.62",HEALTH
Liberia,2020,"1,116,837.00",HEALTH
Libya,2020,"176,030.06",HEALTH
Libya,2020,"4,022,995.42",HEALTH
Madagascar,2020,"54,708,616.65",HEALTH
Madagascar,2020,"89,083.04",HEALTH
Madagascar,2020,"283,676.60",HEALTH
Malawi,2020,"68,428,603.14",HEALTH
Malawi,2020,"112,169,281.54",HEALTH
Malawi,2020,"62,151.98",HEALTH
Malawi,2020,837.63,HEALTH
Malawi,2020,"1,675.26",HEALTH
Malawi,2020,"1,116,837.00",HEALTH
Malawi,2020,"30,114.79",HEALTH
Malawi,2020,"124,488.24",HEALTH
Malaysia,2020,"1,160,527,007.80",HEALTH
Malaysia,2020,"46,410.16",HEALTH
Malaysia,2020,"319,096.29",HEALTH
Malaysia,2020,"3,219,841.08",HEALTH
Malaysia,2020,"101,632.17",HEALTH
Malaysia,2020,"2,651,929.46",HEALTH
Malaysia,2020,"6,701.02",HEALTH
Malaysia,2020,"79,774.07",HEALTH
Malaysia,2020,"15,635.72",HEALTH
Malaysia,2020,"78,178.59",HEALTH
Malaysia,2020,"23,453.58",HEALTH
Malaysia,2020,"78,178.59",HEALTH
Malaysia,2020,"25,955.29",HEALTH
Malaysia,2020,"17,958.74",HEALTH
Malaysia,2020,"7,817.86",HEALTH
Malaysia,2020,"52,559.83",HEALTH
Malaysia,2020,"15,635.72",HEALTH
Malaysia,2020,"13,295.68",HEALTH
Malaysia,2020,"9,884.01",HEALTH
Malaysia,2020,"3,350.51",HEALTH
Malaysia,2020,"2,010.31",HEALTH
Malaysia,2020,"4,958.76",HEALTH
Malaysia,2020,"10,163.22",HEALTH
Malaysia,2020,"23,453.58",HEALTH
Malaysia,2020,"53,182.71",HEALTH
Malaysia,2020,"15,635.72",HEALTH
Malaysia,2020,"11,726.79",HEALTH
Malaysia,2020,"11,726.79",HEALTH
Malaysia,2020,"11,726.79",HEALTH
Malaysia,2020,"5,211.90",HEALTH
Malaysia,2020,"3,350.51",HEALTH
Malaysia,2020,"19,776.95",HEALTH
Malaysia,2020,"16,752.56",HEALTH
Malaysia,2020,"10,051.53",HEALTH
Malaysia,2020,"31,271.44",HEALTH
Malaysia,2020,"53,182.71",HEALTH
Malaysia,2020,"8,150.12",HEALTH
Malaysia,2020,"9,572.89",HEALTH
Malaysia,2020,"5,663.96",HEALTH
Malaysia,2020,"10,219.06",HEALTH
Malaysia,2020,"59,750.78",HEALTH
Malaysia,2020,"59,750.78",HEALTH
Malaysia,2020,"13,295.68",HEALTH
Malaysia,2020,"10,636.54",HEALTH
Malaysia,2020,"37,227.90",HEALTH
Malaysia,2020,"13,295.68",HEALTH
Malaysia,2020,"15,635.72",HEALTH
Malaysia,2020,"13,960.46",HEALTH
Malaysia,2020,"18,483.65",HEALTH
Malaysia,2020,"36,967.30",HEALTH
Malaysia,2020,"78,178.59",HEALTH
Malaysia,2020,"78,178.59",HEALTH
Malaysia,2020,"78,178.59",HEALTH
Malaysia,2020,"25,955.29",HEALTH
Malaysia,2020,"25,955.29",HEALTH
Malaysia,2020,"25,955.29",HEALTH
Malaysia,2020,"25,955.29",HEALTH
Malaysia,2020,"7,817.86",HEALTH
Malaysia,2020,"52,559.83",HEALTH
Malaysia,2020,"52,559.83",HEALTH
Malaysia,2020,"10,219.06",HEALTH
Malaysia,2020,"10,219.06",HEALTH
Malaysia,2020,"8,150.12",HEALTH
Malaysia,2020,"5,211.90",HEALTH
Malaysia,2020,"5,211.90",HEALTH
Malaysia,2020,"4,690.72",HEALTH
Maldives,2020,"124,527.33",HEALTH
Maldives,2020,"312,714.36",HEALTH
Mali,2020,"58,633.94",HEALTH
Mali,2020,"89,255.38",HEALTH
Marshall Islands,2020,"104,033,366.77",HEALTH
Marshall Islands,2020,"64,289,605.21",HEALTH
Marshall Islands,2020,"42,998,224.59",HEALTH
Marshall Islands,2020,"42,998,224.59",HEALTH
Mauritania,2020,"297,578.32",HEALTH
Mauritania,2020,"1,082.22",HEALTH
Mexico,2020,"5,137,450.21",HEALTH
Mexico,2020,"474,655.73",HEALTH
Mexico,2020,"15,635.72",HEALTH
Mexico,2020,"6,701.02",HEALTH
Mexico,2020,"22,336.74",HEALTH
Mexico,2020,"4,467.35",HEALTH
Mexico,2020,"8,657.72",HEALTH
Mexico,2020,"4,020.61",HEALTH
Mexico,2020,"39,089.30",HEALTH
Mexico,2020,"13,402.04",HEALTH
Mexico,2020,"5,192.18",HEALTH
Mexico,2020,502.58,HEALTH
Mexico,2020,"45,104,126.19",HEALTH
Mexico,2020,"22,336,740.05",HEALTH
Micronesia,2020,"111,683.70",HEALTH
Micronesia,2020,"22,336.74",HEALTH
Micronesia,2020,"55,841.85",HEALTH
Micronesia,2020,"11,168,370.02",HEALTH
Micronesia,2020,"2,233,674.00",HEALTH
Micronesia,2020,"5,584,185.01",HEALTH
Micronesia,2020,"11,168,370.02",HEALTH
Micronesia,2020,"55,841.85",HEALTH
Micronesia,2020,"31,271.44",HEALTH
Micronesia,2020,25.69,HEALTH
Micronesia,2020,"167,525.55",HEALTH
Micronesia,2020,"5,137.45",HEALTH
Micronesia,2020,"2,121.99",HEALTH
Moldova,2020,"16,300.24",HEALTH
Moldova,2020,"80,930.22",HEALTH
Mongolia,2020,"1,942,325,221.54",HEALTH
Mongolia,2020,"290,824.36",HEALTH
Mongolia,2020,43.24,HEALTH
Mongolia,2020,"201,030.66",HEALTH
Mongolia,2020,"69,276.88",HEALTH
Mongolia,2020,"134,344.16",HEALTH
Mongolia,2020,"81,245.42",HEALTH
Mongolia,2020,"161,860.44",HEALTH
Mongolia,2020,"411,125.51",HEALTH
Mongolia,2020,"40,206.13",HEALTH
Mongolia,2020,"4,020.61",HEALTH
Mongolia,2020,"14,567.44",HEALTH
Mongolia,2020,"3,237.21",HEALTH
Mongolia,2020,"3,237.21",HEALTH
Mongolia,2020,"14,567.44",HEALTH
Mongolia,2020,"12,463.25",HEALTH
Mongolia,2020,"34,719.06",HEALTH
Mongolia,2020,"2,233,674.00",HEALTH
Mongolia,2020,"50,407.70",HEALTH
Mongolia,2020,"97,116,261.08",HEALTH
Mongolia,2020,"89,346.96",HEALTH
Mongolia,2020,"278,734,162.65",HEALTH
Mongolia,2020,"302,774,511.35",HEALTH
Morocco,2020,"24,123.68",HEALTH
Morocco,2020,"1,174,045.86",HEALTH
Morocco,2020,"22,448.42",HEALTH
Morocco,2020,"841,452.54",HEALTH
Mozambique,2020,"3,350.51",HEALTH
Mozambique,2020,"119,501.56",HEALTH
Mozambique,2020,"19,061.84",HEALTH
Mozambique,2020,"33,505.11",HEALTH
Mozambique,2020,"5,411.08",HEALTH
Mozambique,2020,"14,429.53",HEALTH
Mozambique,2020,"4,942.00",HEALTH
Mozambique,2020,"147,422,484.32",HEALTH
Mozambique,2020,"175,901,827.88",HEALTH
Mozambique,2020,"69,580.06",HEALTH
Multi-Region,2020,"242,790,652.69",HEALTH
Multi-Region,2020,"7,900,000.14",HEALTH
Multi-Region,2020,"558,418.50",HEALTH
Multi-Region,2020,"55,841.85",HEALTH
Multi-Region,2020,"33,505.11",HEALTH
Multi-Region,2020,"2,676,413.88",HEALTH
Myanmar,2020,"647,441.74",HEALTH
Myanmar,2020,"164,733.46",HEALTH
Myanmar,2020,"303,132.46",HEALTH
Myanmar,2020,"160,735.18",HEALTH
Myanmar,2020,"158,501.51",HEALTH
Myanmar,2020,"475,504.52",HEALTH
Myanmar,2020,"16,167.06",HEALTH
Myanmar,2020,"475,504.52",HEALTH
Myanmar,2020,"1,750,642.00",HEALTH
Myanmar,2020,"52,491.34",HEALTH
Myanmar,2020,"16,752.56",HEALTH
Myanmar,2020,"1,075,514.03",HEALTH
Myanmar,2020,"16,836.32",HEALTH
Myanmar,2020,"87,752.12",HEALTH
Myanmar,2020,"444,947.86",HEALTH
Myanmar,2020,"1,294,883.48",HEALTH
Myanmar,2020,"161,860.44",HEALTH
Myanmar,2020,"323,720.87",HEALTH
Myanmar,2020,"145,188.81",HEALTH
Myanmar,2020,"122,740.39",HEALTH
Myanmar,2020,"893,469.60",HEALTH
Myanmar,2020,"21,638.94",HEALTH
Myanmar,2020,"11,168.37",HEALTH
Myanmar,2020,"21,733.65",HEALTH
Myanmar,2020,"7,582,038.88",HEALTH
Myanmar,2020,"242,790.65",HEALTH
Myanmar,2020,"46,907.15",HEALTH
Myanmar,2020,"16,283.48",HEALTH
Myanmar,2020,"50,845.42",HEALTH
Myanmar,2020,"3,127.14",HEALTH
Myanmar,2020,"32,372,087.03",HEALTH
Myanmar,2020,"40,417.66",HEALTH
Myanmar,2020,"80,930.22",HEALTH
Myanmar,2020,"16,167.06",HEALTH
Myanmar,2020,"80,930.22",HEALTH
Myanmar,2020,"161,860.44",HEALTH
Myanmar,2020,"702,042.81",HEALTH
Myanmar,2020,"161,860.44",HEALTH
Myanmar,2020,"535,970.08",HEALTH
Myanmar,2020,"3,403,895.82",HEALTH
Myanmar,2020,"16,752,555.04",HEALTH
Myanmar,2020,"744,558.37",HEALTH
Myanmar,2020,"1,212,529.86",HEALTH
Myanmar,2020,"893,469.60",HEALTH
Myanmar,2020,"48,023,991.10",HEALTH
Namibia,2020,"68,238.74",HEALTH
Namibia,2020,"10,051.53",HEALTH
Namibia,2020,"29,484.50",HEALTH
Namibia,2020,"16,752.56",HEALTH
Namibia,2020,"291,407.71",HEALTH
Namibia,2020,"10,866.82",HEALTH
Namibia,2020,"11,257.72",HEALTH
Namibia,2020,"338,846.18",HEALTH
Namibia,2020,"18,148.60",HEALTH
Namibia,2020,"1,116,837.00",HEALTH
Namibia,2020,"2,168.62",HEALTH
Namibia,2020,"54,054.91",HEALTH
Nauru,2020,"16,462.18",HEALTH
Nepal,2020,"809,302.18",HEALTH
Nepal,2020,"948,417.98",HEALTH
Nepal,2020,"170,797.88",HEALTH
Nepal,2020,"160,489.48",HEALTH
Nepal,2020,"108,934.05",HEALTH
Nepal,2020,"33,505.11",HEALTH
Nepal,2020,"54,725.01",HEALTH
Nepal,2020,"97,116.26",HEALTH
Nepal,2020,"160,489.48",HEALTH
Niger,2020,"7,761,337.08",HEALTH
Niger,2020,"698,520.34",HEALTH
Niger,2020,"1,144,797.22",HEALTH
Niger,2020,"127,122.85",HEALTH
Nigeria,2020,"164,634,722.99",HEALTH
Nigeria,2020,"1,372,003,078.75",HEALTH
Nigeria,2020,"1,372,003,078.75",HEALTH
Nigeria,2020,"39,887,035.00",HEALTH
Nigeria,2020,"64,432,903.21",HEALTH
Nigeria,2020,"64,432,903.21",HEALTH
Nigeria,2020,"498,195.46",HEALTH
Nigeria,2020,"249,097.73",HEALTH
Nigeria,2020,"29,305.62",HEALTH
Nigeria,2020,"558,418,501.19",HEALTH
Nigeria,2020,"66,751.11",HEALTH
Nigeria,2020,"4,923.34",HEALTH
Nigeria,2020,"14,359.75",HEALTH
Nigeria,2020,"14,652.81",HEALTH
Nigeria,2020,"4,395.84",HEALTH
Nigeria,2020,"1,007,031.82",HEALTH
Nigeria,2020,"164,788.18",HEALTH
Nigeria,2020,"1,200,599.78",HEALTH
North Macedonia,2020,670.1,HEALTH
North Macedonia,2020,"39,864.91",HEALTH
North Macedonia,2020,"82,428.91",HEALTH
North Macedonia,2020,"33,048.63",HEALTH
North Macedonia,2020,"318,058.68",HEALTH
North Macedonia,2020,"26,778,705.40",HEALTH
"Oceania, regional",2020,"223,367.40",HEALTH
Oman,2020,"78,178.59",HEALTH
Oman,2020,"167,525,550.36",HEALTH
Pakistan,2020,"4,855,813,053.86",HEALTH
Pakistan,2020,"781,785,901.67",HEALTH
Pakistan,2020,"558,418,501.19",HEALTH
Pakistan,2020,"1,116,837,002.39",HEALTH
Pakistan,2020,"335,051,100.72",HEALTH
Pakistan,2020,"558,418,501.19",HEALTH
Pakistan,2020,"558,418,501.19",HEALTH
Pakistan,2020,"2,233,674,004.77",HEALTH
Pakistan,2020,"400,386,065.36",HEALTH
Pakistan,2020,"400,386,065.36",HEALTH
Pakistan,2020,"400,386,065.36",HEALTH
Pakistan,2020,"106,795,515.10",HEALTH
Pakistan,2020,"6,260,988.24",HEALTH
Pakistan,2020,"4,467,348.01",HEALTH
Pakistan,2020,"1,618,604.35",HEALTH
Pakistan,2020,"657,079.88",HEALTH
Pakistan,2020,"1,891.00",HEALTH
Pakistan,2020,"6,701.02",HEALTH
Pakistan,2020,"20,203.58",HEALTH
Pakistan,2020,"335,051.10",HEALTH
Pakistan,2020,"454,698.97",HEALTH
Pakistan,2020,"4,370,231.75",HEALTH
Pakistan,2020,"462,444.10",HEALTH
Pakistan,2020,"253,170.89",HEALTH
Pakistan,2020,"3,777,920.06",HEALTH
Pakistan,2020,"1,891.00",HEALTH
Pakistan,2020,"18,427.81",HEALTH
Pakistan,2020,"3,908.93",HEALTH
Pakistan,2020,"9,381.43",HEALTH
Pakistan,2020,"608,542.15",HEALTH
Pakistan,2020,"7,817.86",HEALTH
Pakistan,2020,"47,800.62",HEALTH
Pakistan,2020,"35,891.18",HEALTH
Pakistan,2020,"108,446.49",HEALTH
Pakistan,2020,"1,891.00",HEALTH
Panama,2020,"7,817.86",HEALTH
Panama,2020,"317,003.01",HEALTH
Panama,2020,21.78,HEALTH
Panama,2020,"16,064.58",HEALTH
Panama,2020,"33,505.11",HEALTH
Panama,2020,"91,904.52",HEALTH
Panama,2020,"16,752.56",HEALTH
Panama,2020,"5,025.77",HEALTH
Panama,2020,"41,322.97",HEALTH
Panama,2020,"54,334.12",HEALTH
Panama,2020,"1,675.26",HEALTH
Panama,2020,"7,817.86",HEALTH
Panama,2020,"1,563.57",HEALTH
Panama,2020,"3,350.51",HEALTH
Panama,2020,"1,172.68",HEALTH
Panama,2020,"5,796.38",HEALTH
Panama,2020,"1,071,304.52",HEALTH
Panama,2020,"5,469.32",HEALTH
Panama,2020,"36,297.20",HEALTH
Panama,2020,"4,432.06",HEALTH
Panama,2020,"210,630.99",HEALTH
Papua New Guinea,2020,"335,051.10",HEALTH
Papua New Guinea,2020,"55,283.43",HEALTH
Papua New Guinea,2020,"1,356.96",HEALTH
Papua New Guinea,2020,"502,576.65",HEALTH
Papua New Guinea,2020,"1,116.84",HEALTH
Papua New Guinea,2020,"3,918.98",HEALTH
Papua New Guinea,2020,"1,563.57",HEALTH
Peru,2020,"1,675,255.50",HEALTH
Peru,2020,"2,853,027.13",HEALTH
Peru,2020,"385,308.77",HEALTH
Peru,2020,"43,429.32",HEALTH
Peru,2020,"5,433,412.02",HEALTH
Peru,2020,"159,149.27",HEALTH
Peru,2020,"181,480.43",HEALTH
Peru,2020,"2,680.41",HEALTH
Peru,2020,"6,701.02",HEALTH
Peru,2020,"546,356.66",HEALTH
Peru,2020,"3,350.51",HEALTH
Peru,2020,"1,116,837,002.39",HEALTH
Peru,2020,"1,116,837,002.39",HEALTH
Peru,2020,"223,367,400.48",HEALTH
Peru,2020,"223,367,400.48",HEALTH
Peru,2020,"223,367,400.48",HEALTH
Peru,2020,"223,367,400.48",HEALTH
Peru,2020,"24,570,414.05",HEALTH
Philippines,2020,"10,866.82",HEALTH
Philippines,2020,"394,045.31",HEALTH
Philippines,2020,"807,473.15",HEALTH
Philippines,2020,"33,775.31",HEALTH
Philippines,2020,"1,181,613.55",HEALTH
Philippines,2020,"485,581.31",HEALTH
Philippines,2020,"6,576,881.33",HEALTH
Philippines,2020,"78,809.06",HEALTH
Philippines,2020,"7,817.86",HEALTH
Philippines,2020,"290,377.62",HEALTH
Philippines,2020,"51,932.92",HEALTH
Philippines,2020,"19,544.65",HEALTH
Philippines,2020,"185,953.36",HEALTH
Philippines,2020,"7,755.87",HEALTH
Philippines,2020,"161,860.44",HEALTH
Philippines,2020,"22,516.88",HEALTH
Philippines,2020,"4,121,039.19",HEALTH
Philippines,2020,"167,525.55",HEALTH
Philippines,2020,"2,993.12",HEALTH
Romania,2020,"145,950,290.08",HEALTH
Romania,2020,"20,192.41",HEALTH
Romania,2020,"10,051.53",HEALTH
Russia,2020,"1,438,350,684.89",HEALTH
Russia,2020,"80,747,315.27",HEALTH
Russia,2020,"1,438,350,684.89",HEALTH
Russia,2020,"1,438,350,684.89",HEALTH
Russia,2020,"32,372,087.03",HEALTH
Russia,2020,"16,186,043.51",HEALTH
Russia,2020,"80,747,315.27",HEALTH
Russia,2020,"16,752.56",HEALTH
Russia,2020,"39,089.30",HEALTH
Russia,2020,"2,177.83",HEALTH
Russia,2020,"6,701.02",HEALTH
Russia,2020,"6,701.02",HEALTH
Russia,2020,"1,675.26",HEALTH
Russia,2020,"9,046.38",HEALTH
Russia,2020,"8,376.28",HEALTH
Russia,2020,"66,294.10",HEALTH
Russia,2020,"201,030.66",HEALTH
Russia,2020,"14,072.15",HEALTH
Russia,2020,"23,453.58",HEALTH
Russia,2020,"63,456,647.86",HEALTH
Russia,2020,"356,528,186.75",HEALTH
Russia,2020,"356,528,186.75",HEALTH
Russia,2020,"178,264,367.00",HEALTH
Rwanda,2020,"242,628,792.26",HEALTH
Rwanda,2020,"27,970.46",HEALTH
Rwanda,2020,"54,166.59",HEALTH
Rwanda,2020,"323,882.73",HEALTH
Rwanda,2020,"5,232,828.09",HEALTH
Rwanda,2020,"7,505.14",HEALTH
Rwanda,2020,"26,338.85",HEALTH
Rwanda,2020,"75,118.46",HEALTH
Rwanda,2020,"49,435.00",HEALTH
Rwanda,2020,"6,526,439.75",HEALTH
Rwanda,2020,"1,043.22",HEALTH
Rwanda,2020,"1,365,721.89",HEALTH
Rwanda,2020,"27,970.46",HEALTH
Samoa,2020,"59,515.66",HEALTH
Samoa,2020,"279,209.25",HEALTH
Samoa,2020,"165,061.37",HEALTH
Samoa,2020,"2,519.18",HEALTH
Samoa,2020,"20,993.18",HEALTH
Samoa,2020,"31,489.77",HEALTH
Samoa,2020,"223,367.40",HEALTH
Sao Tome and Principe,2020,"54,334.12",HEALTH
Sao Tome and Principe,2020,"3,350.51",HEALTH
Sao Tome and Principe,2020,"1,116,837.00",HEALTH
Senegal,2020,"3,237.21",HEALTH
Senegal,2020,"50,285.59",HEALTH
Senegal,2020,"1,116,837.00",HEALTH
Senegal,2020,"3,085.13",HEALTH
Senegal,2020,"393,648.41",HEALTH
Senegal,2020,"62,542.87",HEALTH
Serbia,2020,"209,008,176.37",HEALTH
Serbia,2020,"3,926.80",HEALTH
Serbia,2020,"708,242.19",HEALTH
Serbia,2020,"48,558.13",HEALTH
Serbia,2020,"958,195.38",HEALTH
Serbia,2020,"33,505.11",HEALTH
Serbia,2020,"5,138.57",HEALTH
Serbia,2020,"634,566.48",HEALTH
Seychelles,2020,"109,226.66",HEALTH
Seychelles,2020,"4,151.28",HEALTH
Seychelles,2020,"4,151.28",HEALTH
Seychelles,2020,"77,041.65",HEALTH
Sierra Leone,2020,"4,969.92",HEALTH
Sierra Leone,2020,"1,005.15",HEALTH
Solomon Islands,2020,"59,192,361.13",HEALTH
Solomon Islands,2020,"166,163.55",HEALTH
Solomon Islands,2020,"340,499.09",HEALTH
Solomon Islands,2020,"17,646.02",HEALTH
Solomon Islands,2020,"2,618.98",HEALTH
Solomon Islands,2020,670.1,HEALTH
Solomon Islands,2020,"30,322.12",HEALTH
Solomon Islands,2020,"171,054.76",HEALTH
Solomon Islands,2020,"18,036.92",HEALTH
Solomon Islands,2020,"14,070,210.56",HEALTH
Solomon Islands,2020,"12,257,967.10",HEALTH
Somalia,2020,"1,444,980.47",HEALTH
South Africa,2020,"135,538.47",HEALTH
South Africa,2020,"96,785,094.63",HEALTH
South Africa,2020,"3,388.46",HEALTH
South Africa,2020,"271,076.94",HEALTH
South Africa,2020,"406,615.41",HEALTH
South Africa,2020,"9,148.85",HEALTH
South Africa,2020,"76,274,274.65",HEALTH
South Africa,2020,"96,785,094.63",HEALTH
South Africa,2020,"96,785,094.63",HEALTH
South Africa,2020,"96,785,094.63",HEALTH
South Africa,2020,"96,785,094.63",HEALTH
South Africa,2020,"67,769.24",HEALTH
South Africa,2020,"160,613.09",HEALTH
South Africa,2020,"112,800.54",HEALTH
South Africa,2020,"6,776.92",HEALTH
South Africa,2020,"7,248.27",HEALTH
South Africa,2020,"32,163.79",HEALTH
South Africa,2020,"13,553.85",HEALTH
South Africa,2020,"6,776.92",HEALTH
South Africa,2020,"772,569.29",HEALTH
South Africa,2020,"20,103.07",HEALTH
South Africa,2020,"3,350.51",HEALTH
South Africa,2020,"6,776.92",HEALTH
South Africa,2020,"101,653,853.37",HEALTH
South Africa,2020,"101,653,853.37",HEALTH
South Africa,2020,"23,453.58",HEALTH
South Africa,2020,"3,350.51",HEALTH
South Africa,2020,"3,350.51",HEALTH
South Africa,2020,"6,701.02",HEALTH
South Africa,2020,"1,355.38",HEALTH
South Africa,2020,"4,066.15",HEALTH
South Africa,2020,"67,769.24",HEALTH
South Africa,2020,"67,972.54",HEALTH
South Africa,2020,"6,776.92",HEALTH
South Africa,2020,"1,355.38",HEALTH
South Africa,2020,"1,355.38",HEALTH
South Africa,2020,"6,776.92",HEALTH
South Africa,2020,"6,776.92",HEALTH
South Africa,2020,"3,388.46",HEALTH
South Africa,2020,"29,140.77",HEALTH
South Africa,2020,"11,720.09",HEALTH
South Africa,2020,542.15,HEALTH
South Africa,2020,"81,323.08",HEALTH
South Sudan,2020,"22,336,740.05",HEALTH
South Sudan,2020,"46,348.74",HEALTH
South Sudan,2020,"176,030.06",HEALTH
South Sudan,2020,"319,894.84",HEALTH
South Sudan,2020,"800,487.34",HEALTH
South Sudan,2020,"800,487.34",HEALTH
South Sudan,2020,"111,683.70",HEALTH
South Sudan,2020,"1,116,837.00",HEALTH
South Sudan,2020,"771,862.80",HEALTH
South Sudan,2020,"111,683.70",HEALTH
Sri Lanka,2020,"558,418,501.19",HEALTH
Sri Lanka,2020,"156,357,180.33",HEALTH
Sri Lanka,2020,"50,043.05",HEALTH
Sri Lanka,2020,"349,123.25",HEALTH
Sri Lanka,2020,"41,881.39",HEALTH
Sri Lanka,2020,"10,822.15",HEALTH
Sri Lanka,2020,502.58,HEALTH
Sri Lanka,2020,"28,870.24",HEALTH
Sri Lanka,2020,"12,267.34",HEALTH
Sri Lanka,2020,"5,025.77",HEALTH
Sri Lanka,2020,"5,025.77",HEALTH
Sri Lanka,2020,893.47,HEALTH
Sri Lanka,2020,"97,116,261.08",HEALTH
Sri Lanka,2020,"223,367.40",HEALTH
Sri Lanka,2020,"354,595.75",HEALTH
Sri Lanka,2020,"2,300.68",HEALTH
Sri Lanka,2020,"2,345.36",HEALTH
Sri Lanka,2020,"3,685.56",HEALTH
Sri Lanka,2020,"1,181,035.03",HEALTH
Sri Lanka,2020,"3,127.14",HEALTH
Sri Lanka,2020,"25,128.83",HEALTH
Sri Lanka,2020,"16,752.56",HEALTH
Sri Lanka,2020,"60,226.33",HEALTH
Sri Lanka,2020,"3,350.51",HEALTH
Sri Lanka,2020,"33,505.11",HEALTH
Sri Lanka,2020,"1,163,632.47",HEALTH
Sri Lanka,2020,"295,515.07",HEALTH
Sri Lanka,2020,"12,463.90",HEALTH
Sri Lanka,2020,"96,362.12",HEALTH
Sri Lanka,2020,"20,585.36",HEALTH
Sri Lanka,2020,"47,141.69",HEALTH
Sri Lanka,2020,"2,043.81",HEALTH
Sri Lanka,2020,"189,522.77",HEALTH
Sri Lanka,2020,"18,455.73",HEALTH
Sri Lanka,2020,"5,025.77",HEALTH
Sri Lanka,2020,"23,265.95",HEALTH
Sri Lanka,2020,"406,853.89",HEALTH
Sri Lanka,2020,"643,298.11",HEALTH
Sri Lanka,2020,"342,198.86",HEALTH
Sri Lanka,2020,"90,339,490.06",HEALTH
Sri Lanka,2020,"100,515,330.21",HEALTH
Sri Lanka,2020,"8,085.90",HEALTH
Sudan,2020,"335,051.10",HEALTH
Sudan,2020,"2,233,674.00",HEALTH
Sudan,2020,"312,714.36",HEALTH
Suriname,2020,"161,860,435.13",HEALTH
Syrian Arab Republic,2020,"21,907.52",HEALTH
Syrian Arab Republic,2020,"16,186,043.51",HEALTH
Tajikistan,2020,"608,676,166.30",HEALTH
Tajikistan,2020,"51,553.20",HEALTH
Tajikistan,2020,"928,649.97",HEALTH
Tajikistan,2020,"1,291,621.99",HEALTH
Tajikistan,2020,"13,011.15",HEALTH
Tajikistan,2020,"323,720.87",HEALTH
Tajikistan,2020,"7,817,859.02",HEALTH
Tajikistan,2020,"35,180,365.58",HEALTH
Tanzania,2020,"55,841,850.12",HEALTH
Tanzania,2020,"338,884.37",HEALTH
Tanzania,2020,"72,618.08",HEALTH
Tanzania,2020,"10,650.65",HEALTH
Tanzania,2020,14.52,HEALTH
Tanzania,2020,"89,346.96",HEALTH
Tanzania,2020,"242,060.26",HEALTH
Tanzania,2020,"5,665.12",HEALTH
Tanzania,2020,"27,753.40",HEALTH
Tanzania,2020,"16,246.70",HEALTH
Tanzania,2020,"21,785.42",HEALTH
Tanzania,2020,"72,618.08",HEALTH
Tanzania,2020,"27,753.40",HEALTH
Tanzania,2020,"27,753.40",HEALTH
Tanzania,2020,"72,616.74",HEALTH
Thailand,2020,"5,937,282,899.38",HEALTH
Thailand,2020,"139,604,625.30",HEALTH
Thailand,2020,"2,651,929.46",HEALTH
Thailand,2020,"107,079.29",HEALTH
Thailand,2020,"20,103.07",HEALTH
Thailand,2020,"1,070,792.91",HEALTH
Thailand,2020,"10,647.18",HEALTH
Thailand,2020,"17,154.62",HEALTH
Thailand,2020,"2,345.36",HEALTH
Timor-Leste,2020,"3,294.67",HEALTH
Timor-Leste,2020,"14,965.62",HEALTH
Timor-Leste,2020,"14,429.53",HEALTH
Timor-Leste,2020,"10,051.53",HEALTH
Timor-Leste,2020,"2,512.88",HEALTH
Timor-Leste,2020,"803,206.84",HEALTH
Togo,2020,"33,505.11",HEALTH
Togo,2020,"3,350.51",HEALTH
Tonga,2020,"1,144,725.54",HEALTH
Tonga,2020,"314,043.34",HEALTH
Tonga,2020,"279,209.25",HEALTH
Tonga,2020,"11,815,811.76",HEALTH
Tonga,2020,"1,618,604.35",HEALTH
Trinidad and Tobago,2020,"16,521,257.43",HEALTH
Trinidad and Tobago,2020,"2,713.91",HEALTH
Turkey,2020,"533,035,842.05",HEALTH
Turkey,2020,"112,493,002.41",HEALTH
Turkey,2020,"41,322,969.09",HEALTH
Turkey,2020,"253,826,591.45",HEALTH
Turkey,2020,"13,008,612.81",HEALTH
Turkey,2020,"9,460,266.11",HEALTH
Turkey,2020,"11,447,579.27",HEALTH
Turkey,2020,"15,018,072.90",HEALTH
Turkey,2020,"36,591,106.05",HEALTH
Turkey,2020,"59,816,238.97",HEALTH
Turkey,2020,"23,629,080.06",HEALTH
Turkey,2020,"23,629,080.06",HEALTH
Uganda,2020,"207,793,377.23",HEALTH
Uganda,2020,"170,437,997.41",HEALTH
Uganda,2020,"131,468,579.42",HEALTH
Uganda,2020,"58,633.94",HEALTH
Uganda,2020,"58,393.09",HEALTH
Uganda,2020,"167,525.55",HEALTH
Uganda,2020,"18,018.44",HEALTH
Uganda,2020,"206,165,159.53",HEALTH
Uganda,2020,"130,223.19",HEALTH
Ukraine,2020,"1,330,885.16",HEALTH
Ukraine,2020,"54,718.31",HEALTH
Ukraine,2020,"44,785.16",HEALTH
Ukraine,2020,"2,744.46",HEALTH
Ukraine,2020,"3,629.72",HEALTH
Ukraine,2020,"39,089.30",HEALTH
Ukraine,2020,"13,651.10",HEALTH
Ukraine,2020,"39,089.30",HEALTH
Ukraine,2020,"15,920.51",HEALTH
Ukraine,2020,"18,896.88",HEALTH
Ukraine,2020,"16,417.50",HEALTH
Ukraine,2020,"1,116,837.00",HEALTH
Uruguay,2020,"13,402.04",HEALTH
Uruguay,2020,"8,934.70",HEALTH
Uruguay,2020,"4,467.35",HEALTH
Uruguay,2020,"4,467.35",HEALTH
Uruguay,2020,"4,467.35",HEALTH
Uruguay,2020,"2,233.67",HEALTH
Uruguay,2020,"4,835.90",HEALTH
Uruguay,2020,"15,635.72",HEALTH
Uruguay,2020,"26,435.53",HEALTH
Uruguay,2020,"14,662.39",HEALTH
Uruguay,2020,"67,010.22",HEALTH
Uruguay,2020,"14,295.51",HEALTH
Uruguay,2020,"2,589.77",HEALTH
Uruguay,2020,"13,759.43",HEALTH
Uruguay,2020,"15,077.30",HEALTH
Uruguay,2020,"4,288.65",HEALTH
Uruguay,2020,"4,467.35",HEALTH
Uruguay,2020,"3,573.88",HEALTH
Uruguay,2020,335.05,HEALTH
Uzbekistan,2020,"161,860.44",HEALTH
Uzbekistan,2020,"275,162.74",HEALTH
Uzbekistan,2020,"226,604,609.18",HEALTH
Uzbekistan,2020,"345,102,633.74",HEALTH
Uzbekistan,2020,"4,855,813.05",HEALTH
Uzbekistan,2020,"111,683,700.24",HEALTH
Uzbekistan,2020,"323,720.87",HEALTH
Uzbekistan,2020,"44,673,480.10",HEALTH
Uzbekistan,2020,"142,396,717.80",HEALTH
Uzbekistan,2020,"44,673,480.10",HEALTH
Vanuatu,2020,"29,059.07",HEALTH
Vanuatu,2020,"111,683.70",HEALTH
Vanuatu,2020,"111,683.70",HEALTH
Vanuatu,2020,"111,683.70",HEALTH
Vanuatu,2020,"38,745.43",HEALTH
Vanuatu,2020,"581,181.44",HEALTH
Vanuatu,2020,"116,741.30",HEALTH
Venezuela,2020,"2,532,762.95",HEALTH
Venezuela,2020,"9,887,726.54",HEALTH
Venezuela,2020,"43,467.30",HEALTH
Venezuela,2020,"9,363,561.43",HEALTH
Venezuela,2020,"8,761,516.70",HEALTH
Venezuela,2020,"33,505.11",HEALTH
Viet Nam,2020,"28,583,581.31",HEALTH
Viet Nam,2020,"33,237,069.19",HEALTH
Viet Nam,2020,"116,151.05",HEALTH
Viet Nam,2020,"96,131.13",HEALTH
Viet Nam,2020,"23,267,437.18",HEALTH
Viet Nam,2020,"23,267,437.18",HEALTH
Viet Nam,2020,"253,750,951.13",HEALTH
Viet Nam,2020,"26,059,529.68",HEALTH
Viet Nam,2020,"26,059,529.68",HEALTH
Viet Nam,2020,"29,037,762.06",HEALTH
Viet Nam,2020,"22,336,740.05",HEALTH
Viet Nam,2020,"22,336,740.05",HEALTH
Yemen,2020,"10,945,002.62",HEALTH
Yemen,2020,"141,838.30",HEALTH
Yemen,2020,"11,257.72",HEALTH
Yemen,2020,"16,186,043.51",HEALTH
Yemen,2020,"16,752.56",HEALTH
Zambia,2020,"113,358,955.74",HEALTH
Zambia,2020,"113,358,955.74",HEALTH
Zambia,2020,"41,378.81",HEALTH
Zambia,2020,"24,123.68",HEALTH
Zambia,2020,"544,923.76",HEALTH
Zimbabwe,2020,"598,624.63",HEALTH
Zimbabwe,2020,"11,726.79",HEALTH
Zimbabwe,2020,"148,092.59",HEALTH
Zimbabwe,2020,"14,072.15",HEALTH
Zimbabwe,2020,"222,808.98",HEALTH
Zimbabwe,2020,"2,680.41",HEALTH
Zimbabwe,2020,"4,942.00",HEALTH
Zimbabwe,2020,"1,116,837.00",HEALTH
Zimbabwe,2020,"517,765.63",HEALTH
Zimbabwe,2020,"32,655.31",HEALTH
Zimbabwe,2020,"600,964.18",HEALTH
Zimbabwe,2020,"1,116,837.00",HEALTH
Zimbabwe,2020,"1,116,837.00",HEALTH
Zimbabwe,2020,"23,122.99",HEALTH
Zimbabwe,2020,"111,683.70",HEALTH
Zimbabwe,2020,"124,819.94",HEALTH
Zimbabwe,2020,"1,194,736.38",HEALTH
Zimbabwe,2020,"150,773.00",HEALTH
Zimbabwe,2020,"545,295.67",HEALTH
Zimbabwe,2020,"428,102.61",HEALTH
Zimbabwe,2020,"1,384,877.88",HEALTH
"Africa, regional",2019,"5,617,823,061.31",HEALTH
"Africa, regional",2019,"130,896,012.32",HEALTH
Albania,2019,"1,258,357.33",HEALTH
Angola,2019,"31,459,809.14",HEALTH
Angola,2019,"119,578,480.63",HEALTH
Antigua and Barbuda,2019,"5,617,823.06",HEALTH
Antigua and Barbuda,2019,"13,089,601.23",HEALTH
Antigua and Barbuda,2019,"13,089,601.23",HEALTH
Antigua and Barbuda,2019,"13,089,601.23",HEALTH
Argentina,2019,"21,270,602,002.67",HEALTH
Argentina,2019,"146,063,399.59",HEALTH
Argentina,2019,"398,865,437.35",HEALTH
Argentina,2019,"265,161,248.49",HEALTH
Argentina,2019,"224,712,922.45",HEALTH
Argentina,2019,"30,560,957.45",HEALTH
Argentina,2019,"7,640,239.36",HEALTH
Argentina,2019,"50,560,407.55",HEALTH
Argentina,2019,"23,875,748.01",HEALTH
Argentina,2019,"398,865,437.35",HEALTH
Argentina,2019,"21,066,836.48",HEALTH
Argentina,2019,"56,178,230.61",HEALTH
"Asia, regional",2019,"54,825,794.76",HEALTH
"Asia, regional",2019,"287,122,039.23",HEALTH
"Asia, regional",2019,"104,734,808.06",HEALTH
Azerbaijan,2019,"3,292,044.31",HEALTH
Azerbaijan,2019,"50,785,120.47",HEALTH
Azerbaijan,2019,"50,785,120.47",HEALTH
Azerbaijan,2019,"37,451,779.22",HEALTH
Bahamas,2019,"13,482,775.35",HEALTH
Bahamas,2019,"22,471.29",HEALTH
Bahamas,2019,"561,782.31",HEALTH
Bangladesh,2019,"1,735,907,325.95",HEALTH
Bangladesh,2019,"1,148,030,231.69",HEALTH
Bangladesh,2019,"517,963,286.25",HEALTH
Bangladesh,2019,"430,320,640.52",HEALTH
Bangladesh,2019,"449,425,844.90",HEALTH
Bangladesh,2019,"449,425.84",HEALTH
Barbados,2019,"140,445.58",HEALTH
Barbados,2019,"9,564,720.40",HEALTH
Belarus,2019,"572,670,053.92",HEALTH
Belarus,2019,"82,674,076.78",HEALTH
Belarus,2019,"125,835,733.31",HEALTH
Benin,2019,"16,362,001.54",HEALTH
Benin,2019,"56,626,079.99",HEALTH
Benin,2019,"210,611,266.84",HEALTH
Benin,2019,"54,348,453.22",HEALTH
Benin,2019,"56,626,079.99",HEALTH
Botswana,2019,"35,620,467.05",HEALTH
Brazil,2019,"337,069,383.68",HEALTH
Brazil,2019,"67,413,876.74",HEALTH
Brazil,2019,"57,267,005.39",HEALTH
Brazil,2019,"607,309.54",HEALTH
Brazil,2019,"802,225,133.16",HEALTH
Brazil,2019,"50,560,407.55",HEALTH
Brazil,2019,"202,865,832.15",HEALTH
Brazil,2019,"24,026,996.66",HEALTH
Brazil,2019,"1,156,147,986.02",HEALTH
Brazil,2019,"210,668,364.80",HEALTH
Burkina Faso,2019,"1,460,633,995.94",HEALTH
Burkina Faso,2019,"86,907,722.76",HEALTH
Burkina Faso,2019,"77,186,287.93",HEALTH
Burkina Faso,2019,"8,181,000.77",HEALTH
Burkina Faso,2019,"81,296,457.76",HEALTH
Burkina Faso,2019,"11,192,011.75",HEALTH
Burkina Faso,2019,"219,980.92",HEALTH
Burkina Faso,2019,"38,593.14",HEALTH
Burkina Faso,2019,"9,648.29",HEALTH
Burkina Faso,2019,"173,669,147.83",HEALTH
Burkina Faso,2019,"542,816.43",HEALTH
Burkina Faso,2019,"34,733.83",HEALTH
Burundi,2019,"44,055.65",HEALTH
Cabo Verde,2019,"15,134,851.42",HEALTH
Cabo Verde,2019,"50,792.32",HEALTH
Cambodia,2019,"44,942,584.49",HEALTH
Cambodia,2019,"876,380,397.56",HEALTH
Cambodia,2019,"98,172,009.24",HEALTH
Cambodia,2019,"101,771,649.58",HEALTH
Cambodia,2019,"696,610.06",HEALTH
Cambodia,2019,"8,606,504.93",HEALTH
Cambodia,2019,"2,808,911.53",HEALTH
Cambodia,2019,"337,069.38",HEALTH
Cambodia,2019,"157,299.05",HEALTH
Cambodia,2019,"204,028,596.13",HEALTH
Cambodia,2019,"876,380,397.56",HEALTH
Cambodia,2019,"56,178,230.61",HEALTH
Cameroon,2019,"66,641,255.28",HEALTH
Cameroon,2019,"39,943,904.00",HEALTH
Cameroon,2019,"46,754,831.87",HEALTH
Cameroon,2019,"66,627,381.51",HEALTH
Central African Republic,2019,"32,804,172.37",HEALTH
Central African Republic,2019,"395,960.44",HEALTH
Central African Republic,2019,"2,892,556.14",HEALTH
Central African Republic,2019,"3,272,400.31",HEALTH
Central African Republic,2019,"32,724,003.08",HEALTH
Chad,2019,"65,608.34",HEALTH
Chad,2019,"27,815,402.62",HEALTH
Chad,2019,"215,323,940.27",HEALTH
Chile,2019,"89,885,168.98",HEALTH
Chile,2019,"48,032,387.17",HEALTH
Chile,2019,"44,942,584.49",HEALTH
Chile,2019,"327,698,854.81",HEALTH
Chile,2019,"29,774,462.22",HEALTH
Chile,2019,"179,770,337.96",HEALTH
Chile,2019,"252,802,037.76",HEALTH
Chile,2019,"126,401,018.88",HEALTH
Colombia,2019,"300,778,246.70",HEALTH
Colombia,2019,"168,534,691.84",HEALTH
Colombia,2019,"1,685,346.92",HEALTH
Colombia,2019,"33,706,938.37",HEALTH
Comoros,2019,"130,896.01",HEALTH
Comoros,2019,"14,722,780.80",HEALTH
Congo,2019,"49,704.11",HEALTH
Congo,2019,"49,086,004.62",HEALTH
Congo,2019,"21,270,602.00",HEALTH
Congo,2019,"173,669.15",HEALTH
Costa Rica,2019,"19,634,401.85",HEALTH
Cote d'Ivoire,2019,"101,876,301.79",HEALTH
Cote d'Ivoire,2019,"321,259,479.65",HEALTH
Cote d'Ivoire,2019,"250,855.44",HEALTH
Cote d'Ivoire,2019,"11,577.94",HEALTH
Cote d'Ivoire,2019,"322,938,709.63",HEALTH
Cote d'Ivoire,2019,"117,531,391.75",HEALTH
Cote d'Ivoire,2019,"38,593,143.96",HEALTH
Cote d'Ivoire,2019,"34,733,829.57",HEALTH
Cote d'Ivoire,2019,"93,233,682.78",HEALTH
Cote d'Ivoire,2019,"15,338,120.57",HEALTH
Cote d'Ivoire,2019,"15,281,445.62",HEALTH
Cote d'Ivoire,2019,"233,279,946.64",HEALTH
Cote d'Ivoire,2019,"13,543,761.97",HEALTH
Cote d'Ivoire,2019,"117,531,391.75",HEALTH
Cuba,2019,"128,086,365.80",HEALTH
Democratic People's Republic of Korea,2019,"233,716,607.47",HEALTH
Democratic Republic of the Congo,2019,"338,303,057.62",HEALTH
Djibouti,2019,"269,655,506.94",HEALTH
Dominica,2019,"100,613.13",HEALTH
Dominica,2019,"14,606,339.96",HEALTH
Dominica,2019,"416,860.36",HEALTH
Dominican Republic,2019,"1,123,564.61",HEALTH
Dominican Republic,2019,"14,234,941.34",HEALTH
Dominican Republic,2019,"81,810,007.70",HEALTH
Ecuador,2019,"44,231,141.88",HEALTH
Ecuador,2019,"63,841,128.35",HEALTH
Ecuador,2019,"120,043,193.31",HEALTH
Ecuador,2019,"2,247,129.22",HEALTH
Egypt,2019,"2,945,160,277.29",HEALTH
Egypt,2019,"2,921,267,991.88",HEALTH
Egypt,2019,"517,963,286.25",HEALTH
Egypt,2019,"2,921,267,991.88",HEALTH
Egypt,2019,"4,157,189,065.37",HEALTH
Egypt,2019,"80,550,133.58",HEALTH
Egypt,2019,"49,086,004.62",HEALTH
Egypt,2019,"10,815,283.02",HEALTH
El Salvador,2019,"561,782,306.13",HEALTH
El Salvador,2019,"44,942.58",HEALTH
El Salvador,2019,"60,672,489.06",HEALTH
El Salvador,2019,"81,810,007.70",HEALTH
El Salvador,2019,"21,323.74",HEALTH
El Salvador,2019,"730,317.00",HEALTH
El Salvador,2019,"4,969.35",HEALTH
El Salvador,2019,"1,685,346.92",HEALTH
Equatorial Guinea,2019,"251,671,466.61",HEALTH
Equatorial Guinea,2019,"102,098.89",HEALTH
Equatorial Guinea,2019,"419,521,719.50",HEALTH
Equatorial Guinea,2019,"13,854,905.56",HEALTH
Equatorial Guinea,2019,"93,612,981.37",HEALTH
Equatorial Guinea,2019,"79,015,628.81",HEALTH
Equatorial Guinea,2019,"44,942,584.49",HEALTH
Equatorial Guinea,2019,"452,439,066.87",HEALTH
Equatorial Guinea,2019,"121,981,716.76",HEALTH
Ethiopia,2019,"83,041.08",HEALTH
Ethiopia,2019,"48,768,881.70",HEALTH
Ethiopia,2019,"155,613.08",HEALTH
Ethiopia,2019,"9,725,817.57",HEALTH
Ethiopia,2019,"16,362,001.54",HEALTH
Ethiopia,2019,"2,519,725.56",HEALTH
Fiji,2019,"15,704,286.49",HEALTH
Fiji,2019,"8,181,000.77",HEALTH
Fiji,2019,"1,099,823.53",HEALTH
Fiji,2019,"22,471.29",HEALTH
Gabon,2019,"40,481,355.40",HEALTH
Gambia,2019,"343,602.03",HEALTH
Gambia,2019,"4,718,971.37",HEALTH
Gambia,2019,"22,467.07",HEALTH
Gambia,2019,"52,807,536.78",HEALTH
Gambia,2019,"15,726.95",HEALTH
Georgia,2019,"16,362,001.54",HEALTH
Georgia,2019,"22,471,292.25",HEALTH
Ghana,2019,"208,499,885.10",HEALTH
Ghana,2019,"65,448,006.16",HEALTH
Ghana,2019,"49,086,004.62",HEALTH
Ghana,2019,"40,905,003.85",HEALTH
Ghana,2019,"236,690,121.22",HEALTH
Ghana,2019,"147,421.63",HEALTH
Ghana,2019,"224,054,093.49",HEALTH
Ghana,2019,"196,623,807.15",HEALTH
Ghana,2019,"419,089,600.37",HEALTH
Ghana,2019,"76,875,472.76",HEALTH
Ghana,2019,"76,875,472.76",HEALTH
Ghana,2019,"898,851.69",HEALTH
Grenada,2019,"12,484.05",HEALTH
Grenada,2019,"15,979,585.60",HEALTH
Grenada,2019,"12,484,051.25",HEALTH
Grenada,2019,"42,695,455.27",HEALTH
Grenada,2019,"16,645.40",HEALTH
Grenada,2019,"16,645.40",HEALTH
Grenada,2019,"87,388.36",HEALTH
Guinea,2019,"334,260,472.15",HEALTH
Guinea,2019,"33,706,938.37",HEALTH
Guinea-Bissau,2019,"7,035,660.66",HEALTH
Guinea-Bissau,2019,"752,788.29",HEALTH
Guyana,2019,"7,864.95",HEALTH
Guyana,2019,"38,201,196.82",HEALTH
India,2019,"689,409.64",HEALTH
India,2019,"38,437,736.72",HEALTH
India,2019,"21,074,160.56",HEALTH
India,2019,"20,697,242.86",HEALTH
India,2019,"9,031,783.10",HEALTH
India,2019,"9,031,783.10",HEALTH
India,2019,"14,044,557.65",HEALTH
Indonesia,2019,"337,069,383.68",HEALTH
Indonesia,2019,"83,565,118.04",HEALTH
Indonesia,2019,"83,565,118.04",HEALTH
Indonesia,2019,"106,227,926.36",HEALTH
Indonesia,2019,"71,499,565.52",HEALTH
Indonesia,2019,"1,125,705,705.99",HEALTH
Indonesia,2019,"73,031,699.80",HEALTH
Indonesia,2019,"73,031,699.80",HEALTH
Indonesia,2019,"56,178,230.61",HEALTH
Indonesia,2019,"112,356,461.23",HEALTH
Indonesia,2019,"112,356,461.23",HEALTH
Indonesia,2019,"110,109,332.00",HEALTH
Indonesia,2019,"15,854.18",HEALTH
Indonesia,2019,"24,347,645.15",HEALTH
Indonesia,2019,"79,270,895.40",HEALTH
Iran,2019,"278,154,026.19",HEALTH
Iran,2019,"837,136,057.75",HEALTH
Iran,2019,"2,225,232,209.51",HEALTH
Iraq,2019,"636,686,612.87",HEALTH
Iraq,2019,"516,839.72",HEALTH
Iraq,2019,"11,235.65",HEALTH
Iraq,2019,"636,686,612.87",HEALTH
Jamaica,2019,"29,451,602.77",HEALTH
Jordan,2019,"112,356.46",HEALTH
Kazakhstan,2019,"134,827,753.47",HEALTH
Kazakhstan,2019,"337,384,471.77",HEALTH
Kazakhstan,2019,"898,851,689.81",HEALTH
Kazakhstan,2019,"245,430,023.11",HEALTH
Kazakhstan,2019,"81,810.01",HEALTH
Kazakhstan,2019,"51,683,972.16",HEALTH
Kazakhstan,2019,"38,262,473.31",HEALTH
Kazakhstan,2019,"538,210,696.95",HEALTH
Kazakhstan,2019,"561,782,306.13",HEALTH
Kazakhstan,2019,"19,131,236.66",HEALTH
Kazakhstan,2019,"17,942,570.89",HEALTH
Kenya,2019,"562,905,870.74",HEALTH
Kenya,2019,"200,434,518.87",HEALTH
Kenya,2019,"33,099.02",HEALTH
Kenya,2019,"8,691.80",HEALTH
Kenya,2019,"55,165.04",HEALTH
Kenya,2019,"54,351,992.97",HEALTH
Kenya,2019,"44,043,732.80",HEALTH
Kenya,2019,"1,123,564.61",HEALTH
Kiribati,2019,"280,891.15",HEALTH
Kiribati,2019,"114,534,010.78",HEALTH
Kyrgyz Republic,2019,"986,551.52",HEALTH
Kyrgyz Republic,2019,"18,619,957.75",HEALTH
Lao People's Democratic Republic,2019,"337,069,383.68",HEALTH
Lao People's Democratic Republic,2019,"22,766,088.94",HEALTH
Lao People's Democratic Republic,2019,"12,904,710.62",HEALTH
Lao People's Democratic Republic,2019,"3,977,418,727.41",HEALTH
Lao People's Democratic Republic,2019,"81,810.01",HEALTH
Lebanon,2019,"34,851,063.28",HEALTH
Lebanon,2019,"14,234,941.34",HEALTH
Lebanon,2019,"289,879,669.96",HEALTH
Lesotho,2019,"1,123,564.61",HEALTH
Liberia,2019,"42,819,358.03",HEALTH
Liberia,2019,"1,123.56",HEALTH
Liberia,2019,"22,471.29",HEALTH
Liberia,2019,"2,247.13",HEALTH
Liberia,2019,"327,240.03",HEALTH
Madagascar,2019,"178,345,816.79",HEALTH
Madagascar,2019,"865,144.75",HEALTH
Madagascar,2019,"92,744.77",HEALTH
Malawi,2019,"114,534.01",HEALTH
Malawi,2019,"337,069.38",HEALTH
Malawi,2019,"1,123,564.61",HEALTH
Malawi,2019,"63,940,484.60",HEALTH
Malawi,2019,"3,370,693.84",HEALTH
Malaysia,2019,"10,159,397,497.37",HEALTH
Malaysia,2019,"42,998,522.39",HEALTH
Malaysia,2019,"163,620.02",HEALTH
Malaysia,2019,"43,462.66",HEALTH
Malaysia,2019,"317,407,002.96",HEALTH
Malaysia,2019,"317,407,002.96",HEALTH
Malaysia,2019,"317,407,002.96",HEALTH
Malaysia,2019,"110,811,559.88",HEALTH
Malaysia,2019,"178,422,060.43",HEALTH
Malaysia,2019,"111,993,802.64",HEALTH
Malaysia,2019,"24,447,747.99",HEALTH
Marshall Islands,2019,"119,625,924.27",HEALTH
Marshall Islands,2019,"102,728,636.06",HEALTH
Marshall Islands,2019,"16,853,469.18",HEALTH
Mauritania,2019,"23,737,196.89",HEALTH
Mauritania,2019,"95,881,329.03",HEALTH
Mauritania,2019,"49,086,004.62",HEALTH
Mauritania,2019,"14,318,684.45",HEALTH
Mauritania,2019,"294,516.03",HEALTH
Mauritania,2019,"49,086,004.62",HEALTH
Mauritius,2019,"159,096.49",HEALTH
Mauritius,2019,"16,362,001.54",HEALTH
Mauritius,2019,"12,762,361.20",HEALTH
Mauritius,2019,"22,273.51",HEALTH
Mauritius,2019,"2,644.15",HEALTH
Mauritius,2019,"21,027.78",HEALTH
Mauritius,2019,"1,113.68",HEALTH
Mauritius,2019,"1,113.68",HEALTH
Mauritius,2019,"4,721.98",HEALTH
Mauritius,2019,"4,721.98",HEALTH
Mexico,2019,"13,033,349.50",HEALTH
Mexico,2019,"28,089,115.31",HEALTH
Mexico,2019,"337,069,383.68",HEALTH
Mexico,2019,"337,069,383.68",HEALTH
Micronesia,2019,"2,247,129.22",HEALTH
Micronesia,2019,"11,235,646.12",HEALTH
Micronesia,2019,"13,482,775.35",HEALTH
Micronesia,2019,"22,246.58",HEALTH
Micronesia,2019,"274,149.77",HEALTH
Mongolia,2019,"1,963,440,184.86",HEALTH
Mongolia,2019,"56,841,593.35",HEALTH
Mongolia,2019,"53,782,914.82",HEALTH
Mongolia,2019,"16,362.00",HEALTH
Mongolia,2019,"4,115,043.39",HEALTH
Mongolia,2019,"38,999,423.22",HEALTH
Mongolia,2019,"11,037.23",HEALTH
Mongolia,2019,"27,324.54",HEALTH
Mongolia,2019,"17,016.48",HEALTH
Mongolia,2019,"68,393,166.44",HEALTH
Mongolia,2019,"18,750,853.77",HEALTH
Morocco,2019,"16,362,001.54",HEALTH
Mozambique,2019,"2,247,129.22",HEALTH
Mozambique,2019,"5,617,823.06",HEALTH
Mozambique,2019,"33,706,938.37",HEALTH
Myanmar,2019,"13,089,601.23",HEALTH
Myanmar,2019,"5,617,823.06",HEALTH
Myanmar,2019,"301,080.06",HEALTH
Myanmar,2019,"163,620,015.41",HEALTH
Myanmar,2019,"1,123,564.61",HEALTH
Myanmar,2019,"112,356,461.23",HEALTH
Myanmar,2019,"5,528.20",HEALTH
Myanmar,2019,"7,370.93",HEALTH
Myanmar,2019,"1,621.60",HEALTH
Myanmar,2019,"2,211.28",HEALTH
Myanmar,2019,"11,235.65",HEALTH
Myanmar,2019,"7,370.93",HEALTH
Myanmar,2019,"449,425.84",HEALTH
Myanmar,2019,"337,069.38",HEALTH
Myanmar,2019,"337,069.38",HEALTH
Namibia,2019,"78,198.74",HEALTH
Namibia,2019,"1,123,564.61",HEALTH
Namibia,2019,"7,819.87",HEALTH
Namibia,2019,"3,909.94",HEALTH
Namibia,2019,"117,298.12",HEALTH
Nepal,2019,"24,543,002.31",HEALTH
Nepal,2019,"11,235.65",HEALTH
Nepal,2019,"23,594,856.86",HEALTH
Nepal,2019,"71,834,095.36",HEALTH
Nicaragua,2019,"14,606,339.96",HEALTH
Niger,2019,"1,168,507,196.75",HEALTH
Nigeria,2019,"237,628,620.77",HEALTH
Nigeria,2019,"1,123,564,612.26",HEALTH
Nigeria,2019,"706,722,141.11",HEALTH
Nigeria,2019,"56,045,240.16",HEALTH
Nigeria,2019,"206,310,121.59",HEALTH
Nigeria,2019,"234,718,446.78",HEALTH
Nigeria,2019,"14,945.40",HEALTH
Nigeria,2019,"9,340.87",HEALTH
Nigeria,2019,"14,634.03",HEALTH
Nigeria,2019,"34,249.87",HEALTH
Nigeria,2019,"56,178,230.61",HEALTH
Nigeria,2019,"33,706,938.37",HEALTH
Nigeria,2019,"22,471,292.25",HEALTH
Nigeria,2019,"36,628,206.36",HEALTH
North Macedonia,2019,"201,898,462.69",HEALTH
North Macedonia,2019,"4,908,600.46",HEALTH
North Macedonia,2019,"101,444.41",HEALTH
"Oceania, regional",2019,"224,712.92",HEALTH
Oman,2019,"252,802,037.76",HEALTH
Pakistan,2019,"817,842,681.27",HEALTH
Pakistan,2019,"337,069,383.68",HEALTH
Pakistan,2019,"3,272,400,308.10",HEALTH
Pakistan,2019,"224,712,922.45",HEALTH
Pakistan,2019,"2,247,129,224.52",HEALTH
Pakistan,2019,"561,782,306.13",HEALTH
Pakistan,2019,"1,123,564,612.26",HEALTH
Pakistan,2019,"817,842,681.27",HEALTH
Pakistan,2019,"817,842,681.27",HEALTH
Pakistan,2019,"163,620.02",HEALTH
Pakistan,2019,"45,398.84",HEALTH
Pakistan,2019,"294,373,928.41",HEALTH
Pakistan,2019,"224,712.92",HEALTH
Pakistan,2019,"15,855,401.25",HEALTH
Pakistan,2019,"163,620,015.41",HEALTH
Pakistan,2019,"1,123,564,612.26",HEALTH
Pakistan,2019,"6,544,800.62",HEALTH
Pakistan,2019,"14,562,181.37",HEALTH
Pakistan,2019,"337,069,383.68",HEALTH
Pakistan,2019,"4,826,790.45",HEALTH
Panama,2019,"7,415,526.44",HEALTH
Panama,2019,"224,712,922.45",HEALTH
Papua New Guinea,2019,"764,263.44",HEALTH
Papua New Guinea,2019,"332,288.45",HEALTH
Peru,2019,"16,362,001.54",HEALTH
Peru,2019,"318,343,306.43",HEALTH
Peru,2019,"196,623,807.15",HEALTH
Peru,2019,"196,623,807.15",HEALTH
Peru,2019,"318,343,306.43",HEALTH
Philippines,2019,"246,932,808.84",HEALTH
Philippines,2019,"163,620,015.41",HEALTH
Philippines,2019,"215,848.99",HEALTH
Philippines,2019,"2,806,036.91",HEALTH
Philippines,2019,"323,773.49",HEALTH
Philippines,2019,"204,035.58",HEALTH
Philippines,2019,"674,138.77",HEALTH
Philippines,2019,"23,311.69",HEALTH
Philippines,2019,"21,584.90",HEALTH
Philippines,2019,"4,316.98",HEALTH
Philippines,2019,"151,094.29",HEALTH
Philippines,2019,"490,860.05",HEALTH
Philippines,2019,"818,100.08",HEALTH
Philippines,2019,"314,589,333.27",HEALTH
Philippines,2019,"43,169,798.56",HEALTH
Philippines,2019,"112,356,461.23",HEALTH
Philippines,2019,"224,712,922.45",HEALTH
Philippines,2019,"224,712,922.45",HEALTH
Philippines,2019,"37,452,153.74",HEALTH
Romania,2019,"125,835,733.31",HEALTH
Romania,2019,"35,953,066.66",HEALTH
Russia,2019,"110,824,327.66",HEALTH
Russia,2019,"327,240,030.81",HEALTH
Russia,2019,"46,815,192.22",HEALTH
Russia,2019,"46,815,192.22",HEALTH
Russia,2019,"163,620,015.41",HEALTH
Russia,2019,"163,620,015.41",HEALTH
Russia,2019,"35,953,065.94",HEALTH
Russia,2019,"27,963,496.01",HEALTH
Russia,2019,"27,963,496.01",HEALTH
Russia,2019,"27,963,496.01",HEALTH
Russia,2019,"93,433,031.98",HEALTH
Russia,2019,"93,433,031.98",HEALTH
Russia,2019,"93,684,703.45",HEALTH
Russia,2019,"93,684,703.45",HEALTH
Russia,2019,"93,118,442.65",HEALTH
Russia,2019,"93,118,442.65",HEALTH
Russia,2019,"92,929,689.05",HEALTH
Russia,2019,"92,929,689.05",HEALTH
Russia,2019,"93,630,383.98",HEALTH
Russia,2019,"93,630,383.98",HEALTH
Russia,2019,"34,483,190.11",HEALTH
Russia,2019,"113,252,159.98",HEALTH
Russia,2019,"16,853,469.18",HEALTH
Rwanda,2019,"48,088,565.40",HEALTH
Rwanda,2019,"49,086,004.62",HEALTH
Samoa,2019,"163,620.02",HEALTH
Sao Tome and Principe,2019,"163,586.45",HEALTH
Sao Tome and Principe,2019,"5,617,823.06",HEALTH
Sao Tome and Principe,2019,"28,237.04",HEALTH
Sao Tome and Principe,2019,"25,816,354.55",HEALTH
Senegal,2019,"1,929.66",HEALTH
Senegal,2019,"82,975.26",HEALTH
Senegal,2019,"103,735.09",HEALTH
Senegal,2019,"49,086,004.62",HEALTH
Senegal,2019,"112,356,461.23",HEALTH
Senegal,2019,"33,723,976.53",HEALTH
Senegal,2019,"3,595,406.76",HEALTH
Senegal,2019,"164,844,810.63",HEALTH
Serbia,2019,"499,986,252.46",HEALTH
Serbia,2019,"31,458,933.33",HEALTH
Serbia,2019,"1,110,518,341.77",HEALTH
Serbia,2019,"153,108.15",HEALTH
Serbia,2019,"5,057.16",HEALTH
Serbia,2019,"14,606,339.96",HEALTH
Seychelles,2019,"233,976.62",HEALTH
Seychelles,2019,"24,543,002.31",HEALTH
Sierra Leone,2019,"33,869,343.19",HEALTH
Sierra Leone,2019,"73,629,006.93",HEALTH
Sierra Leone,2019,"40,905,003.85",HEALTH
Sierra Leone,2019,"1,123,564.61",HEALTH
Solomon Islands,2019,"561,782,306.13",HEALTH
Solomon Islands,2019,"11,697,969.76",HEALTH
Solomon Islands,2019,"13,143,981.63",HEALTH
Solomon Islands,2019,"11,697,969.76",HEALTH
South Africa,2019,"18,726,077.25",HEALTH
South Africa,2019,"89,926.58",HEALTH
South Africa,2019,"39,098.51",HEALTH
South Africa,2019,"23,594,856.86",HEALTH
South Africa,2019,"5,617,823.06",HEALTH
South Africa,2019,"22,471,292.25",HEALTH
South Africa,2019,"21,347,727.63",HEALTH
South Africa,2019,"10,112,081.51",HEALTH
South Africa,2019,"8,988,516.90",HEALTH
South Africa,2019,"50,560,407.55",HEALTH
South Africa,2019,"13,482,775.35",HEALTH
South Africa,2019,"88,010,750.35",HEALTH
South Africa,2019,"1,642.14",HEALTH
South Africa,2019,"8,836.26",HEALTH
South Africa,2019,"505,604,075.52",HEALTH
South Africa,2019,"45,964,006.97",HEALTH
South Africa,2019,"52,626.60",HEALTH
South Africa,2019,"67,413,876.74",HEALTH
South Africa,2019,"41,613,504.12",HEALTH
South Africa,2019,"74,287.17",HEALTH
South Africa,2019,"18,726,077.25",HEALTH
South Africa,2019,"18,726,077.25",HEALTH
South Africa,2019,"29,567,489.80",HEALTH
South Africa,2019,"41,613,504.12",HEALTH
South Africa,2019,"41,613,504.12",HEALTH
South Africa,2019,"41,613,504.12",HEALTH
South Sudan,2019,"49,086,004.62",HEALTH
South Sudan,2019,"827,543,229.15",HEALTH
South Sudan,2019,"7,864,952.29",HEALTH
South Sudan,2019,"8,181.00",HEALTH
South Sudan,2019,"2,247,129.22",HEALTH
South Sudan,2019,"28,089,115.31",HEALTH
Sri Lanka,2019,"1,123,564,612.26",HEALTH
Sri Lanka,2019,"1,111,709,882.04",HEALTH
Sri Lanka,2019,"8,181.00",HEALTH
Sri Lanka,2019,"84,894.52",HEALTH
Sri Lanka,2019,"16,420,404.69",HEALTH
Sri Lanka,2019,"378,932.42",HEALTH
Sri Lanka,2019,"4,831,388.30",HEALTH
Sri Lanka,2019,"9,473,310.40",HEALTH
Sri Lanka,2019,"224,712,922.45",HEALTH
Sri Lanka,2019,"49,189,658.72",HEALTH
Sri Lanka,2019,"47,156,006.78",HEALTH
Sri Lanka,2019,"112,356,461.23",HEALTH
Sri Lanka,2019,"82,102,023.47",HEALTH
Sri Lanka,2019,"216,847.97",HEALTH
Sudan,2019,"14,071,321.32",HEALTH
Sudan,2019,"15,729,904.57",HEALTH
Suriname,2019,"160,912,058.17",HEALTH
Suriname,2019,"229,068,021.57",HEALTH
Suriname,2019,"13,819,844.73",HEALTH
Suriname,2019,"5,617,823.06",HEALTH
Suriname,2019,"16,853,469.18",HEALTH
Syrian Arab Republic,2019,"1,849,735.12",HEALTH
Syrian Arab Republic,2019,"16,362,001.54",HEALTH
Tajikistan,2019,"9,817,200.92",HEALTH
Tajikistan,2019,"37,289,001.51",HEALTH
Tajikistan,2019,"213,851,360.13",HEALTH
Tajikistan,2019,"409,050,038.51",HEALTH
Tajikistan,2019,"33,706,938.37",HEALTH
Tajikistan,2019,"11,235,646.12",HEALTH
Tajikistan,2019,"22,471,292.25",HEALTH
Tanzania,2019,"29,207,459.71",HEALTH
Tanzania,2019,"57,995.03",HEALTH
Tanzania,2019,"105,633.65",HEALTH
Tanzania,2019,"47,189,713.72",HEALTH
Tanzania,2019,"19,454,419.83",HEALTH
Thailand,2019,"397,596.64",HEALTH
Thailand,2019,"16,362,001.54",HEALTH
Togo,2019,"1,736,691.48",HEALTH
Togo,2019,"224,712.92",HEALTH
Tonga,2019,"14,859.14",HEALTH
Tonga,2019,"842,017.83",HEALTH
Tonga,2019,"74,295.69",HEALTH
Tonga,2019,"693,426.44",HEALTH
Trinidad and Tobago,2019,"112,627,346.74",HEALTH
Trinidad and Tobago,2019,"191,414.27",HEALTH
Trinidad and Tobago,2019,"182,689,196.71",HEALTH
Tunisia,2019,"94,902.32",HEALTH
Tunisia,2019,"44,504,644.19",HEALTH
Tunisia,2019,"26,425,503.99",HEALTH
Turkey,2019,"1,143,212,589.17",HEALTH
Turkey,2019,"90,186,470.06",HEALTH
Turkey,2019,"18,549,993.85",HEALTH
Turkey,2019,"11,764,382.15",HEALTH
Turkey,2019,"11,214,183.58",HEALTH
Turkey,2019,"56,178,230.61",HEALTH
Turkey,2019,"393,247,614.29",HEALTH
Turkey,2019,"157,299,045.72",HEALTH
Turkey,2019,"14,873,186.55",HEALTH
Turkey,2019,"26,692,904.93",HEALTH
Turkey,2019,"5,393,110.14",HEALTH
Turkey,2019,"11,954,394.66",HEALTH
Turkey,2019,"125,835,733.31",HEALTH
Turkey,2019,"224,712,922.45",HEALTH
Turkey,2019,"33,706,938.37",HEALTH
Turkey,2019,"19,662,380.71",HEALTH
Turkey,2019,"1,123,564,612.26",HEALTH
Turkey,2019,"428,827,159.60",HEALTH
Turkey,2019,"516,839,721.64",HEALTH
Turkey,2019,"33,706,938.37",HEALTH
Turkey,2019,"10,465,201.01",HEALTH
Turkey,2019,"14,695,815.46",HEALTH
Turkey,2019,"14,873,186.55",HEALTH
Turkey,2019,"14,873,186.55",HEALTH
Turkey,2019,"26,692,904.93",HEALTH
Turkey,2019,"26,692,904.93",HEALTH
Turkey,2019,"516,839,721.64",HEALTH
Turkey,2019,"516,839,721.64",HEALTH
Turkey,2019,"11,764,382.15",HEALTH
Turkey,2019,"11,214,183.58",HEALTH
Turkey,2019,"106,738,638.16",HEALTH
Turkey,2019,"220,212,533.29",HEALTH
Turkey,2019,"337,069,383.68",HEALTH
Turkey,2019,"18,875,360.00",HEALTH
Turkmenistan,2019,"1,617,933.04",HEALTH
Uganda,2019,"95,207,026.90",HEALTH
Uganda,2019,"11,685,071.97",HEALTH
Uganda,2019,"112,356.46",HEALTH
Uganda,2019,"65,728.53",HEALTH
Uganda,2019,"236,921,782.31",HEALTH
Uganda,2019,"1,910,059.84",HEALTH
Uganda,2019,"31,802.76",HEALTH
Ukraine,2019,"153,928,351.88",HEALTH
Ukraine,2019,"32,724,003.08",HEALTH
Ukraine,2019,"629,178,666.53",HEALTH
Ukraine,2019,"15,543,901.46",HEALTH
Ukraine,2019,"101,423,601.05",HEALTH
Uruguay,2019,"179,770.34",HEALTH
Uzbekistan,2019,"1,348,277,534.71",HEALTH
Uzbekistan,2019,"22,460,056.60",HEALTH
Uzbekistan,2019,"81,810,007.70",HEALTH
Uzbekistan,2019,"347,181,465.19",HEALTH
Uzbekistan,2019,"44,942,584.49",HEALTH
Uzbekistan,2019,"3,370,693.84",HEALTH
Uzbekistan,2019,"404,483,260.41",HEALTH
Uzbekistan,2019,"261,792,024.65",HEALTH
Uzbekistan,2019,"224,712,922.45",HEALTH
Uzbekistan,2019,"27,876,649.24",HEALTH
Viet Nam,2019,"128,086,365.80",HEALTH
Viet Nam,2019,"303,362,445.31",HEALTH
Viet Nam,2019,"6,769.24",HEALTH
Viet Nam,2019,"303,362,445.31",HEALTH
Viet Nam,2019,"303,362,445.31",HEALTH
Viet Nam,2019,"303,362,445.31",HEALTH
Viet Nam,2019,"168,534,691.84",HEALTH
Viet Nam,2019,"303,362,445.31",HEALTH
Viet Nam,2019,"303,362,445.31",HEALTH
Viet Nam,2019,"20,066,863.98",HEALTH
Viet Nam,2019,"52,433,015.24",HEALTH
Viet Nam,2019,"26,965,550.69",HEALTH
Viet Nam,2019,"26,965,550.69",HEALTH
West Bank and Gaza Strip,2019,"16,853,469.18",HEALTH
West Bank and Gaza Strip,2019,"561,782.31",HEALTH
West Bank and Gaza Strip,2019,"2,247,129.22",HEALTH
West Bank and Gaza Strip,2019,"1,123,564.61",HEALTH
Yemen,2019,"9,817,200.92",HEALTH
Yemen,2019,"16,362,001.54",HEALTH
Zambia,2019,"78,649,522.86",HEALTH
Zambia,2019,"267,635.79",HEALTH
Zambia,2019,"24,543,002.31",HEALTH
Zambia,2019,"33,706,938.37",HEALTH
Zambia,2019,"33,706,938.37",HEALTH
Zambia,2019,"22,302.98",HEALTH
Zambia,2019,"20,224,163.02",HEALTH
Zambia,2019,"4,460.60",HEALTH
Zambia,2019,892.12,HEALTH
Zambia,2019,"89,865,499.86",HEALTH
Zimbabwe,2019,"79,355,707.47",HEALTH
Zimbabwe,2019,"152,804.79",HEALTH
Zimbabwe,2019,"81,810.01",HEALTH
Zimbabwe,2019,"898,851.69",HEALTH
Zimbabwe,2019,"2,247,129.22",HEALTH
Zimbabwe,2019,"11,235.65",HEALTH
Zimbabwe,2019,"266,284,813.11",HEALTH
Zimbabwe,2019,"394,453,101.37",HEALTH
Zimbabwe,2019,"314,598,091.43",HEALTH
Zimbabwe,2019,"9,221,963.29",HEALTH
Zimbabwe,2019,"2,013,682.83",HEALTH
Afghanistan,2018,"8,239,144.14",HEALTH
Afghanistan,2018,"506,496.65",HEALTH
"Africa, regional",2018,"326,954,924.36",HEALTH
"Africa, regional",2018,"18,164,161.74",HEALTH
"Africa, regional",2018,"108,984,974.79",HEALTH
"Africa, regional",2018,"108,984.97",HEALTH
"Africa, regional",2018,"108,984,974.79",HEALTH
"Africa, regional",2018,"544,924,873.94",HEALTH
"Africa, regional",2018,"381,447,411.76",HEALTH
"Africa, regional",2018,"18,164,161.74",HEALTH
"Africa, regional",2018,"18,164,161.74",HEALTH
"Africa, regional",2018,"23,613,410.48",HEALTH
"Africa, regional",2018,"23,613,410.48",HEALTH
"Africa, regional",2018,"34,439,252.03",HEALTH
"Africa, regional",2018,"49,538,624.41",HEALTH
"Africa, regional",2018,"99,077,248.82",HEALTH
"Africa, regional",2018,"99,077,248.82",HEALTH
"Africa, regional",2018,"49,538,624.41",HEALTH
"Africa, regional",2018,"49,538,624.41",HEALTH
"Africa, regional",2018,"49,538,624.41",HEALTH
"Africa, regional",2018,"40,869,365.55",HEALTH
Albania,2018,"169,290.81",HEALTH
Algeria,2018,"93,476.55",HEALTH
Algeria,2018,"32,956,576.54",HEALTH
Algeria,2018,"65,433.59",HEALTH
"America, regional",2018,"21,796,994.96",HEALTH
Angola,2018,"2,179,699,495.76",HEALTH
Angola,2018,"16,478,288.27",HEALTH
Angola,2018,"752,214,295.99",HEALTH
Angola,2018,"828,721,748.29",HEALTH
Angola,2018,"1,404,925,309.99",HEALTH
Angola,2018,"162,083,936.70",HEALTH
Angola,2018,"441,447,490.82",HEALTH
Angola,2018,"1,198,834,722.67",HEALTH
Angola,2018,"65,390,984.87",HEALTH
Angola,2018,"87,187,979.83",HEALTH
Angola,2018,"10,898.50",HEALTH
Angola,2018,"823,914.41",HEALTH
Angola,2018,"3,010.92",HEALTH
Angola,2018,"2,150.66",HEALTH
Antigua and Barbuda,2018,"8,718,797.98",HEALTH
Antigua and Barbuda,2018,"3,229,184.44",HEALTH
Antigua and Barbuda,2018,"48,437,766.57",HEALTH
Antigua and Barbuda,2018,"6,539,098.49",HEALTH
Argentina,2018,"21,421,774,753.15",HEALTH
Argentina,2018,"155,692,820.19",HEALTH
Argentina,2018,"40,869,365.55",HEALTH
Argentina,2018,"26,646,826.34",HEALTH
Argentina,2018,"19,072,370.59",HEALTH
Argentina,2018,"185,274,457.14",HEALTH
Argentina,2018,"207,071,452.10",HEALTH
Argentina,2018,"77,846,410.10",HEALTH
Argentina,2018,"136,231,218.48",HEALTH
Argentina,2018,"43,593,989.92",HEALTH
Azerbaijan,2018,"4,214,448.98",HEALTH
Azerbaijan,2018,"156,198,567.04",HEALTH
Azerbaijan,2018,"9,808,647.73",HEALTH
Bahamas,2018,"3,269.55",HEALTH
Bangladesh,2018,"2,907,653,736.36",HEALTH
Bangladesh,2018,"2,162,261,899.79",HEALTH
Bangladesh,2018,"254,930,973.89",HEALTH
Bangladesh,2018,"323,322,091.91",HEALTH
Bangladesh,2018,"92,528,243.59",HEALTH
Bangladesh,2018,"323,322,091.91",HEALTH
Bangladesh,2018,"323,322,091.91",HEALTH
Bangladesh,2018,"323,322,091.91",HEALTH
Barbados,2018,"38,066.63",HEALTH
Barbados,2018,"21,752.36",HEALTH
Barbados,2018,"217,969.95",HEALTH
Belarus,2018,"114,029,754.84",HEALTH
Belarus,2018,"131,826,306.17",HEALTH
Belarus,2018,"20,955,439.20",HEALTH
Belarus,2018,"288,370,044.75",HEALTH
Belarus,2018,"418,548,522.10",HEALTH
Belarus,2018,"326,954,924.36",HEALTH
Belarus,2018,"54,492,487.39",HEALTH
Belarus,2018,"94,914,940.44",HEALTH
Benin,2018,"1,672,173.91",HEALTH
Bolivia,2018,"57,674,008.95",HEALTH
Bolivia,2018,"32,956,576.54",HEALTH
Botswana,2018,"363,752.91",HEALTH
Botswana,2018,"8,732,405.22",HEALTH
Botswana,2018,"32,956,576.54",HEALTH
Botswana,2018,"26,746.54",HEALTH
Botswana,2018,"363,752.91",HEALTH
Brazil,2018,"871,879,798.30",HEALTH
Brazil,2018,"43,593,989.92",HEALTH
Brazil,2018,"27,246,243.70",HEALTH
Brazil,2018,"16,347,746.22",HEALTH
Brazil,2018,"16,347,746.22",HEALTH
Brazil,2018,"13,078,196.97",HEALTH
Brazil,2018,"10,898,497.48",HEALTH
Brazil,2018,"4,245,616.50",HEALTH
Brazil,2018,"27,246.24",HEALTH
Brazil,2018,"16,770.43",HEALTH
Brazil,2018,"980,864,773.09",HEALTH
Brazil,2018,"4,577,368.94",HEALTH
Brazil,2018,"54,492,487.39",HEALTH
Brazil,2018,"278,873,316.81",HEALTH
Brazil,2018,"136,231,218.48",HEALTH
Brunei Darussalam,2018,"621,214,356.29",HEALTH
Brunei Darussalam,2018,"321,505,675.62",HEALTH
Brunei Darussalam,2018,"321,505,675.62",HEALTH
Brunei Darussalam,2018,"321,505,675.62",HEALTH
Brunei Darussalam,2018,"321,505,675.62",HEALTH
Bulgaria,2018,"1,928,844,294.04",HEALTH
Bulgaria,2018,"102,464,403.75",HEALTH
Bulgaria,2018,"385,768,858.81",HEALTH
Burkina Faso,2018,"117,673,177.74",HEALTH
Burkina Faso,2018,"65,913,153.09",HEALTH
Burkina Faso,2018,"8,239,144.14",HEALTH
Burkina Faso,2018,"4,943,486.48",HEALTH
Burkina Faso,2018,"197,739,459.26",HEALTH
Burkina Faso,2018,"160,820.01",HEALTH
Burkina Faso,2018,"20,390,233.91",HEALTH
Burkina Faso,2018,"37,263.17",HEALTH
Burundi,2018,"8,239,144.14",HEALTH
Burundi,2018,"544,924.87",HEALTH
Burundi,2018,"23,613,410.48",HEALTH
Burundi,2018,"49,434,864.81",HEALTH
Cabo Verde,2018,"25,667.25",HEALTH
Cambodia,2018,"1,198,834,722.67",HEALTH
Cambodia,2018,"227,686,450.51",HEALTH
Cambodia,2018,"282,704,299.98",HEALTH
Cambodia,2018,"14,833,755.10",HEALTH
Cambodia,2018,"192,348,092.05",HEALTH
Cambodia,2018,"14,830,459.44",HEALTH
Cambodia,2018,"692,088.11",HEALTH
Cambodia,2018,"2,724,624.37",HEALTH
Cambodia,2018,"22,049,597.54",HEALTH
Cambodia,2018,"8,239,144.14",HEALTH
Cambodia,2018,"2,471,743.24",HEALTH
Cambodia,2018,"197,739,459.26",HEALTH
Cameroon,2018,"70,603,906.65",HEALTH
Cameroon,2018,"97,881,032.33",HEALTH
Cameroon,2018,"45,534,760.56",HEALTH
Cameroon,2018,"65,913,153.09",HEALTH
Cameroon,2018,"8,825,488.33",HEALTH
Cameroon,2018,"88,058,761.35",HEALTH
Cameroon,2018,"3,269,549.24",HEALTH
Cameroon,2018,"3,160,564.27",HEALTH
Cameroon,2018,"44,106,239.52",HEALTH
Cameroon,2018,"39,224.39",HEALTH
Central African Republic,2018,"32,684,684.79",HEALTH
Central African Republic,2018,"2,353,463.55",HEALTH
Central African Republic,2018,"1,647,828.83",HEALTH
Central African Republic,2018,"13,728.54",HEALTH
Central African Republic,2018,"3,922,439.26",HEALTH
Chad,2018,"98,060,981.45",HEALTH
Chad,2018,"329,565.77",HEALTH
Chad,2018,"38,117.28",HEALTH
Chad,2018,"32,956,576.54",HEALTH
Chile,2018,"80,648,881.34",HEALTH
Chile,2018,"1,416,804,672.24",HEALTH
Chile,2018,"1,307,819,697.45",HEALTH
Chile,2018,"217,969,949.58",HEALTH
Chile,2018,"217,969,949.58",HEALTH
Colombia,2018,"38,144,741.18",HEALTH
Colombia,2018,"1,884,750.03",HEALTH
Colombia,2018,"1,762.87",HEALTH
Colombia,2018,"38,144,741.18",HEALTH
Comoros,2018,"6,540,472.83",HEALTH
Comoros,2018,"1,831,332.39",HEALTH
Comoros,2018,"115,348.02",HEALTH
Comoros,2018,"170,052,293.59",HEALTH
Comoros,2018,"93,431,894.50",HEALTH
Comoros,2018,"2,115,241.42",HEALTH
Comoros,2018,"527,305.22",HEALTH
Congo,2018,"33,340.73",HEALTH
Congo,2018,"50,991,710.36",HEALTH
Cook Islands,2018,"8,239,144.14",HEALTH
Costa Rica,2018,"12,495,963.87",HEALTH
Costa Rica,2018,"6,371,456.92",HEALTH
Costa Rica,2018,"16,478,288.27",HEALTH
Cote d'Ivoire,2018,"324,457,496.07",HEALTH
Cote d'Ivoire,2018,"41,264,812.13",HEALTH
Cote d'Ivoire,2018,"158,368,485.05",HEALTH
Cote d'Ivoire,2018,"72,565.13",HEALTH
Cote d'Ivoire,2018,"99,014,007.09",HEALTH
Cote d'Ivoire,2018,"32,956,576.54",HEALTH
Cote d'Ivoire,2018,"346,044.05",HEALTH
Cote d'Ivoire,2018,"104,468,839.87",HEALTH
Cote d'Ivoire,2018,"83,851,564.30",HEALTH
Cote d'Ivoire,2018,"17,110,127.40",HEALTH
Cote d'Ivoire,2018,"13,765,290.46",HEALTH
Cote d'Ivoire,2018,"91,393,312.35",HEALTH
Cote d'Ivoire,2018,"30,031,551.52",HEALTH
Cote d'Ivoire,2018,"156,153,469.86",HEALTH
Cote d'Ivoire,2018,"107,650,954.92",HEALTH
Cote d'Ivoire,2018,"49,434.86",HEALTH
Cote d'Ivoire,2018,"32,948,961.93",HEALTH
Cote d'Ivoire,2018,"83,851,564.30",HEALTH
Cuba,2018,"7,519,963.26",HEALTH
Cuba,2018,"3,269,549.24",HEALTH
Cuba,2018,"39,234,590.92",HEALTH
Cuba,2018,"8,391,843.06",HEALTH
Democratic People's Republic of Korea,2018,"1,111,646.74",HEALTH
Democratic People's Republic of Korea,2018,"59,974,431.63",HEALTH
Democratic People's Republic of Korea,2018,"272,455,870.62",HEALTH
Democratic Republic of the Congo,2018,"325,734,292.65",HEALTH
Democratic Republic of the Congo,2018,"1,089,849.75",HEALTH
Democratic Republic of the Congo,2018,"5,449,248.74",HEALTH
Democratic Republic of the Congo,2018,"61,688,016.21",HEALTH
Democratic Republic of the Congo,2018,"10,353,572.60",HEALTH
Democratic Republic of the Congo,2018,"2,724,624.37",HEALTH
Democratic Republic of the Congo,2018,"34,875,191.93",HEALTH
Djibouti,2018,"381,447.41",HEALTH
Djibouti,2018,"7,628,948.24",HEALTH
Dominica,2018,"1,743,759.60",HEALTH
Dominica,2018,"16,347,746.22",HEALTH
Dominica,2018,"49,434,864.81",HEALTH
Dominica,2018,"451,925.98",HEALTH
Dominican Republic,2018,"692,088,107.41",HEALTH
Dominican Republic,2018,"54,492,487.39",HEALTH
Ecuador,2018,"735,648,579.82",HEALTH
Ecuador,2018,"252,117,810.56",HEALTH
Ecuador,2018,"80,035,046.14",HEALTH
Ecuador,2018,"32,956,576.54",HEALTH
Ecuador,2018,"54,492,487.39",HEALTH
Ecuador,2018,"5,449,248.74",HEALTH
Ecuador,2018,"34,292.12",HEALTH
Egypt,2018,"2,966,091,888.90",HEALTH
Egypt,2018,"1,153,480,179.02",HEALTH
Egypt,2018,"758,660,392.03",HEALTH
Egypt,2018,"653,909,848.73",HEALTH
Egypt,2018,"57,674,008.95",HEALTH
Egypt,2018,"49,434,864.81",HEALTH
Egypt,2018,"217,969,949.58",HEALTH
Egypt,2018,"16,478,288.27",HEALTH
Egypt,2018,"54,492,487.39",HEALTH
Egypt,2018,"41,917,298.58",HEALTH
El Salvador,2018,"164,782,882.72",HEALTH
El Salvador,2018,"14,500,893.68",HEALTH
El Salvador,2018,"1,138,320.15",HEALTH
Equatorial Guinea,2018,494.35,HEALTH
Equatorial Guinea,2018,692.09,HEALTH
Equatorial Guinea,2018,494.35,HEALTH
Equatorial Guinea,2018,"2,205,219.86",HEALTH
Eritrea,2018,"95,470,837.91",HEALTH
Eritrea,2018,"948,169,280.65",HEALTH
Eritrea,2018,"719,300,833.60",HEALTH
Ethiopia,2018,"8,239,144.14",HEALTH
Ethiopia,2018,"176,317,684.51",HEALTH
Ethiopia,2018,"2,807,452,950.54",HEALTH
Ethiopia,2018,"88,982,756.67",HEALTH
Ethiopia,2018,"16,478,288.27",HEALTH
Ethiopia,2018,"63,279,262.23",HEALTH
Ethiopia,2018,"60,816,747.23",HEALTH
Fiji,2018,"52,379.43",HEALTH
Fiji,2018,"20,951.77",HEALTH
Fiji,2018,"20,951.77",HEALTH
Fiji,2018,"8,904,503.60",HEALTH
Fiji,2018,"5,449,248.74",HEALTH
Fiji,2018,"24,625.16",HEALTH
Gabon,2018,"19,186,611.63",HEALTH
Gabon,2018,"38,821,065.84",HEALTH
Gabon,2018,"24,717,432.41",HEALTH
Gabon,2018,"98,060,981.45",HEALTH
Gambia,2018,"49,434,864.81",HEALTH
Gambia,2018,"315,677.91",HEALTH
Gambia,2018,"1,201,037.00",HEALTH
Georgia,2018,"54,492,487.39",HEALTH
Ghana,2018,"124,246,293.57",HEALTH
Ghana,2018,"2,179,699,495.76",HEALTH
Ghana,2018,"4,723,796.84",HEALTH
Ghana,2018,"329,565.77",HEALTH
Ghana,2018,"54,492,487.39",HEALTH
Ghana,2018,"4,661.55",HEALTH
Ghana,2018,"19,617.30",HEALTH
Ghana,2018,"6,539.10",HEALTH
Ghana,2018,"16,347.75",HEALTH
Ghana,2018,"2,611,808.69",HEALTH
Ghana,2018,"11,653.87",HEALTH
Ghana,2018,"217,969.95",HEALTH
Ghana,2018,"67,466,888.17",HEALTH
Ghana,2018,"71,930,083.36",HEALTH
Ghana,2018,"4,661.55",HEALTH
Ghana,2018,"102,334,370.41",HEALTH
Ghana,2018,"104,394,630.99",HEALTH
Ghana,2018,"50,437,412.57",HEALTH
Ghana,2018,"74,314,431.24",HEALTH
Ghana,2018,"91,391,947.01",HEALTH
Ghana,2018,"62,998,605.43",HEALTH
Ghana,2018,"51,061,657.67",HEALTH
Ghana,2018,"58,347,577.12",HEALTH
Ghana,2018,"43,463,050.43",HEALTH
Ghana,2018,"63,756,521.82",HEALTH
Ghana,2018,"67,466,888.17",HEALTH
Ghana,2018,"148,304.59",HEALTH
Guinea,2018,"1,281,084,266.33",HEALTH
Guinea,2018,"717,012,149.13",HEALTH
Guinea,2018,"272,462,436.97",HEALTH
Guinea,2018,"277,911,685.71",HEALTH
Guinea,2018,"4,943,486.48",HEALTH
Guinea,2018,"211,482,989.04",HEALTH
Guinea,2018,"119,664,214.11",HEALTH
Guinea,2018,"211,482,989.04",HEALTH
Guinea,2018,"119,664,214.11",HEALTH
Guinea-Bissau,2018,"17,982,520.84",HEALTH
Guinea-Bissau,2018,"3,269,549.24",HEALTH
Guinea-Bissau,2018,"15,257,896.47",HEALTH
Guyana,2018,"41,038,122.33",HEALTH
Guyana,2018,"10,898,497.48",HEALTH
Guyana,2018,"181,261.17",HEALTH
Guyana,2018,"32,530.22",HEALTH
Guyana,2018,"24,135.32",HEALTH
Guyana,2018,"1,198,834.72",HEALTH
India,2018,"95,590.83",HEALTH
Indonesia,2018,"163,477,462.18",HEALTH
Indonesia,2018,"256,114,690.75",HEALTH
Indonesia,2018,"142,102,703.09",HEALTH
Indonesia,2018,"28,022,664.31",HEALTH
Indonesia,2018,"30,625,862.63",HEALTH
Indonesia,2018,"30,625,862.63",HEALTH
Indonesia,2018,"87,187,979.83",HEALTH
Indonesia,2018,"28,663,048.37",HEALTH
Indonesia,2018,"21,796,994.96",HEALTH
Indonesia,2018,"38,282,328.29",HEALTH
Indonesia,2018,"11,356,234.37",HEALTH
Indonesia,2018,"30,625,862.63",HEALTH
Indonesia,2018,"22,265,630.35",HEALTH
Indonesia,2018,"1,373,210,682.33",HEALTH
Indonesia,2018,"30,625.86",HEALTH
Indonesia,2018,"751,996.33",HEALTH
Indonesia,2018,"8,195,670.10",HEALTH
Indonesia,2018,"2,157,902.50",HEALTH
Indonesia,2018,"2,157,902.50",HEALTH
Indonesia,2018,"8,195,670.10",HEALTH
Indonesia,2018,"751,996.33",HEALTH
Indonesia,2018,"44,024,677.53",HEALTH
Indonesia,2018,"163,477,462.18",HEALTH
Indonesia,2018,"27,246,243.70",HEALTH
Indonesia,2018,"21,796,994.96",HEALTH
Indonesia,2018,"70,840,233.61",HEALTH
Indonesia,2018,"7,656.47",HEALTH
Iran,2018,"1,981,346,841.64",HEALTH
Iran,2018,"546,505,883.31",HEALTH
Iran,2018,"731,635,999.26",HEALTH
Iran,2018,"321,326,621.30",HEALTH
Iraq,2018,"190,098,132.12",HEALTH
Iraq,2018,"190,098,132.12",HEALTH
Iraq,2018,"190,098,132.12",HEALTH
Iraq,2018,"190,098,132.12",HEALTH
Iraq,2018,"10,898,497,478.79",HEALTH
Jamaica,2018,"41,195,720.68",HEALTH
Jamaica,2018,"465,550.56",HEALTH
Jamaica,2018,"42,141.53",HEALTH
Jamaica,2018,"21,576.46",HEALTH
Jamaica,2018,"3,269,549.24",HEALTH
Jamaica,2018,"8,428.31",HEALTH
Jamaica,2018,"8,428.31",HEALTH
Jordan,2018,"13,363,891.79",HEALTH
Jordan,2018,"4,943,486.48",HEALTH
Kazakhstan,2018,"792,552,151.62",HEALTH
Kazakhstan,2018,"544,924,873.94",HEALTH
Kazakhstan,2018,"31,585.25",HEALTH
Kenya,2018,"196,133,419.37",HEALTH
Kenya,2018,"52,049,948.83",HEALTH
Kenya,2018,"186,388,050.74",HEALTH
Kenya,2018,"871,879.80",HEALTH
Kenya,2018,"538,072.77",HEALTH
Kenya,2018,"141,680.47",HEALTH
Kenya,2018,"3,269.55",HEALTH
Kenya,2018,"48,426,549.45",HEALTH
Kenya,2018,"164,782.88",HEALTH
Kenya,2018,"51,654.99",HEALTH
Kyrgyz Republic,2018,"16,478,288.27",HEALTH
Kyrgyz Republic,2018,"57,674,008.95",HEALTH
Kyrgyz Republic,2018,"7,367,384.30",HEALTH
Kyrgyz Republic,2018,"1,565,437.39",HEALTH
Kyrgyz Republic,2018,"30,515,792.94",HEALTH
Lao People's Democratic Republic,2018,"3,295,657.65",HEALTH
Lao People's Democratic Republic,2018,"54,927,627.57",HEALTH
Lao People's Democratic Republic,2018,"108,984,974.79",HEALTH
Lao People's Democratic Republic,2018,"154,056.16",HEALTH
Lao People's Democratic Republic,2018,"208,617.72",HEALTH
Lao People's Democratic Republic,2018,"27,246.24",HEALTH
Lao People's Democratic Republic,2018,"102,704.11",HEALTH
Lao People's Democratic Republic,2018,"92,278,414.32",HEALTH
Lao People's Democratic Republic,2018,"22,886,844.71",HEALTH
Lao People's Democratic Republic,2018,"108,984,974.79",HEALTH
Lao People's Democratic Republic,2018,"54,927,627.57",HEALTH
Lao People's Democratic Republic,2018,"54,927,627.57",HEALTH
Lao People's Democratic Republic,2018,"22,886,844.71",HEALTH
Lao People's Democratic Republic,2018,"22,886,844.71",HEALTH
Lebanon,2018,"823,914.41",HEALTH
Lesotho,2018,"115,348,017.90",HEALTH
Lesotho,2018,"70,856,639.57",HEALTH
Lesotho,2018,"37,023.68",HEALTH
Lesotho,2018,"4,119,572.07",HEALTH
Lesotho,2018,"24,717,432.41",HEALTH
Lesotho,2018,"164,782.88",HEALTH
Lesotho,2018,"12,341,227.60",HEALTH
Lesotho,2018,"5,479.51",HEALTH
Lesotho,2018,"8,227.49",HEALTH
Lesotho,2018,"4,113,742.53",HEALTH
Lesotho,2018,"16,290.42",HEALTH
Lesotho,2018,"4,401.70",HEALTH
Liberia,2018,"21,796,994.96",HEALTH
Liberia,2018,"10,898,497.48",HEALTH
Liberia,2018,"21,796,994.96",HEALTH
Liberia,2018,"555,108.55",HEALTH
Liberia,2018,"58,851,886.39",HEALTH
Libya,2018,"6,539,098.49",HEALTH
Madagascar,2018,"219,992,594.88",HEALTH
Madagascar,2018,"72,571,521.68",HEALTH
Madagascar,2018,"67,275,083.61",HEALTH
Madagascar,2018,"44,408,979.56",HEALTH
Madagascar,2018,"87,216.00",HEALTH
Madagascar,2018,"272,462.44",HEALTH
Madagascar,2018,"97,629.85",HEALTH
Madagascar,2018,"145,143.04",HEALTH
Madagascar,2018,"290,841.79",HEALTH
Madagascar,2018,"6,183.22",HEALTH
Madagascar,2018,"97,629.85",HEALTH
Madagascar,2018,"97,629.85",HEALTH
Malawi,2018,"165,657,161.68",HEALTH
Malawi,2018,"24,717,432.41",HEALTH
Malawi,2018,"183,094,757.64",HEALTH
Malawi,2018,"45,045.16",HEALTH
Malawi,2018,"48,048.17",HEALTH
Malawi,2018,"828,285.81",HEALTH
Malawi,2018,"193,694.19",HEALTH
Malawi,2018,"6,456.47",HEALTH
Malawi,2018,"113,943,791.14",HEALTH
Malawi,2018,"48,607,298.76",HEALTH
Malawi,2018,"39,234,590.92",HEALTH
Malaysia,2018,"164,782.88",HEALTH
Malaysia,2018,"27,025,241.90",HEALTH
Malaysia,2018,"10,566,869,581.50",HEALTH
Malaysia,2018,"5,321,270,129.40",HEALTH
Malaysia,2018,"13,512.62",HEALTH
Malaysia,2018,"458,884,103.74",HEALTH
Malaysia,2018,"458,884,103.74",HEALTH
Malaysia,2018,"39,234,590.92",HEALTH
Malaysia,2018,"163,477,462.18",HEALTH
Malaysia,2018,"54,492,487.39",HEALTH
Malaysia,2018,"21,115,838.87",HEALTH
Malaysia,2018,"21,115,838.87",HEALTH
Maldives,2018,"781,121.90",HEALTH
Maldives,2018,"51,408,212.61",HEALTH
Maldives,2018,"21,781,246.63",HEALTH
Maldives,2018,"73,361,059.35",HEALTH
Maldives,2018,"42,427,459.43",HEALTH
Mali,2018,"186,863,789.00",HEALTH
Mali,2018,"1,176,731.78",HEALTH
Marshall Islands,2018,"196,172,954.62",HEALTH
Marshall Islands,2018,"32,695,492.44",HEALTH
Marshall Islands,2018,"43,593,989.92",HEALTH
Marshall Islands,2018,"37,926,771.23",HEALTH
Marshall Islands,2018,"37,926,771.23",HEALTH
Marshall Islands,2018,"37,926,771.23",HEALTH
Marshall Islands,2018,"56,454,216.94",HEALTH
Marshall Islands,2018,"209,920,044.13",HEALTH
Marshall Islands,2018,"167,936,035.32",HEALTH
Mauritania,2018,"49,434,864.81",HEALTH
Mauritania,2018,"322,974.45",HEALTH
Mauritania,2018,"49,434,864.81",HEALTH
Mauritania,2018,"65,913,153.09",HEALTH
Mauritius,2018,"80,307,758.37",HEALTH
Mauritius,2018,"32,019.35",HEALTH
Mauritius,2018,"4,802,901.95",HEALTH
Mauritius,2018,"531,841.34",HEALTH
Mauritius,2018,"4,690.00",HEALTH
Mauritius,2018,"2,247.89",HEALTH
Mauritius,2018,"2,288.33",HEALTH
Mauritius,2018,"3,362.03",HEALTH
Mauritius,2018,"1,120.68",HEALTH
Mauritius,2018,"1,040.53",HEALTH
Mauritius,2018,"2,241.35",HEALTH
Mauritius,2018,"1,120.68",HEALTH
Mauritius,2018,"2,241.35",HEALTH
Mauritius,2018,"2,375.84",HEALTH
Mauritius,2018,"2,081.07",HEALTH
Mauritius,2018,"53,402,637.65",HEALTH
Mexico,2018,"3,487,519.19",HEALTH
Mexico,2018,"114,434,223.53",HEALTH
Mexico,2018,"3,705,489.14",HEALTH
Micronesia,2018,"217,969.95",HEALTH
Micronesia,2018,"108,984.97",HEALTH
"Middle East, regional",2018,"395,574,281.87",HEALTH
Mongolia,2018,"1,977,394,592.60",HEALTH
Mongolia,2018,"60,182,004.43",HEALTH
Mongolia,2018,"62,121,435.63",HEALTH
Mongolia,2018,"21,894,841.33",HEALTH
Mongolia,2018,"26,701,318.82",HEALTH
Mongolia,2018,"54,492,487.39",HEALTH
Mongolia,2018,"164,782.88",HEALTH
Mongolia,2018,"22,245,689.17",HEALTH
Mongolia,2018,"164,782,882.72",HEALTH
Mongolia,2018,"11,370,018.91",HEALTH
Mongolia,2018,"22,886,844.71",HEALTH
Mongolia,2018,"21,796.99",HEALTH
Mongolia,2018,"17,631.77",HEALTH
Mongolia,2018,"9,708.09",HEALTH
Mongolia,2018,"53,533,419.62",HEALTH
Mongolia,2018,"9,227.84",HEALTH
Montenegro,2018,"3,295,657.65",HEALTH
Montenegro,2018,"642,948.10",HEALTH
Montenegro,2018,"38,576.89",HEALTH
Montenegro,2018,"90,012.73",HEALTH
Montenegro,2018,"9,063,058.55",HEALTH
Montenegro,2018,"24,432,027.72",HEALTH
Montenegro,2018,"44,684,892.81",HEALTH
Morocco,2018,"4,808,713.59",HEALTH
Morocco,2018,"55,756,459.06",HEALTH
Morocco,2018,"1,602,904.53",HEALTH
Morocco,2018,"1,430,069.61",HEALTH
Morocco,2018,"163,477,462.18",HEALTH
Morocco,2018,"96,442,214.70",HEALTH
Mozambique,2018,"3,269,549.24",HEALTH
Mozambique,2018,"1,961,729.55",HEALTH
Mozambique,2018,"13,078,196.97",HEALTH
Mozambique,2018,"108,984,974.79",HEALTH
Mozambique,2018,"4,141,429.04",HEALTH
Myanmar,2018,"22,575,254.93",HEALTH
Myanmar,2018,"108,984,974.79",HEALTH
Myanmar,2018,"545,469.80",HEALTH
Myanmar,2018,"980,864.77",HEALTH
Myanmar,2018,"98,086.48",HEALTH
Myanmar,2018,"108,984.97",HEALTH
Myanmar,2018,"12,119,537.23",HEALTH
Myanmar,2018,"15,244.70",HEALTH
Myanmar,2018,"152,447.01",HEALTH
Myanmar,2018,"121,957.61",HEALTH
Myanmar,2018,"7,622.35",HEALTH
Myanmar,2018,"7,622.35",HEALTH
Myanmar,2018,"3,811.18",HEALTH
Myanmar,2018,"2,615,639.39",HEALTH
Myanmar,2018,"32,956,576.54",HEALTH
Myanmar,2018,"9,146.82",HEALTH
Myanmar,2018,"3,269.55",HEALTH
Myanmar,2018,"164,782.88",HEALTH
Myanmar,2018,"371,208.47",HEALTH
Namibia,2018,"74,047,525.45",HEALTH
Namibia,2018,"4,936,501.70",HEALTH
Namibia,2018,"5,923,802.04",HEALTH
Namibia,2018,"2,653,004.41",HEALTH
Namibia,2018,"49,434,864.81",HEALTH
Namibia,2018,"24,682.51",HEALTH
Namibia,2018,"7,255.34",HEALTH
Namibia,2018,"37,846.51",HEALTH
Namibia,2018,"16,478.29",HEALTH
Namibia,2018,"4,113.75",HEALTH
Namibia,2018,"8,227.50",HEALTH
Namibia,2018,"16,455.01",HEALTH
Namibia,2018,"4,113.75",HEALTH
Namibia,2018,"300,728.76",HEALTH
Namibia,2018,"16,455.01",HEALTH
Namibia,2018,"12,341.25",HEALTH
Namibia,2018,"15,220,880.23",HEALTH
Namibia,2018,"30,441,760.46",HEALTH
Namibia,2018,"73,657,948.57",HEALTH
Nepal,2018,"79,095,783.70",HEALTH
Nepal,2018,"24,223,083.76",HEALTH
Nepal,2018,"11,639,180.06",HEALTH
Nepal,2018,"9,948,017.15",HEALTH
Nepal,2018,"49,434.86",HEALTH
Nepal,2018,"4,449,137.83",HEALTH
Nepal,2018,"19,896,034.29",HEALTH
Nepal,2018,"130,168,929.26",HEALTH
Niger,2018,"8,239,144.14",HEALTH
Niger,2018,"82,391.44",HEALTH
Nigeria,2018,"110,348,505.24",HEALTH
Nigeria,2018,"28,336,093.44",HEALTH
Nigeria,2018,"415,336,329.82",HEALTH
Nigeria,2018,"87,187,979.83",HEALTH
Nigeria,2018,"379,000,630.25",HEALTH
Nigeria,2018,"171,107,554.64",HEALTH
Nigeria,2018,"54,492,487.39",HEALTH
Nigeria,2018,"21,092.91",HEALTH
Nigeria,2018,"14,162.38",HEALTH
Nigeria,2018,"13,559.73",HEALTH
Nigeria,2018,"14,162.38",HEALTH
Nigeria,2018,"14,162.38",HEALTH
Nigeria,2018,"14,162.38",HEALTH
Nigeria,2018,"36,159.28",HEALTH
Nigeria,2018,"7,301,993,310.79",HEALTH
Nigeria,2018,"544,924,873.94",HEALTH
Niue,2018,"21,796.99",HEALTH
Oman,2018,"186,037,351.96",HEALTH
Oman,2018,"124,242,871.26",HEALTH
Pakistan,2018,"2,179,699,495.76",HEALTH
Pakistan,2018,"3,295,657,654.33",HEALTH
Pakistan,2018,"1,445,140,765.69",HEALTH
Pakistan,2018,"141,680,467.22",HEALTH
Pakistan,2018,"17,927.13",HEALTH
Pakistan,2018,"851,538.51",HEALTH
Pakistan,2018,"54,492.49",HEALTH
Pakistan,2018,"15,257,896.47",HEALTH
Pakistan,2018,"54,677.74",HEALTH
Pakistan,2018,"13,482.10",HEALTH
Pakistan,2018,"4,119,572.07",HEALTH
Pakistan,2018,"329,565,765.43",HEALTH
Pakistan,2018,"10,463,713.05",HEALTH
Pakistan,2018,"16,461,809.98",HEALTH
Pakistan,2018,"242,016.21",HEALTH
Panama,2018,"16,313,505.39",HEALTH
Panama,2018,"43,593,989.92",HEALTH
Panama,2018,"87,187,979.83",HEALTH
Panama,2018,"11,864,367.56",HEALTH
Papua New Guinea,2018,"145,364,014.80",HEALTH
Papua New Guinea,2018,"1,656,015.45",HEALTH
Papua New Guinea,2018,"13,078,196.97",HEALTH
Papua New Guinea,2018,"23,184,216.36",HEALTH
Papua New Guinea,2018,"163,477.46",HEALTH
Papua New Guinea,2018,"139,005,937.25",HEALTH
Papua New Guinea,2018,"172,225.61",HEALTH
Papua New Guinea,2018,"6,624,061.82",HEALTH
Papua New Guinea,2018,"326,954,924.36",HEALTH
Papua New Guinea,2018,"1,987,218.55",HEALTH
Papua New Guinea,2018,"871,879.80",HEALTH
Paraguay,2018,"3,269,549.24",HEALTH
Peru,2018,"1,291,166.79",HEALTH
Philippines,2018,"82,391,441.36",HEALTH
Philippines,2018,"14,603,986.62",HEALTH
Philippines,2018,"4,256,341.86",HEALTH
Philippines,2018,"2,936,430.97",HEALTH
Philippines,2018,"4,534,824.93",HEALTH
Philippines,2018,"67,665,324.54",HEALTH
Philippines,2018,"230,192,229.28",HEALTH
Philippines,2018,"43,987,148.85",HEALTH
Philippines,2018,"15,995,325.86",HEALTH
Philippines,2018,"59,982,474.72",HEALTH
Philippines,2018,"3,101,871.22",HEALTH
Philippines,2018,"80,812,358.81",HEALTH
Philippines,2018,"19,028,776.60",HEALTH
Philippines,2018,"16,067.69",HEALTH
Philippines,2018,"56,867.64",HEALTH
Philippines,2018,"1,089,849.75",HEALTH
Philippines,2018,"6,203,742.44",HEALTH
Russia,2018,"146,821,548.50",HEALTH
Russia,2018,"1,977,394,592.60",HEALTH
Russia,2018,"10,710,887,376.58",HEALTH
Russia,2018,"82,131,077.00",HEALTH
Russia,2018,"82,131,077.00",HEALTH
Russia,2018,"82,131,077.00",HEALTH
Russia,2018,"68,744,368.63",HEALTH
Russia,2018,"31,138,564.26",HEALTH
Russia,2018,"659,131,530.87",HEALTH
Russia,2018,"31,138,564.26",HEALTH
Russia,2018,"68,744,368.63",HEALTH
Rwanda,2018,"84,916,065.97",HEALTH
Rwanda,2018,"56,026,180.12",HEALTH
Rwanda,2018,"17,437,595.97",HEALTH
Rwanda,2018,"922,784.14",HEALTH
Samoa,2018,"12,876.56",HEALTH
Samoa,2018,"515,062.57",HEALTH
Sao Tome and Principe,2018,"31,605,642.69",HEALTH
Sao Tome and Principe,2018,"10,898,497.48",HEALTH
Sao Tome and Principe,2018,"50,201,917.15",HEALTH
Senegal,2018,"21,573,415.92",HEALTH
Senegal,2018,"49,434,864.81",HEALTH
Senegal,2018,"39,224,392.58",HEALTH
Senegal,2018,"173,022,026.85",HEALTH
Senegal,2018,"8,668,403.71",HEALTH
Senegal,2018,"50,176,765.15",HEALTH
Senegal,2018,"39,224,392.58",HEALTH
Senegal,2018,"49,434,864.81",HEALTH
Senegal,2018,"32,956,576.54",HEALTH
Senegal,2018,"87,152,930.58",HEALTH
Serbia,2018,"32,695.49",HEALTH
Serbia,2018,"40,461.54",HEALTH
Serbia,2018,"10,484.35",HEALTH
Serbia,2018,"236,768,285.03",HEALTH
Serbia,2018,"771,537,717.62",HEALTH
Serbia,2018,"205,743,391.36",HEALTH
Seychelles,2018,"6,231,495.41",HEALTH
Seychelles,2018,"8,239,144.14",HEALTH
Sierra Leone,2018,"1,634,774.62",HEALTH
Sierra Leone,2018,"8,239,144.14",HEALTH
Sierra Leone,2018,"263,652.61",HEALTH
Sierra Leone,2018,"1,634,774.62",HEALTH
Sierra Leone,2018,"2,179,699.50",HEALTH
Somalia,2018,"1,634,774.62",HEALTH
Somalia,2018,"6,539,098.49",HEALTH
Somalia,2018,"24,630.60",HEALTH
Somalia,2018,"15,802.82",HEALTH
South Africa,2018,"2,724,624,369.70",HEALTH
South Africa,2018,"329,098,899.45",HEALTH
South Africa,2018,"112,145,539.06",HEALTH
South Africa,2018,"544,924,873.94",HEALTH
South Africa,2018,"1,198,834,722.67",HEALTH
South Africa,2018,"16,454.94",HEALTH
South Africa,2018,"10,898,497.48",HEALTH
South Africa,2018,"27,246,243.70",HEALTH
South Africa,2018,"16,347,746.22",HEALTH
South Africa,2018,"21,796,994.96",HEALTH
South Africa,2018,"21,796,994.96",HEALTH
South Africa,2018,"21,796,994.96",HEALTH
South Africa,2018,"20,707,145.21",HEALTH
South Africa,2018,"16,347,746.22",HEALTH
South Africa,2018,"7,628,948.24",HEALTH
South Africa,2018,"34,875,191.93",HEALTH
South Africa,2018,"20,707,145.21",HEALTH
South Africa,2018,"38,144,741.18",HEALTH
South Africa,2018,"17,437,595.97",HEALTH
South Africa,2018,"6,539,098.49",HEALTH
South Africa,2018,"11,988,347.23",HEALTH
South Africa,2018,"245,216,193.27",HEALTH
South Africa,2018,"95,361,852.94",HEALTH
South Africa,2018,"2,550.52",HEALTH
South Africa,2018,"64,997.03",HEALTH
South Africa,2018,"4,113.74",HEALTH
South Africa,2018,"185,274,457.14",HEALTH
South Africa,2018,"6,006.05",HEALTH
South Africa,2018,"329,098.90",HEALTH
South Africa,2018,"27,246,243.70",HEALTH
South Africa,2018,"47,625,784.99",HEALTH
South Africa,2018,"47,625,784.99",HEALTH
South Africa,2018,"23,812,891.85",HEALTH
South Africa,2018,"23,812,891.85",HEALTH
South Africa,2018,"54,769,652.03",HEALTH
South Africa,2018,"54,769,652.03",HEALTH
South Africa,2018,"18,283,272.17",HEALTH
South Africa,2018,"18,283,272.17",HEALTH
South Africa,2018,"6,094,424.06",HEALTH
South Africa,2018,"6,094,424.06",HEALTH
South Africa,2018,"10,551,068.07",HEALTH
South Africa,2018,"10,551,068.07",HEALTH
South Africa,2018,"32,695,492.44",HEALTH
South Africa,2018,"245,216,193.27",HEALTH
South Africa,2018,"95,361,852.94",HEALTH
South Sudan,2018,"271,154,617.27",HEALTH
South Sudan,2018,"3,269,549.24",HEALTH
South Sudan,2018,"65,913,153.09",HEALTH
South Sudan,2018,"16,478,288.27",HEALTH
South Sudan,2018,"2,506,654.42",HEALTH
South Sudan,2018,"1,416,804,672.24",HEALTH
South Sudan,2018,"49,434,864.81",HEALTH
South Sudan,2018,"7,628,948.24",HEALTH
South Sudan,2018,"5,449.25",HEALTH
South Sudan,2018,"544,924.87",HEALTH
South Sudan,2018,"1,634,774.62",HEALTH
Sri Lanka,2018,"1,089,849,747.88",HEALTH
Sri Lanka,2018,"386,896,660.50",HEALTH
Sri Lanka,2018,"92,625,240.22",HEALTH
Sri Lanka,2018,"92,637,228.57",HEALTH
Sri Lanka,2018,"32,768.97",HEALTH
Sri Lanka,2018,"329,565,765.43",HEALTH
Sri Lanka,2018,"544,924,873.94",HEALTH
Sri Lanka,2018,"22,232,934.86",HEALTH
Sudan,2018,"65,913,153.09",HEALTH
Sudan,2018,"32,956,576.54",HEALTH
Sudan,2018,"31,060,717.81",HEALTH
Sudan,2018,"4,448.76",HEALTH
Sudan,2018,"32,956,576.54",HEALTH
Sudan,2018,"544,924.87",HEALTH
Sudan,2018,"1,089,849.75",HEALTH
Suriname,2018,"156,991,618.46",HEALTH
Suriname,2018,"12,858,961.96",HEALTH
Suriname,2018,"10,898.50",HEALTH
Suriname,2018,"32,695,492.44",HEALTH
Syrian Arab Republic,2018,"32,695.49",HEALTH
Syrian Arab Republic,2018,"2,393,834.57",HEALTH
Syrian Arab Republic,2018,"13,078,196.97",HEALTH
Tajikistan,2018,"98,086,477.31",HEALTH
Tajikistan,2018,"148,304,594.44",HEALTH
Tajikistan,2018,"32,695,492.44",HEALTH
Tajikistan,2018,"326,954.92",HEALTH
Tajikistan,2018,"10,898,497.48",HEALTH
Tanzania,2018,"63,636,883.38",HEALTH
Tanzania,2018,"1,472,436.89",HEALTH
Tanzania,2018,"21,796.99",HEALTH
Tanzania,2018,"49,043,238.65",HEALTH
Tanzania,2018,"7,959,771.45",HEALTH
Tanzania,2018,"1,481,639.52",HEALTH
Tanzania,2018,"174,174,873.77",HEALTH
Thailand,2018,"106,362,390.87",HEALTH
Thailand,2018,"329,565,765.43",HEALTH
Timor-Leste,2018,"1,483,045.94",HEALTH
Togo,2018,"16,478,288.27",HEALTH
Togo,2018,"666,814.67",HEALTH
Tonga,2018,"15,682,687.41",HEALTH
Tonga,2018,"544,924.87",HEALTH
Tonga,2018,"19,603.36",HEALTH
Tonga,2018,"14,702.52",HEALTH
Tonga,2018,"57,633.88",HEALTH
Tonga,2018,"2,179,699.50",HEALTH
Tonga,2018,"24,504.20",HEALTH
Tonga,2018,"10,710,887.38",HEALTH
Tonga,2018,"131,826.31",HEALTH
Tonga,2018,"16,478,288.27",HEALTH
Tonga,2018,"6,371,091.76",HEALTH
Tonga,2018,"2,695,461.90",HEALTH
Tonga,2018,"4,449,137.83",HEALTH
Trinidad and Tobago,2018,"164,149.14",HEALTH
Trinidad and Tobago,2018,"10,898,497.48",HEALTH
Tunisia,2018,"32,956,576.54",HEALTH
Tunisia,2018,"4,957,826.17",HEALTH
Turkey,2018,"12,941,965.76",HEALTH
Turkey,2018,"31,665,193.83",HEALTH
Turkey,2018,"217,969,949.58",HEALTH
Turkey,2018,"165,439,191.73",HEALTH
Turkey,2018,"88,225,338.01",HEALTH
Turkey,2018,"97,214,597.51",HEALTH
Turkey,2018,"103,535,726.05",HEALTH
Turkey,2018,"1,307,819,697.45",HEALTH
Turkey,2018,"3,923,459,092.36",HEALTH
Turkey,2018,"165,439,191.73",HEALTH
Turkey,2018,"353,621,453.91",HEALTH
Turkey,2018,"38,923,204.50",HEALTH
Turkey,2018,"26,563,246.36",HEALTH
Turkey,2018,"11,599,115.02",HEALTH
Turkey,2018,"13,106,876.37",HEALTH
Turkey,2018,"22,689,298.90",HEALTH
Turkey,2018,"4,158,636.68",HEALTH
Turkey,2018,"435,939,899.15",HEALTH
Uganda,2018,"384,522.15",HEALTH
Uganda,2018,"544,924.87",HEALTH
Uganda,2018,"11,534,801.79",HEALTH
Uganda,2018,"58,503.78",HEALTH
Uganda,2018,"76,289.48",HEALTH
Uganda,2018,"163,477,462.18",HEALTH
Uganda,2018,"24,864.11",HEALTH
Uganda,2018,"87,187.98",HEALTH
Uganda,2018,"3,802.75",HEALTH
Uganda,2018,"2,925.19",HEALTH
Uganda,2018,"1,462.59",HEALTH
Uganda,2018,"1,462.59",HEALTH
Uganda,2018,"32,695,492.44",HEALTH
Uganda,2018,"10,898,497.48",HEALTH
Ukraine,2018,"172,310,090.27",HEALTH
Ukraine,2018,"544,924,873.94",HEALTH
Ukraine,2018,"10,898,497.48",HEALTH
Ukraine,2018,"1,647,828.83",HEALTH
Ukraine,2018,"544,924,873.94",HEALTH
Ukraine,2018,"152,578,964.70",HEALTH
Uruguay,2018,"5,209,481.79",HEALTH
Uruguay,2018,"4,359,398.99",HEALTH
Uruguay,2018,"3,455,913.55",HEALTH
Uzbekistan,2018,"93,509,108.37",HEALTH
Uzbekistan,2018,"544,924,873.94",HEALTH
Uzbekistan,2018,"272,462,436.97",HEALTH
Uzbekistan,2018,"114,216,253.58",HEALTH
Uzbekistan,2018,"7,084,023.36",HEALTH
Vanuatu,2018,"3,295,657.65",HEALTH
Vanuatu,2018,"49,434,864.81",HEALTH
Vanuatu,2018,"57,674,008.95",HEALTH
Vanuatu,2018,"201,778.11",HEALTH
Vanuatu,2018,"50,444.53",HEALTH
Vanuatu,2018,"108,984.97",HEALTH
Venezuela,2018,"5,449,248,739.39",HEALTH
Venezuela,2018,"272,462,436.97",HEALTH
Viet Nam,2018,"1,743,759,596.61",HEALTH
Viet Nam,2018,"152,578,964.70",HEALTH
Viet Nam,2018,"39,779,515.80",HEALTH
Viet Nam,2018,"19,072,370.59",HEALTH
Viet Nam,2018,"54,492,487.39",HEALTH
Viet Nam,2018,"87,187,979.83",HEALTH
Viet Nam,2018,"39,779,515.80",HEALTH
West Bank and Gaza Strip,2018,"2,561,146.91",HEALTH
West Bank and Gaza Strip,2018,"1,089,849.75",HEALTH
West Bank and Gaza Strip,2018,"16,478,288.27",HEALTH
Zambia,2018,"160,207,912.94",HEALTH
Zambia,2018,"32,695,492.44",HEALTH
Zambia,2018,"208,433,764.28",HEALTH
Zambia,2018,"223,353,997.84",HEALTH
Zambia,2018,"215,127,379.32",HEALTH
Zambia,2018,"212,319,226.85",HEALTH
Zambia,2018,"141,390,682.16",HEALTH
Zambia,2018,"32,695,492.44",HEALTH
Zambia,2018,"87,187.98",HEALTH
Zambia,2018,"342,212.82",HEALTH
Zambia,2018,"130,781.97",HEALTH
Zambia,2018,"10,405.62",HEALTH
Zambia,2018,"5,202.81",HEALTH
Zambia,2018,"228,868,447.05",HEALTH
Zambia,2018,"286,497,154.86",HEALTH
Zambia,2018,"10,405.62",HEALTH
Zambia,2018,"348,751.92",HEALTH
Zambia,2018,"32,695,492.44",HEALTH
Zambia,2018,"444,658,697.13",HEALTH
Zambia,2018,"18,462,054.73",HEALTH
Zambia,2018,"16,347,746.22",HEALTH
Zambia,2018,"213,356,048.35",HEALTH
Zambia,2018,"223,422,467.86",HEALTH
Zambia,2018,"1,154,052,348.52",HEALTH
Zambia,2018,"203,801,902.85",HEALTH
Zimbabwe,2018,"172,221,099.65",HEALTH
Zimbabwe,2018,"3,295,657.65",HEALTH
Zimbabwe,2018,"13,182,630.62",HEALTH
Zimbabwe,2018,"6,539,098.49",HEALTH
Afghanistan,2017,"2,322,434.78",HEALTH
Afghanistan,2017,"1,152,338.16",HEALTH
Afghanistan,2017,"3,069,515.54",HEALTH
Afghanistan,2017,"1,152,338.16",HEALTH
Afghanistan,2017,"85,264,320.51",HEALTH
Afghanistan,2017,"57,616,907.85",HEALTH
Afghanistan,2017,"578,321.83",HEALTH
Afghanistan,2017,"8,526,432.05",HEALTH
"Africa, regional",2017,"288,084,539.26",HEALTH
"Africa, regional",2017,"4,609,352.63",HEALTH
"Africa, regional",2017,"25,639,523.99",HEALTH
"Africa, regional",2017,"33,898,271.68",HEALTH
"Africa, regional",2017,"20,807,933.73",HEALTH
"Africa, regional",2017,"20,807,933.73",HEALTH
"Africa, regional",2017,"20,807,933.73",HEALTH
"Africa, regional",2017,"20,829,058.17",HEALTH
"Africa, regional",2017,"20,829,058.17",HEALTH
"Africa, regional",2017,"20,829,058.17",HEALTH
"Africa, regional",2017,"46,093,526.28",HEALTH
Albania,2017,"3,457,014.47",HEALTH
Albania,2017,"427,990.19",HEALTH
Albania,2017,"171,081.20",HEALTH
Albania,2017,"171,081.20",HEALTH
Albania,2017,"1,712,257.04",HEALTH
Algeria,2017,"3,716,290,556.39",HEALTH
Algeria,2017,"34,105,728.21",HEALTH
"America, regional",2017,"34,570,144.71",HEALTH
"America, regional",2017,"5,761,690.79",HEALTH
Angola,2017,"69,140,289.42",HEALTH
Angola,2017,"1,152,338,157.02",HEALTH
Angola,2017,"1,152,338,157.02",HEALTH
Angola,2017,"75,247,681.65",HEALTH
Angola,2017,"40,677,536.94",HEALTH
Angola,2017,"8,526,432.05",HEALTH
Angola,2017,"34,570.14",HEALTH
Angola,2017,"433,279,147.04",HEALTH
Angola,2017,"43,788,849.97",HEALTH
Angola,2017,"32,265,468.40",HEALTH
Antigua and Barbuda,2017,"201,659.18",HEALTH
Antigua and Barbuda,2017,"2,304,676.31",HEALTH
Argentina,2017,"11,937,004,871.77",HEALTH
Argentina,2017,"172,850,723.55",HEALTH
Argentina,2017,"57,616,907.85",HEALTH
Argentina,2017,"26,503,777.61",HEALTH
Argentina,2017,"41,772,258.19",HEALTH
Argentina,2017,"2,535,143,945.45",HEALTH
Argentina,2017,"382,000,099.05",HEALTH
Argentina,2017,"345,701,447.11",HEALTH
Argentina,2017,"379,119,253.66",HEALTH
Argentina,2017,"18,725,495.05",HEALTH
Argentina,2017,"400,207,041.93",HEALTH
Argentina,2017,"192,168,725.57",HEALTH
Argentina,2017,"11,062,446.31",HEALTH
Argentina,2017,"115,233,815.70",HEALTH
Argentina,2017,"84,500,957.05",HEALTH
Argentina,2017,"20,742,086.83",HEALTH
Argentina,2017,"26,503,777.61",HEALTH
Argentina,2017,"216,063,404.44",HEALTH
Argentina,2017,"17,285,072.36",HEALTH
Armenia,2017,"17,052,864.10",HEALTH
"Asia, regional",2017,"5,934,541.51",HEALTH
Azerbaijan,2017,"3,850,536.71",HEALTH
Azerbaijan,2017,"530,075,552.23",HEALTH
Azerbaijan,2017,"24,694,606.70",HEALTH
Azerbaijan,2017,"24,694,606.70",HEALTH
Bahamas,2017,"57,616.91",HEALTH
Bangladesh,2017,"177,832,382.72",HEALTH
Bangladesh,2017,"97,144,027.76",HEALTH
Bangladesh,2017,"867,468,641.22",HEALTH
Bangladesh,2017,"85,264,320.51",HEALTH
Bangladesh,2017,"539,109,883.38",HEALTH
Bangladesh,2017,"68,195,372.13",HEALTH
Bangladesh,2017,"95,496.04",HEALTH
Bangladesh,2017,"4,609,352.63",HEALTH
Barbados,2017,"3,499,074.81",HEALTH
Barbados,2017,"5,185,521.71",HEALTH
Barbados,2017,"230,467.63",HEALTH
Barbados,2017,"8,526,432.05",HEALTH
Barbados,2017,"5,761.69",HEALTH
Belarus,2017,"6,821,145.64",HEALTH
Belarus,2017,"59,529,843.30",HEALTH
Belarus,2017,"82,766,688.13",HEALTH
Belarus,2017,"90,988,620.88",HEALTH
Belarus,2017,"115,233,815.70",HEALTH
Belarus,2017,"28,810,813.90",HEALTH
Belarus,2017,"222,071,349.89",HEALTH
Belarus,2017,"390,510.59",HEALTH
Belarus,2017,"18,898,345.78",HEALTH
Benin,2017,"51,158,592.31",HEALTH
Benin,2017,"103,296,769.34",HEALTH
Benin,2017,"12,448,590.79",HEALTH
Benin,2017,"170,528.64",HEALTH
Bolivia,2017,"12,448,590.79",HEALTH
Bolivia,2017,"4,839,820.26",HEALTH
Bolivia,2017,"456,480,323.49",HEALTH
Bolivia,2017,"8,526,432.05",HEALTH
Bolivia,2017,"997,251.49",HEALTH
Bosnia and Herzegovina,2017,"797,877,329.59",HEALTH
Bosnia and Herzegovina,2017,"6,480,088.36",HEALTH
Bosnia and Herzegovina,2017,"3,410,572.82",HEALTH
Botswana,2017,"1,152,338.16",HEALTH
Botswana,2017,"17,840.36",HEALTH
Brazil,2017,"5,761,690,785.10",HEALTH
Brazil,2017,"192,060,200.63",HEALTH
Brazil,2017,"192,060,200.63",HEALTH
Brazil,2017,"46,093,526.28",HEALTH
Brazil,2017,"23,046,763.14",HEALTH
Brazil,2017,"14,980,396.04",HEALTH
Brazil,2017,"5,761,690.79",HEALTH
Brazil,2017,"270,684.23",HEALTH
Brazil,2017,"63,378,598.64",HEALTH
Brazil,2017,"145,770,776.86",HEALTH
Brazil,2017,"20,165,917.75",HEALTH
Brazil,2017,"20,165,917.75",HEALTH
Brunei Darussalam,2017,"9,218.71",HEALTH
Bulgaria,2017,"103,959,651.41",HEALTH
Bulgaria,2017,"64,974,782.13",HEALTH
Burundi,2017,"37,566,223.92",HEALTH
Burundi,2017,"1,152,338.16",HEALTH
Burundi,2017,"48,057.82",HEALTH
Cabo Verde,2017,"2,216,872.33",HEALTH
Cabo Verde,2017,"14,409,670.17",HEALTH
Cabo Verde,2017,"5,761,690.79",HEALTH
Cabo Verde,2017,"1,673,010.27",HEALTH
Cabo Verde,2017,"25,919.88",HEALTH
Cabo Verde,2017,"26,308.68",HEALTH
Cabo Verde,2017,"65,977,869.97",HEALTH
Cambodia,2017,"52,693,350.08",HEALTH
Cambodia,2017,"3,069,515.54",HEALTH
Cambodia,2017,"114,436,143.55",HEALTH
Cambodia,2017,"16,132,734.20",HEALTH
Cambodia,2017,"66,295,055.54",HEALTH
Cambodia,2017,"368,748,210.25",HEALTH
Cambodia,2017,"19,887,070.58",HEALTH
Cambodia,2017,"170,528,641.03",HEALTH
Cambodia,2017,"16,132,734.20",HEALTH
Cambodia,2017,"77,998,095.12",HEALTH
Cambodia,2017,"22,286,388.10",HEALTH
Cambodia,2017,"56,274.45",HEALTH
Cambodia,2017,"8,412,068.55",HEALTH
Cambodia,2017,"11,523,381.57",HEALTH
Cambodia,2017,"74,901,980.21",HEALTH
Cameroon,2017,"170,528,641.03",HEALTH
Cameroon,2017,"142,025,677.85",HEALTH
Cameroon,2017,"604,493,541.19",HEALTH
Cameroon,2017,"16,432,841.44",HEALTH
Cameroon,2017,"163,447,448.29",HEALTH
Cameroon,2017,"1,152,338.16",HEALTH
Cameroon,2017,"19,798.60",HEALTH
Cameroon,2017,"18,246.56",HEALTH
Cameroon,2017,"15,838.88",HEALTH
Cameroon,2017,"36,834,186.46",HEALTH
Cameroon,2017,"19,798.60",HEALTH
Cameroon,2017,"1,193,700.49",HEALTH
Central African Republic,2017,"59,395.81",HEALTH
Central African Republic,2017,"388,107.38",HEALTH
Central African Republic,2017,"296,979.06",HEALTH
Central African Republic,2017,"2,304,676.31",HEALTH
Chad,2017,"906,535.21",HEALTH
Chad,2017,"10,371,043.41",HEALTH
Chad,2017,"7,919,441.66",HEALTH
Chad,2017,"168,241,370.93",HEALTH
Chad,2017,"138,590,229.01",HEALTH
Chad,2017,"39,597,208.29",HEALTH
Chad,2017,"3,702,817.42",HEALTH
Chile,2017,"1,152,338.16",HEALTH
Chile,2017,"23,588,362.07",HEALTH
Chile,2017,"30,064,502.52",HEALTH
Chile,2017,"125,178,494.00",HEALTH
Chile,2017,"49,285,502.98",HEALTH
Colombia,2017,"124,798,222.41",HEALTH
Colombia,2017,"57,616,907.85",HEALTH
Colombia,2017,"1,152,338.16",HEALTH
Colombia,2017,"57,616,907.85",HEALTH
Comoros,2017,"2,376,845.58",HEALTH
Comoros,2017,"1,663,791.91",HEALTH
Comoros,2017,"8,526,432.05",HEALTH
Congo,2017,"185,382,931.63",HEALTH
Congo,2017,"170,336,523.46",HEALTH
Congo,2017,"59,002,909.79",HEALTH
Congo,2017,"806,636.71",HEALTH
Congo,2017,"17,052,864.10",HEALTH
Congo,2017,"937,907.53",HEALTH
Congo,2017,"78,443,174.87",HEALTH
Congo,2017,"16,828,813.52",HEALTH
Congo,2017,"3,457,014.47",HEALTH
Congo,2017,"3,457,014.47",HEALTH
Cook Islands,2017,"11,937,004.87",HEALTH
Costa Rica,2017,"17,052,864.10",HEALTH
Costa Rica,2017,"20,234,502.22",HEALTH
Costa Rica,2017,"85,264.32",HEALTH
Cote d'Ivoire,2017,"98,993.02",HEALTH
Cote d'Ivoire,2017,"25,936,171.43",HEALTH
Cote d'Ivoire,2017,"29,697.91",HEALTH
Cote d'Ivoire,2017,"70,445,381.61",HEALTH
Cote d'Ivoire,2017,"67,682,817.62",HEALTH
Cote d'Ivoire,2017,"49,496,510.36",HEALTH
Cuba,2017,"13,828,057.88",HEALTH
Cuba,2017,"69,140,289.42",HEALTH
Cuba,2017,"8,296,834.73",HEALTH
Cuba,2017,"1,152,338.16",HEALTH
Cuba,2017,"13,828,057.88",HEALTH
Cuba,2017,"33,533,040.37",HEALTH
Cuba,2017,"93,915,559.80",HEALTH
Cuba,2017,"90,112,843.88",HEALTH
Cuba,2017,"1,152,338.16",HEALTH
Democratic People's Republic of Korea,2017,"214,544,622.75",HEALTH
Democratic Republic of the Congo,2017,"368,748,210.25",HEALTH
Democratic Republic of the Congo,2017,"88,504,364.69",HEALTH
Democratic Republic of the Congo,2017,"230,467.63",HEALTH
Democratic Republic of the Congo,2017,"576,169.08",HEALTH
Democratic Republic of the Congo,2017,"17,052.86",HEALTH
Democratic Republic of the Congo,2017,"5,761,690.79",HEALTH
Democratic Republic of the Congo,2017,"5,761,690.79",HEALTH
Democratic Republic of the Congo,2017,"691,402,894.21",HEALTH
Democratic Republic of the Congo,2017,"115,233,815.70",HEALTH
Democratic Republic of the Congo,2017,"640,813,776.83",HEALTH
Djibouti,2017,"44,337,446.67",HEALTH
Djibouti,2017,"172,850,723.55",HEALTH
Djibouti,2017,"23,046,763.14",HEALTH
Djibouti,2017,"43,484,803.46",HEALTH
Dominica,2017,"921,870.53",HEALTH
Dominica,2017,"3,457,014.47",HEALTH
Dominica,2017,"21,486,608.77",HEALTH
Dominica,2017,"17,052,864.10",HEALTH
Dominica,2017,"536,509.44",HEALTH
Dominican Republic,2017,"403,318,354.96",HEALTH
Ecuador,2017,"230,467,631.40",HEALTH
Ecuador,2017,"59,002,909.79",HEALTH
Ecuador,2017,"10,964,991.62",HEALTH
Ecuador,2017,"51,158,592.31",HEALTH
Ecuador,2017,"138,280,578.84",HEALTH
Ecuador,2017,"31,034,596.09",HEALTH
Ecuador,2017,"81,908,196.20",HEALTH
Egypt,2017,"3,069,515,538.46",HEALTH
Egypt,2017,"264,472,323.78",HEALTH
Egypt,2017,"69,140,289.42",HEALTH
Egypt,2017,"80,663,670.99",HEALTH
Egypt,2017,"266,190,114.27",HEALTH
Egypt,2017,"7,759,053.17",HEALTH
Egypt,2017,"46,093,526.28",HEALTH
Egypt,2017,"44,337,446.67",HEALTH
Egypt,2017,"576,169,078.51",HEALTH
Egypt,2017,"24,897,181.59",HEALTH
Egypt,2017,"115,233,815.70",HEALTH
Egypt,2017,"115,233.82",HEALTH
Egypt,2017,"264,472,323.78",HEALTH
Equatorial Guinea,2017,"240,174,016.25",HEALTH
Equatorial Guinea,2017,"334,178,065.54",HEALTH
Equatorial Guinea,2017,"17,052,864.10",HEALTH
Equatorial Guinea,2017,"122,780.62",HEALTH
Equatorial Guinea,2017,"300,838,819.23",HEALTH
Equatorial Guinea,2017,"201,774,411.29",HEALTH
Eritrea,2017,"682,114.56",HEALTH
Ethiopia,2017,"252,007,581.04",HEALTH
Ethiopia,2017,"197,142,472.84",HEALTH
Ethiopia,2017,"302,211,167.96",HEALTH
Ethiopia,2017,"63,631,057.11",HEALTH
Ethiopia,2017,"576,169,078.51",HEALTH
Ethiopia,2017,"93,802,093.90",HEALTH
Ethiopia,2017,"17,052,864.10",HEALTH
Ethiopia,2017,"6,914,028.94",HEALTH
Ethiopia,2017,"24,008.95",HEALTH
Ethiopia,2017,"103,500,584.41",HEALTH
Ethiopia,2017,"21,064,741.51",HEALTH
Fiji,2017,"6,821,252.73",HEALTH
Fiji,2017,"9,784,469.62",HEALTH
Fiji,2017,"150,960.39",HEALTH
Fiji,2017,"11,182,251.00",HEALTH
Fiji,2017,"374,605.41",HEALTH
Fiji,2017,"695,540.48",HEALTH
Fiji,2017,"51,158,592.31",HEALTH
Fiji,2017,"244,215.03",HEALTH
Fiji,2017,"2,046,545.65",HEALTH
Gabon,2017,"195,897,486.69",HEALTH
Gambia,2017,"204,053,603.65",HEALTH
Gambia,2017,"119,370.05",HEALTH
Gambia,2017,"98,749,725.44",HEALTH
Gambia,2017,"29,846,103.32",HEALTH
Gambia,2017,"14,128,297.91",HEALTH
Gambia,2017,"190,135,795.91",HEALTH
Gambia,2017,"1,181,044.93",HEALTH
Georgia,2017,"8,526,432.05",HEALTH
Georgia,2017,"17,285,072.36",HEALTH
Ghana,2017,"460,935,262.81",HEALTH
Ghana,2017,"11,523,381,570.21",HEALTH
Ghana,2017,"17,052,864.10",HEALTH
Ghana,2017,"1,765,061.68",HEALTH
Ghana,2017,"55,482,948.13",HEALTH
Ghana,2017,"55,482,948.13",HEALTH
Grenada,2017,"64,442,773.44",HEALTH
Grenada,2017,"78,613,703.51",HEALTH
Guinea,2017,"23,046,763,140.42",HEALTH
Guinea,2017,"266,396,606.73",HEALTH
Guinea,2017,"17,052,864.10",HEALTH
Guinea,2017,"5,542,180.83",HEALTH
Guinea,2017,"1,498,039,604.13",HEALTH
Guinea-Bissau,2017,"27,114,053.92",HEALTH
Guyana,2017,"2,790,165.03",HEALTH
Guyana,2017,"58,538.78",HEALTH
Guyana,2017,"180,203.94",HEALTH
Guyana,2017,"53,518,521.12",HEALTH
Guyana,2017,"134,739.32",HEALTH
Guyana,2017,"111,606.60",HEALTH
Guyana,2017,"122,767.26",HEALTH
Guyana,2017,"109,472.12",HEALTH
Guyana,2017,"99,101.08",HEALTH
Guyana,2017,"23,046.76",HEALTH
Honduras,2017,"4,609,352.63",HEALTH
India,2017,"92,187,052.56",HEALTH
Indonesia,2017,"2,743,140,982.79",HEALTH
Indonesia,2017,"1,828,760,655.19",HEALTH
Indonesia,2017,"17,224,363.81",HEALTH
Indonesia,2017,"43,060,909.54",HEALTH
Indonesia,2017,"8,612,181.91",HEALTH
Indonesia,2017,"59,921,584.17",HEALTH
Indonesia,2017,"141,046,190.42",HEALTH
Indonesia,2017,"138,280,578.84",HEALTH
Indonesia,2017,"170,528,641.03",HEALTH
Indonesia,2017,"94,656,348.56",HEALTH
Indonesia,2017,"34,448,727.63",HEALTH
Indonesia,2017,"43,060,909.54",HEALTH
Indonesia,2017,"30,142,636.68",HEALTH
Indonesia,2017,"55,185,474.34",HEALTH
Indonesia,2017,"8,612,181.91",HEALTH
Indonesia,2017,"4,306,090.95",HEALTH
Indonesia,2017,"27,656,115.77",HEALTH
Indonesia,2017,"126,757,197.27",HEALTH
Indonesia,2017,"86,121,819.07",HEALTH
Indonesia,2017,"88,153,869.01",HEALTH
Indonesia,2017,"34,282,060.17",HEALTH
Indonesia,2017,"53,871,808.84",HEALTH
Indonesia,2017,"27,300,616.65",HEALTH
Indonesia,2017,"43,060,909.54",HEALTH
Indonesia,2017,"419,451,089.16",HEALTH
Indonesia,2017,"119,843,168.33",HEALTH
Indonesia,2017,"141,046,190.42",HEALTH
Indonesia,2017,"180,110,453.94",HEALTH
Indonesia,2017,"368,748,210.25",HEALTH
Indonesia,2017,"115,233,815.70",HEALTH
Indonesia,2017,"35,722,482.87",HEALTH
Indonesia,2017,"77,509,637.17",HEALTH
Indonesia,2017,"27,989,591.20",HEALTH
Indonesia,2017,"40,907,864.06",HEALTH
Indonesia,2017,"40,907,864.06",HEALTH
Indonesia,2017,"18,437,410.51",HEALTH
Indonesia,2017,"17,285,072.36",HEALTH
Indonesia,2017,"17,285,072.36",HEALTH
Indonesia,2017,"94,656,348.56",HEALTH
Iran,2017,"2,765,611,576.85",HEALTH
Iran,2017,"11,523,381,570.21",HEALTH
Iran,2017,"1,152,338.16",HEALTH
Iran,2017,"375,662,239.19",HEALTH
Iran,2017,"706,383,290.25",HEALTH
Iran,2017,"17,285,072,355.31",HEALTH
Iran,2017,"345,701,447.11",HEALTH
Iran,2017,"2,304,676,314.04",HEALTH
Iran,2017,"377,966,915.50",HEALTH
Iran,2017,"1,718,779,922.07",HEALTH
Iran,2017,"2,535,143,945.45",HEALTH
Iran,2017,"576,169,078.51",HEALTH
Iran,2017,"612,422,463.78",HEALTH
Iraq,2017,"11,937,004.87",HEALTH
Iraq,2017,"2,304,676.31",HEALTH
Iraq,2017,"13,642,291.28",HEALTH
Iraq,2017,"86,425.36",HEALTH
Iraq,2017,"923,377.78",HEALTH
Iraq,2017,"39,208.31",HEALTH
Jamaica,2017,"376,123,174.45",HEALTH
Jamaica,2017,"2,650,377.76",HEALTH
Jordan,2017,"684,488,865.27",HEALTH
Jordan,2017,"35,811,014.62",HEALTH
Jordan,2017,"684,488,865.27",HEALTH
Jordan,2017,"281,170,510.31",HEALTH
Jordan,2017,"144,042,269.63",HEALTH
Jordan,2017,"86,425.36",HEALTH
Kazakhstan,2017,"699,469,261.31",HEALTH
Kazakhstan,2017,"19,820,216.30",HEALTH
Kazakhstan,2017,"74,325,811.13",HEALTH
Kazakhstan,2017,"138,280,578.84",HEALTH
Kazakhstan,2017,"291,887,255.17",HEALTH
Kazakhstan,2017,"500,690,929.23",HEALTH
Kazakhstan,2017,"211,972,603.98",HEALTH
Kazakhstan,2017,"917,261,172.99",HEALTH
Kazakhstan,2017,"471,306,306.22",HEALTH
Kazakhstan,2017,"749,019,802.06",HEALTH
Kazakhstan,2017,"92,187,052.56",HEALTH
Kazakhstan,2017,"115,233,815.70",HEALTH
Kazakhstan,2017,"74,325,811.13",HEALTH
Kazakhstan,2017,"73,403.94",HEALTH
Kazakhstan,2017,"115,233,815.70",HEALTH
Kazakhstan,2017,"181,081,710.22",HEALTH
Kazakhstan,2017,"181,081,710.22",HEALTH
Kazakhstan,2017,"57,616,907.85",HEALTH
Kazakhstan,2017,"57,616,907.85",HEALTH
Kenya,2017,"161,327,341.98",HEALTH
Kenya,2017,"209,595,906.10",HEALTH
Kenya,2017,"77,552,357.97",HEALTH
Kenya,2017,"84,749,303.92",HEALTH
Kenya,2017,"154,413,313.04",HEALTH
Kenya,2017,"98,140,595.79",HEALTH
Kenya,2017,"116,812,119.10",HEALTH
Kenya,2017,"204,634,369.23",HEALTH
Kenya,2017,"104,040,444.64",HEALTH
Kenya,2017,"231,079,062.03",HEALTH
Kenya,2017,"74,691,544.77",HEALTH
Kenya,2017,"155,528,084.97",HEALTH
Kenya,2017,"25,579,296.15",HEALTH
Kenya,2017,"5,761,690.79",HEALTH
Kenya,2017,"368,549,789.14",HEALTH
Kenya,2017,"328,461,315.94",HEALTH
Kyrgyz Republic,2017,"170,528.64",HEALTH
Kyrgyz Republic,2017,"47,531,448.11",HEALTH
Kyrgyz Republic,2017,"177,460,076.18",HEALTH
Lao People's Democratic Republic,2017,"1,958,974,866.94",HEALTH
Lao People's Democratic Republic,2017,"34,570,144.71",HEALTH
Lao People's Democratic Republic,2017,"11,523,381.57",HEALTH
Lao People's Democratic Republic,2017,"100,952,955.49",HEALTH
Lao People's Democratic Republic,2017,"23,046,763.14",HEALTH
Lao People's Democratic Republic,2017,"11,703,380.63",HEALTH
Lao People's Democratic Republic,2017,"199,177,452.72",HEALTH
Lao People's Democratic Republic,2017,"8,867,489.33",HEALTH
Lao People's Democratic Republic,2017,"369,900,548.40",HEALTH
Lao People's Democratic Republic,2017,"247,752,703.76",HEALTH
Lao People's Democratic Republic,2017,"165,533,376.26",HEALTH
Lao People's Democratic Republic,2017,"85,264.32",HEALTH
Lebanon,2017,"6,821,145.64",HEALTH
Lebanon,2017,"5,115,859.23",HEALTH
Lebanon,2017,"17,052,864.10",HEALTH
Lebanon,2017,"1,152,338.16",HEALTH
Lebanon,2017,"1,271,062.96",HEALTH
Lebanon,2017,"2,557,929.62",HEALTH
Lebanon,2017,"115,233.82",HEALTH
Lebanon,2017,"1,152,338.16",HEALTH
Lesotho,2017,"1,730.98",HEALTH
Lesotho,2017,"6,491.19",HEALTH
Lesotho,2017,"4,587.11",HEALTH
Lesotho,2017,"8,654.92",HEALTH
Lesotho,2017,"3,410,572.82",HEALTH
Lesotho,2017,"32,023.21",HEALTH
Lesotho,2017,"8,654.92",HEALTH
Lesotho,2017,"2,596.48",HEALTH
Liberia,2017,"11,523.38",HEALTH
Madagascar,2017,"121,261,120.43",HEALTH
Madagascar,2017,"32,400,441.79",HEALTH
Madagascar,2017,"253,514.39",HEALTH
Madagascar,2017,"5,115,859.23",HEALTH
Madagascar,2017,"27,381.86",HEALTH
Madagascar,2017,"4,774,801.95",HEALTH
Madagascar,2017,"34,105,728.21",HEALTH
Madagascar,2017,"2,280,802.17",HEALTH
Malawi,2017,"23,046,763.14",HEALTH
Malawi,2017,"92,141.94",HEALTH
Malawi,2017,"17,052,864.10",HEALTH
Malawi,2017,"33,441.17",HEALTH
Malawi,2017,"11,523.38",HEALTH
Malawi,2017,"31,773.08",HEALTH
Malawi,2017,"170,528.64",HEALTH
Malawi,2017,"34,950.39",HEALTH
Malawi,2017,"51,329,120.95",HEALTH
Malaysia,2017,"1,930,384,216.41",HEALTH
Malaysia,2017,"2,195,897,310.48",HEALTH
Malaysia,2017,"268,091,134.03",HEALTH
Malaysia,2017,"576,169,078.51",HEALTH
Malaysia,2017,"3,217.09",HEALTH
Malaysia,2017,"160,854.68",HEALTH
Malaysia,2017,"12,474,940.29",HEALTH
Malaysia,2017,"1,152,338,157.02",HEALTH
Malaysia,2017,"33,417,806.55",HEALTH
Malaysia,2017,"46,093,526.28",HEALTH
Malaysia,2017,"37,450,990.10",HEALTH
Malaysia,2017,"25,927,608.53",HEALTH
Malaysia,2017,"8,042.73",HEALTH
Maldives,2017,"425,097,546.13",HEALTH
Maldives,2017,"26,158.08",HEALTH
Maldives,2017,"35,666,753.49",HEALTH
Maldives,2017,"146,923,115.02",HEALTH
Maldives,2017,"183,221,766.97",HEALTH
Maldives,2017,"261,831.79",HEALTH
Mali,2017,"51,158,592.31",HEALTH
Mali,2017,"62,754.54",HEALTH
Mali,2017,"8,526,432.05",HEALTH
Mali,2017,"17,052,864.10",HEALTH
Mali,2017,"134,630,508.18",HEALTH
Marshall Islands,2017,"200,852,540.77",HEALTH
Marshall Islands,2017,"592,624,467.39",HEALTH
Marshall Islands,2017,"34,570,144.71",HEALTH
Mauritania,2017,"34,105,728.21",HEALTH
Mauritania,2017,"6,256,695.84",HEALTH
Mauritania,2017,"15,001,077.73",HEALTH
Mauritius,2017,"4,166,966.04",HEALTH
Mauritius,2017,"2,900,208.36",HEALTH
Mauritius,2017,"17,052,864.10",HEALTH
Mauritius,2017,"33,335.73",HEALTH
Mexico,2017,"11,235,297.03",HEALTH
Mexico,2017,"43,327,914.70",HEALTH
Mexico,2017,"92,187,052.56",HEALTH
Micronesia,2017,"51,855.22",HEALTH
Micronesia,2017,"921,870.53",HEALTH
Micronesia,2017,"1,382,805.79",HEALTH
Micronesia,2017,"15,727,771.30",HEALTH
Micronesia,2017,"1,498.04",HEALTH
Moldova,2017,"5,758,752.21",HEALTH
Moldova,2017,"4,991,373.32",HEALTH
Mongolia,2017,"2,046,343,692.30",HEALTH
Mongolia,2017,"341,057.28",HEALTH
Mongolia,2017,"18,758,150.51",HEALTH
Mongolia,2017,"130,271,473.73",HEALTH
Mongolia,2017,"24,640,940.90",HEALTH
Mongolia,2017,"8,355.90",HEALTH
Mongolia,2017,"3,581.10",HEALTH
Mongolia,2017,"14,835.99",HEALTH
Mongolia,2017,"6,650.62",HEALTH
Montenegro,2017,"146,453.16",HEALTH
Montenegro,2017,"3,410,572.82",HEALTH
Mozambique,2017,"41,675,922.72",HEALTH
Mozambique,2017,"76,226,302.54",HEALTH
Mozambique,2017,"179,764,752.50",HEALTH
Mozambique,2017,"576,169,078.51",HEALTH
Mozambique,2017,"633,785,986.36",HEALTH
Mozambique,2017,"576,169,078.51",HEALTH
Mozambique,2017,"230,467,631.40",HEALTH
Mozambique,2017,"170,546.05",HEALTH
Mozambique,2017,"453,090.58",HEALTH
Mozambique,2017,"6,914,028.94",HEALTH
Mozambique,2017,"7,374,964.20",HEALTH
Mozambique,2017,"35,811,014.62",HEALTH
Mozambique,2017,"12,107,533.51",HEALTH
Mozambique,2017,"35,811,014.62",HEALTH
Multi-Region,2017,"1,705,286.41",HEALTH
Myanmar,2017,"13,828.06",HEALTH
Myanmar,2017,"259,276,085.33",HEALTH
Myanmar,2017,"5,683,719.61",HEALTH
Myanmar,2017,"33,883.36",HEALTH
Myanmar,2017,"254,125.21",HEALTH
Myanmar,2017,"253,514.39",HEALTH
Myanmar,2017,"160,945.97",HEALTH
Myanmar,2017,"847,084.04",HEALTH
Myanmar,2017,"1,152,338.16",HEALTH
Myanmar,2017,"84,708.40",HEALTH
Myanmar,2017,"169,416.81",HEALTH
Myanmar,2017,"341,057.28",HEALTH
Myanmar,2017,"121,848,236.72",HEALTH
Myanmar,2017,"85,264,320.51",HEALTH
Myanmar,2017,"4,263,216.03",HEALTH
Myanmar,2017,"576,169.08",HEALTH
Myanmar,2017,"169,416.81",HEALTH
Myanmar,2017,"169,416.81",HEALTH
Myanmar,2017,"254,125.21",HEALTH
Myanmar,2017,"2,541,252.13",HEALTH
Myanmar,2017,"55,312,231.54",HEALTH
Namibia,2017,"34,105,728.21",HEALTH
Namibia,2017,"1,298,235.64",HEALTH
Namibia,2017,"3,461,961.71",HEALTH
Namibia,2017,"28,569.49",HEALTH
Nepal,2017,"34,105,728.21",HEALTH
Nepal,2017,"15,347,577.69",HEALTH
Nepal,2017,"4,609,352.63",HEALTH
Nepal,2017,"9,379,075.26",HEALTH
Nepal,2017,"18,138,378.74",HEALTH
Nepal,2017,"1,152,338.16",HEALTH
Nepal,2017,"1,534,757.77",HEALTH
Nepal,2017,"170,528,641.03",HEALTH
Niger,2017,"534,562.31",HEALTH
Niger,2017,"17,052,864.10",HEALTH
Niger,2017,"1,152,338.16",HEALTH
Niger,2017,"23,758.32",HEALTH
Nigeria,2017,"5,673,191,214.65",HEALTH
Nigeria,2017,"531,023,281.45",HEALTH
Nigeria,2017,"1,460,378,411.41",HEALTH
Nigeria,2017,"1,562,004,059.09",HEALTH
Nigeria,2017,"48,398,202.59",HEALTH
Nigeria,2017,"5,761,690.79",HEALTH
Nigeria,2017,"68,994.54",HEALTH
Nigeria,2017,"5,185,521,706.59",HEALTH
Nigeria,2017,"206,983.61",HEALTH
Nigeria,2017,"8,526,432.05",HEALTH
Nigeria,2017,"48,974,371.67",HEALTH
Niue,2017,"15,971,406.86",HEALTH
Oman,2017,"3,687,482,102.47",HEALTH
Oman,2017,"403,318,354.96",HEALTH
Oman,2017,"54,997,956.66",HEALTH
Oman,2017,"27,656,115.77",HEALTH
Pakistan,2017,"345,701,447.11",HEALTH
Pakistan,2017,"1,152,338,157.02",HEALTH
Pakistan,2017,"345,701,447.11",HEALTH
Pakistan,2017,"576,169,078.51",HEALTH
Pakistan,2017,"1,152,338,157.02",HEALTH
Pakistan,2017,"1,152,338,157.02",HEALTH
Pakistan,2017,"230,467,631.40",HEALTH
Pakistan,2017,"3,410,572,820.51",HEALTH
Pakistan,2017,"530,843,777.67",HEALTH
Pakistan,2017,"177,417,998.12",HEALTH
Pakistan,2017,"815,970,648.99",HEALTH
Pakistan,2017,"344,779,576.58",HEALTH
Pakistan,2017,"112,037,317.15",HEALTH
Pakistan,2017,"187,581,505.13",HEALTH
Pakistan,2017,"368,218,134.69",HEALTH
Pakistan,2017,"414,841,736.53",HEALTH
Pakistan,2017,"76,446,113.34",HEALTH
Pakistan,2017,"74,901,980.21",HEALTH
Pakistan,2017,"1,152,338.16",HEALTH
Pakistan,2017,"17,035,811.24",HEALTH
Pakistan,2017,"17,047,748.24",HEALTH
Pakistan,2017,"14,875,393.37",HEALTH
Pakistan,2017,"225,858,278.78",HEALTH
Pakistan,2017,"6,855,251.37",HEALTH
Pakistan,2017,"73,473,080.89",HEALTH
Pakistan,2017,"148,637,794.20",HEALTH
Pakistan,2017,"4,609,352.63",HEALTH
Pakistan,2017,"170,528.64",HEALTH
Pakistan,2017,"414,841,736.53",HEALTH
Pakistan,2017,"414,841,736.53",HEALTH
Pakistan,2017,"414,841,736.53",HEALTH
Pakistan,2017,"530,843,777.67",HEALTH
Pakistan,2017,"530,843,777.67",HEALTH
Pakistan,2017,"344,779,576.58",HEALTH
Pakistan,2017,"344,779,576.58",HEALTH
Pakistan,2017,"344,779,576.58",HEALTH
Pakistan,2017,"344,779,576.58",HEALTH
Pakistan,2017,"815,970,648.99",HEALTH
Panama,2017,"17,052,864.10",HEALTH
Papua New Guinea,2017,"299,607,920.83",HEALTH
Papua New Guinea,2017,"25,344,131.88",HEALTH
Papua New Guinea,2017,"88,730,038.09",HEALTH
Papua New Guinea,2017,"156,326,194.38",HEALTH
Papua New Guinea,2017,"1,023,171.85",HEALTH
Papua New Guinea,2017,"36,874,821.02",HEALTH
Papua New Guinea,2017,"131,605,478.71",HEALTH
Papua New Guinea,2017,"63,378,598.64",HEALTH
Papua New Guinea,2017,"2,304,676.31",HEALTH
Papua New Guinea,2017,"380,271,591.82",HEALTH
Papua New Guinea,2017,"4,033,183,549.57",HEALTH
Peru,2017,"420,603,427.31",HEALTH
Peru,2017,"8,526,432.05",HEALTH
Peru,2017,"3,410,572.82",HEALTH
Peru,2017,"2,535,143.95",HEALTH
Peru,2017,"72,794.57",HEALTH
Peru,2017,"1,728,507.24",HEALTH
Peru,2017,"53,005.75",HEALTH
Peru,2017,"29,960,792.08",HEALTH
Peru,2017,"4,381,808.92",HEALTH
Peru,2017,"134,823,564.37",HEALTH
Philippines,2017,"3,410,572.82",HEALTH
Philippines,2017,"265,037,776.11",HEALTH
Philippines,2017,"170,528.64",HEALTH
Philippines,2017,"4,263,216.03",HEALTH
Philippines,2017,"4,263,216.03",HEALTH
Philippines,2017,"341,057,282.05",HEALTH
Philippines,2017,"1,037,104,341.32",HEALTH
Philippines,2017,"1,485,664.56",HEALTH
Philippines,2017,"342,845.67",HEALTH
Philippines,2017,"114,281.89",HEALTH
Philippines,2017,"1,152,338.16",HEALTH
Philippines,2017,"253,514,394.54",HEALTH
Philippines,2017,"25,579,296.15",HEALTH
Philippines,2017,"691,402.89",HEALTH
Philippines,2017,"138,280,578.84",HEALTH
Philippines,2017,"86,425,361.78",HEALTH
Russia,2017,"195,084,765.33",HEALTH
Russia,2017,"288,084,539.26",HEALTH
Russia,2017,"562,744,515.38",HEALTH
Russia,2017,"354,565,586.77",HEALTH
Russia,2017,"576,169,078.51",HEALTH
Russia,2017,"749,019,802.06",HEALTH
Russia,2017,"1,023,171,846.15",HEALTH
Russia,2017,"3,457,014,471.06",HEALTH
Russia,2017,"44,320,698.39",HEALTH
Russia,2017,"170,528,641.03",HEALTH
Russia,2017,"1,880,615,872.26",HEALTH
Russia,2017,"44,320,698.39",HEALTH
Russia,2017,"86,425,361.78",HEALTH
Russia,2017,"86,425,361.78",HEALTH
Russia,2017,"54,227,677.37",HEALTH
Russia,2017,"16,946,148.96",HEALTH
Russia,2017,"32,487,391.06",HEALTH
Russia,2017,"32,487,391.06",HEALTH
Russia,2017,"37,547,976.87",HEALTH
Russia,2017,"26,678,825.67",HEALTH
Rwanda,2017,"8,066,367.10",HEALTH
Rwanda,2017,"34,570.14",HEALTH
Rwanda,2017,"45,450,521.59",HEALTH
Samoa,2017,"42,632.16",HEALTH
Samoa,2017,"3,462,985.16",HEALTH
Samoa,2017,"14,664,316.94",HEALTH
Samoa,2017,"1,355,702.70",HEALTH
Samoa,2017,"1,137,494.89",HEALTH
Samoa,2017,"42,632,160.26",HEALTH
Samoa,2017,"13,988,151.40",HEALTH
Samoa,2017,"184,374.11",HEALTH
Samoa,2017,"46,093.53",HEALTH
Sao Tome and Principe,2017,"21,203,022.09",HEALTH
Sao Tome and Principe,2017,"1,152,338.16",HEALTH
Sao Tome and Principe,2017,"43,788,849.97",HEALTH
Sao Tome and Principe,2017,"12,560,485.91",HEALTH
Sao Tome and Principe,2017,"3,898,486.93",HEALTH
Sao Tome and Principe,2017,"168,241,370.93",HEALTH
Sao Tome and Principe,2017,"12,560,485.91",HEALTH
Senegal,2017,"5,471,354.53",HEALTH
Senegal,2017,"6,255,024.66",HEALTH
Senegal,2017,"98,993,020.72",HEALTH
Senegal,2017,"3,959,720.83",HEALTH
Senegal,2017,"138,590.23",HEALTH
Senegal,2017,"68,211.46",HEALTH
Serbia,2017,"71,241.00",HEALTH
Serbia,2017,"34,570.14",HEALTH
Serbia,2017,"34,570.14",HEALTH
Serbia,2017,"166,335,442.25",HEALTH
Serbia,2017,"342,979,807.60",HEALTH
Seychelles,2017,"5,044,430.23",HEALTH
Seychelles,2017,"1,615,927.65",HEALTH
Seychelles,2017,"1,538,978.71",HEALTH
Seychelles,2017,"2,137,470.44",HEALTH
Seychelles,2017,"3,019,561.74",HEALTH
Seychelles,2017,"8,412,068.55",HEALTH
Sierra Leone,2017,"759,390,845.48",HEALTH
Sierra Leone,2017,"609,586,885.06",HEALTH
Sierra Leone,2017,"149,803,960.41",HEALTH
Sierra Leone,2017,"1,152,338.16",HEALTH
Sierra Leone,2017,"1,613.27",HEALTH
Sint Maarten (Dutch part),2017,"121,312.40",HEALTH
Somalia,2017,"42,060.34",HEALTH
Somalia,2017,"2,304,676.31",HEALTH
Somalia,2017,"1,152,338.16",HEALTH
Somalia,2017,"11,523,381.57",HEALTH
South Africa,2017,"1,728,507,235.53",HEALTH
South Africa,2017,"1,728,507,235.53",HEALTH
South Africa,2017,"86,289,250.46",HEALTH
South Africa,2017,"115,233,815.70",HEALTH
South Africa,2017,"1,152,338,157.02",HEALTH
South Africa,2017,"20,742,086.83",HEALTH
South Africa,2017,"35,722,482.87",HEALTH
South Africa,2017,"10,371,043.41",HEALTH
South Africa,2017,"26,503,777.61",HEALTH
South Africa,2017,"16,132,734.20",HEALTH
South Africa,2017,"13,828,057.88",HEALTH
South Africa,2017,"33,417,806.55",HEALTH
South Africa,2017,"17,285,072.36",HEALTH
South Africa,2017,"8,066,367.10",HEALTH
South Africa,2017,"24,199,101.30",HEALTH
South Africa,2017,"80,663,670.99",HEALTH
South Africa,2017,"86,548.90",HEALTH
South Africa,2017,"88,894,657.66",HEALTH
South Africa,2017,"88,894,657.66",HEALTH
South Africa,2017,"88,894,657.66",HEALTH
South Africa,2017,"88,894,657.66",HEALTH
South Africa,2017,"32,409,510.67",HEALTH
South Africa,2017,"32,409,510.67",HEALTH
South Africa,2017,"32,409,510.67",HEALTH
South Africa,2017,"25,207,397.18",HEALTH
South Africa,2017,"25,207,397.18",HEALTH
South Sudan,2017,"5,761,690.79",HEALTH
South Sudan,2017,"852,643.21",HEALTH
South Sudan,2017,"49,319.87",HEALTH
South Sudan,2017,"17,052,864.10",HEALTH
South Sudan,2017,"1,152,338.16",HEALTH
Sri Lanka,2017,"927,632,216.40",HEALTH
Sri Lanka,2017,"170,430,813.42",HEALTH
Sri Lanka,2017,"279,079,244.32",HEALTH
Sri Lanka,2017,"98,395,025.87",HEALTH
Sri Lanka,2017,"63,148,131.00",HEALTH
Sri Lanka,2017,"118,114,661.09",HEALTH
Sri Lanka,2017,"279,557,236.89",HEALTH
Sri Lanka,2017,"547,360,624.58",HEALTH
Sri Lanka,2017,"77,206,656.52",HEALTH
Sri Lanka,2017,"2,557,929.62",HEALTH
Sri Lanka,2017,"17,052.86",HEALTH
Sri Lanka,2017,"337,635.08",HEALTH
Sri Lanka,2017,"3,777.43",HEALTH
Sri Lanka,2017,"69,140,289.42",HEALTH
Sri Lanka,2017,"8,265.02",HEALTH
Sudan,2017,"78,221,487.64",HEALTH
Sudan,2017,"184,374,105.12",HEALTH
Sudan,2017,"85,264,320.51",HEALTH
Sudan,2017,"69,140,289.42",HEALTH
Sudan,2017,"17,052,864.10",HEALTH
Suriname,2017,"136,422,912.82",HEALTH
Suriname,2017,"25,579,296.15",HEALTH
Suriname,2017,"8,526,432.05",HEALTH
Suriname,2017,"113,467,951.52",HEALTH
Suriname,2017,"15,390.90",HEALTH
Suriname,2017,"403,318.35",HEALTH
Syrian Arab Republic,2017,"1,152,338.16",HEALTH
Syrian Arab Republic,2017,"1,152,338.16",HEALTH
Syrian Arab Republic,2017,"1,152,338.16",HEALTH
Syrian Arab Republic,2017,"34,105,728.21",HEALTH
Syrian Arab Republic,2017,"18,758,150.51",HEALTH
Syrian Arab Republic,2017,"5,115,859.23",HEALTH
Syrian Arab Republic,2017,"288,084.54",HEALTH
Syrian Arab Republic,2017,"288,084.54",HEALTH
Syrian Arab Republic,2017,"1,152,338.16",HEALTH
Tajikistan,2017,"255,792,961.54",HEALTH
Tajikistan,2017,"93,114,129.02",HEALTH
Tajikistan,2017,"11,937,004.87",HEALTH
Tajikistan,2017,"23,046,763.14",HEALTH
Tajikistan,2017,"2,304,676.31",HEALTH
Tajikistan,2017,"1,613,273.42",HEALTH
Tajikistan,2017,"11,523,381.57",HEALTH
Tanzania,2017,"4,945,330.59",HEALTH
Tanzania,2017,"11,542,701.78",HEALTH
Tanzania,2017,"154,589.76",HEALTH
Tanzania,2017,"345,701,447.11",HEALTH
Tanzania,2017,"23,046.76",HEALTH
Tanzania,2017,"14,980,396.04",HEALTH
Thailand,2017,"33,967.92",HEALTH
Thailand,2017,"576,169,078.51",HEALTH
Thailand,2017,"16,983.96",HEALTH
Thailand,2017,"2,455.61",HEALTH
Timor-Leste,2017,"1,382,805.79",HEALTH
Togo,2017,"6,821,145.64",HEALTH
Togo,2017,"17,052,864.10",HEALTH
Tonga,2017,"30,301,828.85",HEALTH
Tunisia,2017,"40,926,873.85",HEALTH
Tunisia,2017,"75,050,798.86",HEALTH
Tunisia,2017,"5,531,223.15",HEALTH
Tunisia,2017,"10,731,235.02",HEALTH
Turkey,2017,"23,903,630.27",HEALTH
Turkey,2017,"49,200,903.65",HEALTH
Turkey,2017,"230,467,631.40",HEALTH
Turkey,2017,"288,084,539.26",HEALTH
Turkey,2017,"230,467,631.40",HEALTH
Turkey,2017,"460,935,262.81",HEALTH
Turkey,2017,"35,607,249.05",HEALTH
Turkey,2017,"47,410,484.01",HEALTH
Turkey,2017,"460,935,262.81",HEALTH
Turkey,2017,"259,899,128.52",HEALTH
Turkey,2017,"172,850.72",HEALTH
Turkey,2017,"18,948,868.87",HEALTH
Turkey,2017,"117,929,229.56",HEALTH
Turkey,2017,"11,951,815.14",HEALTH
Turkey,2017,"24,600,451.83",HEALTH
Turkey,2017,"14,191,954.14",HEALTH
Turkey,2017,"27,545,887.90",HEALTH
Uganda,2017,"34,105,728.21",HEALTH
Uganda,2017,"5,761,690.79",HEALTH
Uganda,2017,"28,720.40",HEALTH
Ukraine,2017,"1,958,974,866.94",HEALTH
Ukraine,2017,"57,616,907.85",HEALTH
Ukraine,2017,"115,233.82",HEALTH
Uruguay,2017,"8,867,489.33",HEALTH
Uruguay,2017,"39,505,074.35",HEALTH
Uruguay,2017,"20,626,853.01",HEALTH
Uzbekistan,2017,"18,448,933.89",HEALTH
Uzbekistan,2017,"204,770,490.50",HEALTH
Uzbekistan,2017,"34,570,144.71",HEALTH
Uzbekistan,2017,"276,561,157.69",HEALTH
Uzbekistan,2017,"132,518,888.06",HEALTH
Uzbekistan,2017,"67,411,782.19",HEALTH
Uzbekistan,2017,"34,570,144.71",HEALTH
Uzbekistan,2017,"3,802,715.92",HEALTH
Uzbekistan,2017,"14,496,414.02",HEALTH
Uzbekistan,2017,"69,716,458.50",HEALTH
Uzbekistan,2017,"103,134,265.05",HEALTH
Uzbekistan,2017,"51,855,217.07",HEALTH
Uzbekistan,2017,"13,828,057.88",HEALTH
Uzbekistan,2017,"46,093,526.28",HEALTH
Uzbekistan,2017,"20,742,086.83",HEALTH
Vanuatu,2017,"364,415.00",HEALTH
Vanuatu,2017,"32,154,264.29",HEALTH
Vanuatu,2017,"1,364,229.13",HEALTH
Vanuatu,2017,"85,744.70",HEALTH
Vanuatu,2017,"443,374.47",HEALTH
Vanuatu,2017,"345,701.45",HEALTH
Viet Nam,2017,"286,147,059.64",HEALTH
Viet Nam,2017,"34,105,728.21",HEALTH
Viet Nam,2017,"991,010,815.04",HEALTH
Viet Nam,2017,"1,705,286.41",HEALTH
Viet Nam,2017,"170,528.64",HEALTH
Viet Nam,2017,"403,318,354.96",HEALTH
Viet Nam,2017,"26,887,890.33",HEALTH
Viet Nam,2017,"32,649,580.73",HEALTH
Viet Nam,2017,"23,046,763.14",HEALTH
Viet Nam,2017,"23,046,763.14",HEALTH
Viet Nam,2017,"36,490,708.31",HEALTH
Viet Nam,2017,"36,490,708.31",HEALTH
West Bank and Gaza Strip,2017,"9,587,453.47",HEALTH
Yemen,2017,"25,579,296.15",HEALTH
Yemen,2017,"341,057.28",HEALTH
Yemen,2017,"852,643.21",HEALTH
Yemen,2017,"2,304,676.31",HEALTH
Yemen,2017,"5,761,690.79",HEALTH
Yemen,2017,"5,115,859.23",HEALTH
Yemen,2017,"124,485,907.95",HEALTH
Zambia,2017,"348,045,673.60",HEALTH
Zambia,2017,"68,656,530.95",HEALTH
Zambia,2017,"41,675,362.69",HEALTH
Zambia,2017,"1,191,995.20",HEALTH
Zambia,2017,"881,870,586.07",HEALTH
Zambia,2017,"40,619,920.03",HEALTH
Zambia,2017,"42,452,137.70",HEALTH
Zambia,2017,"42,632,160.26",HEALTH
Zambia,2017,"4,831.35",HEALTH
Zambia,2017,"131,525,667.93",HEALTH
Zambia,2017,"362,351.09",HEALTH
Zambia,2017,"42,632,160.26",HEALTH
Zambia,2017,"1,670,890.33",HEALTH
Zambia,2017,"383,959,073.92",HEALTH
Zambia,2017,"881,870,586.07",HEALTH
Zambia,2017,"119,854,445.00",HEALTH
Zambia,2017,"24,156.74",HEALTH
Zambia,2017,"88,038,635.20",HEALTH
Zambia,2017,"25,535,813.56",HEALTH
Zimbabwe,2017,"34,570,144.71",HEALTH
Zimbabwe,2017,"17,052,864.10",HEALTH
Zimbabwe,2017,"115,253,487.32",HEALTH
Zimbabwe,2017,"1,152,338.16",HEALTH
Zimbabwe,2017,"50,702,878.91",HEALTH
Zimbabwe,2017,"69,140.29",HEALTH
Zimbabwe,2017,"576,169.08",HEALTH
Zimbabwe,2017,"5,761,690.79",HEALTH
Afghanistan,2016,"8,884,820.09",HEALTH
Afghanistan,2016,"177,696.40",HEALTH
Afghanistan,2016,"42,647,136.41",HEALTH
Afghanistan,2016,"88,848,200.86",HEALTH
Afghanistan,2016,"74,612.01",HEALTH
Afghanistan,2016,"582,869.89",HEALTH
Afghanistan,2016,"355,392.80",HEALTH
"Africa, regional",2016,"650,717,748.47",HEALTH
"Africa, regional",2016,"1,180,804,508.36",HEALTH
"Africa, regional",2016,"42,114,047.21",HEALTH
"Africa, regional",2016,"52,237,643.58",HEALTH
"Africa, regional",2016,"118,080.45",HEALTH
"Africa, regional",2016,"11,808,045,083.58",HEALTH
"Africa, regional",2016,"26,240,099.92",HEALTH
"Africa, regional",2016,"80,294,706.57",HEALTH
"Africa, regional",2016,"80,294,706.57",HEALTH
"Africa, regional",2016,"80,294,706.57",HEALTH
"Africa, regional",2016,"80,294,706.57",HEALTH
"Africa, regional",2016,"59,040,225.42",HEALTH
"Africa, regional",2016,"19,680,074.35",HEALTH
"Africa, regional",2016,"19,680,074.35",HEALTH
"Africa, regional",2016,"19,680,074.35",HEALTH
Albania,2016,"1,776,964.02",HEALTH
Albania,2016,"171,929.76",HEALTH
Albania,2016,"1,776,964.02",HEALTH
Algeria,2016,"17,769,640.17",HEALTH
Algeria,2016,"2,848,473.32",HEALTH
Angola,2016,"8,147,551,107.67",HEALTH
Angola,2016,"4,841,298,484.27",HEALTH
Angola,2016,"11,808,045.08",HEALTH
Angola,2016,"289,297,104.55",HEALTH
Angola,2016,"89,741,142.64",HEALTH
Angola,2016,"56,678,616.40",HEALTH
Angola,2016,"54,317,007.38",HEALTH
Angola,2016,"9,446,436.07",HEALTH
Angola,2016,"46,287,536.73",HEALTH
Angola,2016,"66,125,052.47",HEALTH
Angola,2016,"70,848,270.50",HEALTH
Angola,2016,"590,402,254.18",HEALTH
Angola,2016,"590,402,254.18",HEALTH
Angola,2016,"1,463,725,268.56",HEALTH
Angola,2016,"1,073,398,530.28",HEALTH
Angola,2016,"731,862,634.28",HEALTH
Angola,2016,"731,862,634.28",HEALTH
Angola,2016,"25,618,449.35",HEALTH
Angola,2016,"649,442,479.60",HEALTH
Angola,2016,"59,169,636.60",HEALTH
Angola,2016,"46,298,705.17",HEALTH
Angola,2016,"27,317,626.24",HEALTH
Angola,2016,"53,308.92",HEALTH
Angola,2016,"2,361,609.02",HEALTH
Angola,2016,"590,402.25",HEALTH
Angola,2016,"1,100,509,801.79",HEALTH
Angola,2016,"627,951,837.55",HEALTH
Angola,2016,"55,852,053.25",HEALTH
Angola,2016,"83,719,039.64",HEALTH
Angola,2016,"55,852,053.25",HEALTH
Angola,2016,"55,852,053.25",HEALTH
Angola,2016,"10,627,240.58",HEALTH
Angola,2016,"10,627,240.58",HEALTH
Angola,2016,"9,446,436.07",HEALTH
Angola,2016,"22,435,285.66",HEALTH
Angola,2016,"22,435,285.66",HEALTH
Angola,2016,"31,881,721.73",HEALTH
Angola,2016,"34,243,330.74",HEALTH
Angola,2016,"29,520,112.71",HEALTH
Angola,2016,"21,254,481.15",HEALTH
Angola,2016,"36,604,939.76",HEALTH
Angola,2016,"62,582,638.94",HEALTH
Angola,2016,"64,944,247.96",HEALTH
Angola,2016,"70,848,270.50",HEALTH
Angola,2016,"70,848,270.50",HEALTH
Angola,2016,"31,881,721.73",HEALTH
Angola,2016,"23,616,090.17",HEALTH
Angola,2016,"40,147,353.28",HEALTH
Angola,2016,"66,538,334.05",HEALTH
Angola,2016,"30,700,917.22",HEALTH
Angola,2016,"44,870,571.32",HEALTH
Angola,2016,"401,473,532.84",HEALTH
Angola,2016,"70,848,270.50",HEALTH
Angola,2016,"43,689,766.81",HEALTH
Angola,2016,"55,497,811.89",HEALTH
Angola,2016,"31,881,721.73",HEALTH
Angola,2016,"11,808,045.08",HEALTH
Angola,2016,"59,040,225.42",HEALTH
Angola,2016,"47,232,180.33",HEALTH
Antigua and Barbuda,2016,"106,617,841.03",HEALTH
Argentina,2016,"12,438,748,119.80",HEALTH
Argentina,2016,"59,040,225.42",HEALTH
Argentina,2016,"40,003,561.45",HEALTH
Argentina,2016,"40,147,353.28",HEALTH
Argentina,2016,"354,241,352.51",HEALTH
Argentina,2016,"88,560,338.13",HEALTH
Argentina,2016,"41,328,157.79",HEALTH
Argentina,2016,"39,416,842.58",HEALTH
Argentina,2016,"29,520.11",HEALTH
Argentina,2016,"88,560,338.13",HEALTH
Argentina,2016,"70,848,270.50",HEALTH
"Asia, regional",2016,"354,241,352.51",HEALTH
"Asia, regional",2016,"11,808,045,083.58",HEALTH
"Asia, regional",2016,"5,844,982.32",HEALTH
Azerbaijan,2016,"3,660,493.98",HEALTH
Azerbaijan,2016,"12,988,849.59",HEALTH
Bahamas,2016,"22,696.24",HEALTH
Bahamas,2016,"59,040.23",HEALTH
Bahamas,2016,"5,904.02",HEALTH
Bangladesh,2016,"401,473,532.84",HEALTH
Bangladesh,2016,"479,170,469.49",HEALTH
Bangladesh,2016,"318,362,294.88",HEALTH
Bangladesh,2016,"2,715,850.37",HEALTH
Bangladesh,2016,"168,021,010.33",HEALTH
Bangladesh,2016,"294,020,322.58",HEALTH
Bangladesh,2016,"302,770,083.99",HEALTH
Bangladesh,2016,"236,160,901.67",HEALTH
Bangladesh,2016,"213,235,682.05",HEALTH
Bangladesh,2016,"93,823,700.10",HEALTH
Bangladesh,2016,"88,848,200.86",HEALTH
Bangladesh,2016,"271,585,036.92",HEALTH
Bangladesh,2016,"342,954,055.30",HEALTH
Bangladesh,2016,"346,507,983.34",HEALTH
Bangladesh,2016,"88,848,200.86",HEALTH
Barbados,2016,"20,664.08",HEALTH
Barbados,2016,"11,217,642.83",HEALTH
Barbados,2016,"7,084.83",HEALTH
Barbados,2016,"3,553,928.03",HEALTH
Belarus,2016,"1,653,126,311.70",HEALTH
Belarus,2016,"59,040,225.42",HEALTH
Belarus,2016,"13,309,460.49",HEALTH
Belarus,2016,"58,529,640.80",HEALTH
Benin,2016,"2,665,446.03",HEALTH
Benin,2016,"71,078,560.68",HEALTH
Benin,2016,"22,034,353.81",HEALTH
Benin,2016,"5,330,892.05",HEALTH
Bolivia,2016,"1,180,804,508.36",HEALTH
Bolivia,2016,"427,698,441.43",HEALTH
Bolivia,2016,"62,193,740.60",HEALTH
Bolivia,2016,"2,665,446.03",HEALTH
Bolivia,2016,"253,932,009.52",HEALTH
Bolivia,2016,"118,080.45",HEALTH
Bolivia,2016,"17,769,640.17",HEALTH
Bosnia and Herzegovina,2016,"338,565,227.45",HEALTH
Botswana,2016,"14,215,712.14",HEALTH
Brazil,2016,"1,180,804,508.36",HEALTH
Brazil,2016,"11,808,045,083.58",HEALTH
Brazil,2016,"5,904,022,541.79",HEALTH
Brazil,2016,"1,180,804,508.36",HEALTH
Brazil,2016,"2,136,933.27",HEALTH
Brazil,2016,"32,813,948.10",HEALTH
Brazil,2016,"3,335,444.66",HEALTH
Brazil,2016,"307,009,172.17",HEALTH
Brazil,2016,"720,920.73",HEALTH
Brazil,2016,"470,972.66",HEALTH
Brazil,2016,"387,258.63",HEALTH
Brazil,2016,"82,338.23",HEALTH
Brazil,2016,"637,634,434.51",HEALTH
Brazil,2016,"1,195,411,060.13",HEALTH
Brazil,2016,"317,636,412.75",HEALTH
Brazil,2016,"59,040,225.42",HEALTH
Bulgaria,2016,"26,118,821.79",HEALTH
Bulgaria,2016,"174,669,620.72",HEALTH
Burundi,2016,"94,464,360.67",HEALTH
Burundi,2016,"8,884,820.09",HEALTH
Cabo Verde,2016,"1,818,438.94",HEALTH
Cabo Verde,2016,"18,184,389.43",HEALTH
Cabo Verde,2016,"1,776,964.02",HEALTH
Cabo Verde,2016,"62,193,740.60",HEALTH
Cabo Verde,2016,"12,438,748.12",HEALTH
Cabo Verde,2016,"10,457,433.24",HEALTH
Cambodia,2016,"106,485,190.66",HEALTH
Cambodia,2016,"200,736.77",HEALTH
Cambodia,2016,"142,157.12",HEALTH
Cambodia,2016,"44,787,603.30",HEALTH
Cambodia,2016,"17,260,646.60",HEALTH
Cambodia,2016,"68,946,203.86",HEALTH
Cambodia,2016,"10,128,694.90",HEALTH
Cambodia,2016,"20,073,676.64",HEALTH
Cambodia,2016,"40,760,746.95",HEALTH
Cambodia,2016,"100,347,719.13",HEALTH
Cambodia,2016,"118,080,450.84",HEALTH
Cambodia,2016,"7,084,827.05",HEALTH
Cambodia,2016,"5,904,022.54",HEALTH
Cambodia,2016,"10,627,240.58",HEALTH
Cambodia,2016,"622,283,975.90",HEALTH
Cambodia,2016,"111,525,815.64",HEALTH
Cambodia,2016,"97,733,020.94",HEALTH
Cambodia,2016,"48,544,621.97",HEALTH
Cambodia,2016,"213,235,682.05",HEALTH
Cambodia,2016,"83,517,308.80",HEALTH
Cambodia,2016,"24,796,894.68",HEALTH
Cambodia,2016,"17,712,067.63",HEALTH
Cameroon,2016,"19,911.91",HEALTH
Cameroon,2016,"357,718,499.43",HEALTH
Cameroon,2016,"543,750,989.24",HEALTH
Cameroon,2016,"166,590,376.60",HEALTH
Cameroon,2016,"66,645.92",HEALTH
Cameroon,2016,"5,904,022.54",HEALTH
Central African Republic,2016,"119,471.46",HEALTH
Chad,2016,"88,848.20",HEALTH
Chad,2016,"99,559.55",HEALTH
Comoros,2016,"1,592,288.80",HEALTH
Comoros,2016,"5,147,883.06",HEALTH
Congo,2016,"1,901,095,258.46",HEALTH
Congo,2016,"1,234,538.46",HEALTH
Congo,2016,"82,656.32",HEALTH
Congo,2016,"407,377,555.38",HEALTH
Cook Islands,2016,"93,772.63",HEALTH
Cook Islands,2016,"3,208,010.87",HEALTH
Cote d'Ivoire,2016,"67,432,541.42",HEALTH
Cote d'Ivoire,2016,"17,920.72",HEALTH
Cote d'Ivoire,2016,"41,197,743.07",HEALTH
Cuba,2016,"3,341,676,758.65",HEALTH
Cuba,2016,"177,120,676.25",HEALTH
Cuba,2016,"177,120,676.25",HEALTH
Cuba,2016,"15,104,194.15",HEALTH
Cuba,2016,"218,448,834.05",HEALTH
Democratic People's Republic of Korea,2016,"3,553,928.03",HEALTH
Democratic People's Republic of Korea,2016,"94,003,846.91",HEALTH
Democratic People's Republic of Korea,2016,"187,343,904.57",HEALTH
Democratic Republic of the Congo,2016,"236,160.90",HEALTH
Democratic Republic of the Congo,2016,"1,833,603.20",HEALTH
Democratic Republic of the Congo,2016,"17,712,067.63",HEALTH
Democratic Republic of the Congo,2016,"28,323,902.82",HEALTH
Democratic Republic of the Congo,2016,"779,330,975.52",HEALTH
Democratic Republic of the Congo,2016,"531,362,028.76",HEALTH
Democratic Republic of the Congo,2016,"206,640,788.96",HEALTH
Democratic Republic of the Congo,2016,"932,835,561.60",HEALTH
Djibouti,2016,"236,160,901.67",HEALTH
Djibouti,2016,"406,755,069.79",HEALTH
Djibouti,2016,"684,866,614.85",HEALTH
Djibouti,2016,"59,040,225.42",HEALTH
Dominica,2016,"12,988,849.59",HEALTH
Dominica,2016,"603,218.79",HEALTH
Ecuador,2016,"381,793,457.31",HEALTH
Ecuador,2016,"1,771,206,762.54",HEALTH
Ecuador,2016,"190,896,728.06",HEALTH
Ecuador,2016,"2,361,609.02",HEALTH
Ecuador,2016,"121,111,796.71",HEALTH
Ecuador,2016,"234,087,763.20",HEALTH
Ecuador,2016,"578,401,787.57",HEALTH
Ecuador,2016,"158,106,700.81",HEALTH
Ecuador,2016,"10,661,784.10",HEALTH
Ecuador,2016,"5,330,892.05",HEALTH
Ecuador,2016,"11,808,045.08",HEALTH
Ecuador,2016,"1,864,780.70",HEALTH
Ecuador,2016,"6,076,678.76",HEALTH
Ecuador,2016,"88,848,200.86",HEALTH
Ecuador,2016,"533,089,205.13",HEALTH
Ecuador,2016,"8,884,820.09",HEALTH
Ecuador,2016,"45,781,018.83",HEALTH
Egypt,2016,"1,180,804,508.36",HEALTH
Egypt,2016,"118,080,450.84",HEALTH
Egypt,2016,"826,563,155.85",HEALTH
Egypt,2016,"3,553,928.03",HEALTH
Egypt,2016,"590,402,254.18",HEALTH
Egypt,2016,"14,038,015.74",HEALTH
Egypt,2016,"35,539,280.34",HEALTH
Egypt,2016,"590,402,254.18",HEALTH
Egypt,2016,"266,544.60",HEALTH
Equatorial Guinea,2016,"23,100,532.22",HEALTH
Equatorial Guinea,2016,"342,813,074.70",HEALTH
Equatorial Guinea,2016,"7,640,945.27",HEALTH
Eritrea,2016,"8,265,631.56",HEALTH
Eritrea,2016,"44,424,100.43",HEALTH
Ethiopia,2016,"121,311,306.17",HEALTH
Ethiopia,2016,"9,446,436.07",HEALTH
Ethiopia,2016,"294,401,811.40",HEALTH
Ethiopia,2016,"164,140,430.95",HEALTH
Ethiopia,2016,"138,508,368.83",HEALTH
Ethiopia,2016,"203,462,379.96",HEALTH
Ethiopia,2016,"8,974,114.26",HEALTH
Ethiopia,2016,"11,808.05",HEALTH
Ethiopia,2016,"35,424,135.25",HEALTH
Ethiopia,2016,"7,084,827.05",HEALTH
Fiji,2016,"8,884,820.09",HEALTH
Fiji,2016,"1,180,804.51",HEALTH
Fiji,2016,"126,895.47",HEALTH
Fiji,2016,"283,248.82",HEALTH
Fiji,2016,"5,664.98",HEALTH
Fiji,2016,"10,776.02",HEALTH
Fiji,2016,"118,080.45",HEALTH
Gabon,2016,"181,412,134.30",HEALTH
Gabon,2016,"85,720,539.89",HEALTH
Gabon,2016,"888,482.01",HEALTH
Gabon,2016,"25,190,597.30",HEALTH
Gambia,2016,"53,308,920.51",HEALTH
Georgia,2016,"10,661,784.10",HEALTH
Georgia,2016,"5,904,022.54",HEALTH
Ghana,2016,"104,067,515.47",HEALTH
Ghana,2016,"141,889.23",HEALTH
Ghana,2016,"99,777,980.96",HEALTH
Ghana,2016,"272,765,841.43",HEALTH
Ghana,2016,"1,771,206,762.54",HEALTH
Ghana,2016,"1,180,804.51",HEALTH
Ghana,2016,"100,368,383.21",HEALTH
Ghana,2016,"170,390,090.56",HEALTH
Ghana,2016,"85,017,924.60",HEALTH
Grenada,2016,"9,213.82",HEALTH
Guinea-Bissau,2016,"35,424,135.25",HEALTH
Guinea-Bissau,2016,"17,712,067.63",HEALTH
Guinea-Bissau,2016,"14,169.65",HEALTH
Guyana,2016,"1,653,126.31",HEALTH
Guyana,2016,"495,937.89",HEALTH
Haiti,2016,"1,416,965,410.03",HEALTH
Haiti,2016,"35,424.14",HEALTH
Haiti,2016,"35,424.14",HEALTH
Honduras,2016,"7,084,827.05",HEALTH
India,2016,"94,464,360.67",HEALTH
India,2016,"68,073,379.91",HEALTH
India,2016,"94,464,360.67",HEALTH
India,2016,"36,900,140.89",HEALTH
India,2016,"365,376,339.02",HEALTH
India,2016,"70,848,270.50",HEALTH
India,2016,"41,328,157.79",HEALTH
Indonesia,2016,"259,066,832.39",HEALTH
Indonesia,2016,"206,706,978.96",HEALTH
Indonesia,2016,"92,220,788.41",HEALTH
Indonesia,2016,"61,992,236.69",HEALTH
Indonesia,2016,"44,367,474.78",HEALTH
Indonesia,2016,"115,718,841.82",HEALTH
Indonesia,2016,"106,272,405.75",HEALTH
Indonesia,2016,"177,120,676.25",HEALTH
Indonesia,2016,"1,557,481,146.52",HEALTH
Indonesia,2016,"76,764,101.09",HEALTH
Indonesia,2016,"8,873,494.96",HEALTH
Indonesia,2016,"236,160,901.67",HEALTH
Indonesia,2016,"1,776,964.02",HEALTH
Indonesia,2016,"40,147,353.28",HEALTH
Indonesia,2016,"1,180,804,508.36",HEALTH
Indonesia,2016,"212,544,811.50",HEALTH
Indonesia,2016,"371,499,264.56",HEALTH
Indonesia,2016,"307,009,172.17",HEALTH
Indonesia,2016,"236,160,901.67",HEALTH
Indonesia,2016,"82,065,913.33",HEALTH
Indonesia,2016,"1,771,206,762.54",HEALTH
Indonesia,2016,"39,163,348.74",HEALTH
Indonesia,2016,"8,873,494.96",HEALTH
Iran,2016,"299,060,509.49",HEALTH
Iran,2016,"1,274,088,064.52",HEALTH
Iran,2016,"60,073,290.12",HEALTH
Iran,2016,"1,304,788,981.74",HEALTH
Iraq,2016,"20,073,676.64",HEALTH
Iraq,2016,"2,361,609.02",HEALTH
Iraq,2016,"1,004,687,515.94",HEALTH
Iraq,2016,"281,031,472.99",HEALTH
Jamaica,2016,"2,090,878.68",HEALTH
Jamaica,2016,"200,736,766.42",HEALTH
Jamaica,2016,"177,120,676.25",HEALTH
Jamaica,2016,"2,902,011.28",HEALTH
Jamaica,2016,"6,140,183.44",HEALTH
Jordan,2016,"106,272,405.75",HEALTH
Jordan,2016,"1,771,206.76",HEALTH
Jordan,2016,"3,553,928.03",HEALTH
Jordan,2016,"12,438,748.12",HEALTH
Jordan,2016,"47,232,180.33",HEALTH
Kazakhstan,2016,"2,361,609,016.72",HEALTH
Kazakhstan,2016,"200,736,766.42",HEALTH
Kazakhstan,2016,"354,241,352.51",HEALTH
Kazakhstan,2016,"75,217.25",HEALTH
Kenya,2016,"708,482,705.02",HEALTH
Kenya,2016,"115,502,661.11",HEALTH
Kenya,2016,"32,269,025.60",HEALTH
Kenya,2016,"4,368,976,680.93",HEALTH
Kenya,2016,"494,258,887.47",HEALTH
Kenya,2016,"229,950,576.62",HEALTH
Kenya,2016,"11,571,884.18",HEALTH
Kyrgyz Republic,2016,"86,982,388.64",HEALTH
Lao People's Democratic Republic,2016,"566,786,164.01",HEALTH
Lao People's Democratic Republic,2016,"191,703,611.93",HEALTH
Lao People's Democratic Republic,2016,"708,482,705.02",HEALTH
Lao People's Democratic Republic,2016,"234,775,817.98",HEALTH
Lao People's Democratic Republic,2016,"35,006,191.14",HEALTH
Lao People's Democratic Republic,2016,"14,436.55",HEALTH
Lao People's Democratic Republic,2016,"118,080,450.84",HEALTH
Lao People's Democratic Republic,2016,"89,741,142.64",HEALTH
Lao People's Democratic Republic,2016,"445,163,299.65",HEALTH
Lao People's Democratic Republic,2016,"5,863,981.26",HEALTH
Lao People's Democratic Republic,2016,"909,219,471.44",HEALTH
Lao People's Democratic Republic,2016,"625,826,389.43",HEALTH
Lao People's Democratic Republic,2016,"28,044,107.07",HEALTH
Lao People's Democratic Republic,2016,"318,167,774.78",HEALTH
Lao People's Democratic Republic,2016,"312,913,194.71",HEALTH
Lebanon,2016,"590,402.25",HEALTH
Lesotho,2016,"24,088.07",HEALTH
Lesotho,2016,"9,635.23",HEALTH
Liberia,2016,"49,754.99",HEALTH
Liberia,2016,"29,520.11",HEALTH
Liberia,2016,"1,421,571.21",HEALTH
Liberia,2016,"62,193,740.60",HEALTH
Liberia,2016,"3,141,672.38",HEALTH
Liberia,2016,"2,310,053.22",HEALTH
Madagascar,2016,"172,365,509.66",HEALTH
Madagascar,2016,"143,700.37",HEALTH
Madagascar,2016,"118,080.45",HEALTH
Malawi,2016,"18,892,872.13",HEALTH
Malawi,2016,"10,661,784.10",HEALTH
Malawi,2016,"2,781,152.93",HEALTH
Malawi,2016,"27,619,765.82",HEALTH
Malawi,2016,"708,482.71",HEALTH
Malawi,2016,"9,446,436.07",HEALTH
Malawi,2016,"10,661,784.10",HEALTH
Malawi,2016,"11,588.14",HEALTH
Malawi,2016,"3,542,413.53",HEALTH
Malawi,2016,"4,723,218.03",HEALTH
Malawi,2016,"34,764.41",HEALTH
Malawi,2016,"19,865.38",HEALTH
Malawi,2016,"11,588.14",HEALTH
Malawi,2016,"57,940.69",HEALTH
Malawi,2016,"9,932.69",HEALTH
Malawi,2016,"82,772.41",HEALTH
Malaysia,2016,"854,782,780.09",HEALTH
Maldives,2016,"80,958,480.62",HEALTH
Maldives,2016,"128,741,043.04",HEALTH
Maldives,2016,"538,466.21",HEALTH
Maldives,2016,"9,564.52",HEALTH
Maldives,2016,"89,027,022.77",HEALTH
Maldives,2016,"94,464.36",HEALTH
Mali,2016,"354,241,352.51",HEALTH
Mali,2016,"7,107,856.07",HEALTH
Marshall Islands,2016,"34,503,107.73",HEALTH
Marshall Islands,2016,"20,421,895.89",HEALTH
Marshall Islands,2016,"34,503,107.73",HEALTH
Marshall Islands,2016,"806,253,318.31",HEALTH
Marshall Islands,2016,"11,166,868.24",HEALTH
Mauritania,2016,"229,228.36",HEALTH
Mauritania,2016,"3,014,563.21",HEALTH
Mauritania,2016,"355,392.80",HEALTH
Mauritania,2016,"71,078,560.68",HEALTH
Mauritius,2016,"53,308.92",HEALTH
Mauritius,2016,"83,064.83",HEALTH
Mauritius,2016,"14,951,669.94",HEALTH
Mauritius,2016,"35,539,280.34",HEALTH
Mauritius,2016,"8,306,483.30",HEALTH
Mauritius,2016,"12,214,850.65",HEALTH
Mauritius,2016,"42,028.01",HEALTH
Mauritius,2016,"8,884,820.09",HEALTH
Mauritius,2016,"25,765,978.25",HEALTH
Mauritius,2016,"90,921,947.14",HEALTH
Mauritius,2016,"77,595,725.17",HEALTH
Micronesia,2016,"590,402.25",HEALTH
Micronesia,2016,"328,080.55",HEALTH
Micronesia,2016,"944,643.61",HEALTH
Micronesia,2016,"13,504,926.53",HEALTH
Micronesia,2016,"1,895,191.24",HEALTH
Micronesia,2016,"11,099,562.38",HEALTH
"Middle East, regional",2016,"40,870,172.39",HEALTH
Moldova,2016,"10,661,784.10",HEALTH
Mongolia,2016,"2,132,356,820.54",HEALTH
Mongolia,2016,"53,308,920.51",HEALTH
Mongolia,2016,"222,263,275.41",HEALTH
Mongolia,2016,"165,709,255.14",HEALTH
Mongolia,2016,"23,616,090.17",HEALTH
Mongolia,2016,"70,603,646.89",HEALTH
Mongolia,2016,"888,482.01",HEALTH
Mongolia,2016,"27,985,066.85",HEALTH
Mongolia,2016,"1,847,171.87",HEALTH
Mongolia,2016,"12,932,744.12",HEALTH
Mongolia,2016,"12,008,722.83",HEALTH
Mongolia,2016,"16,495,556.97",HEALTH
Mongolia,2016,"15,939,367.23",HEALTH
Mongolia,2016,"52,467,317.73",HEALTH
Mongolia,2016,"21,254,481.15",HEALTH
Mongolia,2016,"2,132.36",HEALTH
Mongolia,2016,"13,149.53",HEALTH
Mongolia,2016,"15,992.68",HEALTH
Mongolia,2016,"14,926.50",HEALTH
Mongolia,2016,"3,731.62",HEALTH
Mongolia,2016,"8,529.43",HEALTH
Mongolia,2016,"8,511,145.61",HEALTH
Montenegro,2016,"4,701,387.92",HEALTH
Morocco,2016,"17,769,640.17",HEALTH
Morocco,2016,"196,722,031.09",HEALTH
Mozambique,2016,"18,892,872.13",HEALTH
Mozambique,2016,"5,330,892.05",HEALTH
Mozambique,2016,"11,808,045.08",HEALTH
Mozambique,2016,"5,785,942.09",HEALTH
Myanmar,2016,"5,330,892.05",HEALTH
Myanmar,2016,"28,686.54",HEALTH
Myanmar,2016,"6,397,070.46",HEALTH
Myanmar,2016,"95,621.80",HEALTH
Myanmar,2016,"478,109.02",HEALTH
Myanmar,2016,"102,440,695.12",HEALTH
Myanmar,2016,"1,842,055.03",HEALTH
Myanmar,2016,"72,672.57",HEALTH
Myanmar,2016,"130,045.65",HEALTH
Myanmar,2016,"1,180,804.51",HEALTH
Myanmar,2016,"27,187,549.46",HEALTH
Myanmar,2016,"19,124.36",HEALTH
Myanmar,2016,"9,562.18",HEALTH
Myanmar,2016,"13,387.05",HEALTH
Myanmar,2016,"17,712,067.63",HEALTH
Namibia,2016,"15,084,647.54",HEALTH
Namibia,2016,"4,817,612.58",HEALTH
Namibia,2016,"48,979.06",HEALTH
Namibia,2016,"1,297,183.73",HEALTH
Namibia,2016,"20,394.56",HEALTH
Nepal,2016,"181,250,329.75",HEALTH
Nepal,2016,"440,586.32",HEALTH
Nepal,2016,"2,091,778.66",HEALTH
Nepal,2016,"83,517.31",HEALTH
Nepal,2016,"172,454,212.51",HEALTH
Nepal,2016,"49,429,551.36",HEALTH
Nepal,2016,"14,279,648.17",HEALTH
Nepal,2016,"6,574,766.86",HEALTH
Nepal,2016,"63,247,480.26",HEALTH
Nepal,2016,"2,487,749.62",HEALTH
Niger,2016,"1,776,964.02",HEALTH
Niger,2016,"1,217,220.35",HEALTH
Niger,2016,"169,251.24",HEALTH
Niger,2016,"8,884,820.09",HEALTH
Niger,2016,"7,107,856.07",HEALTH
Niger,2016,"53,308,920.51",HEALTH
Nigeria,2016,"17,712,067.63",HEALTH
Nigeria,2016,"2,361,609,016.72",HEALTH
Nigeria,2016,"2,952,011,270.90",HEALTH
Nigeria,2016,"1,066,178.41",HEALTH
Nigeria,2016,"177,696.40",HEALTH
Nigeria,2016,"213,235.68",HEALTH
Nigeria,2016,"384,552,604.24",HEALTH
Nigeria,2016,"88,560,338.13",HEALTH
Nigeria,2016,"1,857,657,278.14",HEALTH
North Macedonia,2016,"5,223.76",HEALTH
Oman,2016,"1,180,804,508.36",HEALTH
Oman,2016,"472,321,803.34",HEALTH
Oman,2016,"32,472,123.98",HEALTH
Oman,2016,"32,472,123.98",HEALTH
Pakistan,2016,"826,563,155.85",HEALTH
Pakistan,2016,"1,776,964,017.11",HEALTH
Pakistan,2016,"590,402,254.18",HEALTH
Pakistan,2016,"852,942,728.21",HEALTH
Pakistan,2016,"13,430,470.48",HEALTH
Pakistan,2016,"213,235,682.05",HEALTH
Pakistan,2016,"42,647,136.41",HEALTH
Pakistan,2016,"2,310,053.22",HEALTH
Pakistan,2016,"348,337.33",HEALTH
Pakistan,2016,"5,881,750.90",HEALTH
Pakistan,2016,"99,305,659.15",HEALTH
Pakistan,2016,"37,785,744.27",HEALTH
Pakistan,2016,"5,082,117.09",HEALTH
Pakistan,2016,"3,553,928.03",HEALTH
Pakistan,2016,"680,143,396.81",HEALTH
Pakistan,2016,"99,659,900.51",HEALTH
Pakistan,2016,"885,603,381.27",HEALTH
Pakistan,2016,"426,535,908.23",HEALTH
Pakistan,2016,"2,113,774,046.40",HEALTH
Pakistan,2016,"194,125,095.74",HEALTH
Pakistan,2016,"1,140,885,481.34",HEALTH
Papua New Guinea,2016,"270,638,285.76",HEALTH
Papua New Guinea,2016,"826,563.16",HEALTH
Peru,2016,"29,520,112.71",HEALTH
Peru,2016,"2,348,620.17",HEALTH
Peru,2016,"3,927,090.48",HEALTH
Peru,2016,"8,884,820.09",HEALTH
Peru,2016,"4,975,499.25",HEALTH
Peru,2016,"177,696.40",HEALTH
Peru,2016,"26,654,460.26",HEALTH
Philippines,2016,"7,084,827,050.15",HEALTH
Philippines,2016,"1,242,864.08",HEALTH
Philippines,2016,"870,004.85",HEALTH
Philippines,2016,"2,485,728.15",HEALTH
Philippines,2016,"3,542,413,525.08",HEALTH
Philippines,2016,"17,769,640.17",HEALTH
Philippines,2016,"8,884,820.09",HEALTH
Philippines,2016,"1,180,804,508.36",HEALTH
Philippines,2016,"944,643,606.69",HEALTH
Philippines,2016,"100,368,383.21",HEALTH
Philippines,2016,"3,633,244.64",HEALTH
Philippines,2016,"3,633,244.64",HEALTH
Philippines,2016,"6,975,829.71",HEALTH
Philippines,2016,"17,712,067.63",HEALTH
Russia,2016,"160,459,850.75",HEALTH
Russia,2016,"7,043,401,510.96",HEALTH
Russia,2016,"2,952,011,270.90",HEALTH
Russia,2016,"118,080,450.84",HEALTH
Russia,2016,"26,412,755.67",HEALTH
Russia,2016,"284,314,242.74",HEALTH
Russia,2016,"1,066,178,410.27",HEALTH
Russia,2016,"2,611,882,178.99",HEALTH
Russia,2016,"953,336,995.33",HEALTH
Russia,2016,"794,747,156.65",HEALTH
Russia,2016,"5,589,036,080.71",HEALTH
Russia,2016,"939,303,179.45",HEALTH
Russia,2016,"6,605,188,842.45",HEALTH
Russia,2016,"177,696,401.71",HEALTH
Russia,2016,"118,080,450.84",HEALTH
Russia,2016,"177,696,401.71",HEALTH
Russia,2016,"177,696,401.71",HEALTH
Russia,2016,"177,696,401.71",HEALTH
Russia,2016,"177,696,401.71",HEALTH
Russia,2016,"177,696,401.71",HEALTH
Russia,2016,"177,696,401.71",HEALTH
Russia,2016,"177,696,401.71",HEALTH
Russia,2016,"284,314,242.74",HEALTH
Russia,2016,"284,314,242.74",HEALTH
Russia,2016,"381,399,856.20",HEALTH
Rwanda,2016,"86,715,844.04",HEALTH
Rwanda,2016,"49,593,789.35",HEALTH
Samoa,2016,"4,723.22",HEALTH
Samoa,2016,"17,769,640.17",HEALTH
Samoa,2016,"17,769,640.17",HEALTH
Samoa,2016,"13,170.99",HEALTH
Senegal,2016,"43,096,055.95",HEALTH
Senegal,2016,"83,369,914.72",HEALTH
Senegal,2016,"91,594.79",HEALTH
Senegal,2016,"533,089.21",HEALTH
Serbia,2016,"300,366,450.58",HEALTH
Serbia,2016,"57,783.85",HEALTH
Serbia,2016,735.64,HEALTH
Serbia,2016,"23,616.09",HEALTH
Serbia,2016,"49,700.06",HEALTH
Serbia,2016,"234,530,078.40",HEALTH
Serbia,2016,"708,482,705.02",HEALTH
Serbia,2016,"65,297,054.47",HEALTH
Serbia,2016,"36,043,974.07",HEALTH
Seychelles,2016,"21,308,359.63",HEALTH
Seychelles,2016,"17,769,640.17",HEALTH
Seychelles,2016,"31,081.40",HEALTH
Sierra Leone,2016,"11,808,045.08",HEALTH
Sierra Leone,2016,"53,308,920.51",HEALTH
Sierra Leone,2016,"3,553,928.03",HEALTH
Sierra Leone,2016,"194,832,743.88",HEALTH
Somalia,2016,"2,361,609.02",HEALTH
South Africa,2016,"590,402,254.18",HEALTH
South Africa,2016,"8,746,218.99",HEALTH
South Africa,2016,"397,931,119.32",HEALTH
South Africa,2016,"18,892,872.13",HEALTH
South Africa,2016,"17,712,067.63",HEALTH
South Africa,2016,"9,446,436.07",HEALTH
South Africa,2016,"25,977,699.18",HEALTH
South Africa,2016,"24,796,894.68",HEALTH
South Africa,2016,"25,977,699.18",HEALTH
South Africa,2016,"22,435,285.66",HEALTH
South Africa,2016,"22,080,722.29",HEALTH
South Africa,2016,"6,182,602.24",HEALTH
South Africa,2016,"6,182,602.24",HEALTH
South Africa,2016,"65,600,249.81",HEALTH
South Africa,2016,"65,600,249.81",HEALTH
South Africa,2016,"65,600,249.81",HEALTH
South Africa,2016,"65,600,249.81",HEALTH
South Africa,2016,"65,600,249.81",HEALTH
South Africa,2016,"155,157,712.40",HEALTH
South Africa,2016,"177,120,676.25",HEALTH
South Africa,2016,"37,490,543.14",HEALTH
South Africa,2016,"37,490,543.14",HEALTH
South Africa,2016,"37,490,543.14",HEALTH
South Sudan,2016,"199,555,961.91",HEALTH
South Sudan,2016,"11,808,045.08",HEALTH
South Sudan,2016,"1,180,804.51",HEALTH
South Sudan,2016,"354,241.35",HEALTH
South Sudan,2016,"649,442.48",HEALTH
South Sudan,2016,"177,120.68",HEALTH
South Sudan,2016,"3,542,413.53",HEALTH
South Sudan,2016,"888,482.01",HEALTH
South Sudan,2016,"7,084,827.05",HEALTH
South Sudan,2016,"2,243,528,565.88",HEALTH
Sri Lanka,2016,"3,553,928.03",HEALTH
Sri Lanka,2016,"88,848,200.86",HEALTH
Sri Lanka,2016,"329,864,582.17",HEALTH
Sri Lanka,2016,"230,345,439.47",HEALTH
Sri Lanka,2016,"88,848,200.86",HEALTH
Sri Lanka,2016,"276,308,254.96",HEALTH
Sri Lanka,2016,"81,740,344.79",HEALTH
Sri Lanka,2016,"22,034,353.81",HEALTH
Sri Lanka,2016,"1,771,206.76",HEALTH
Sri Lanka,2016,"1,817,789.45",HEALTH
Sri Lanka,2016,"2,665,446.03",HEALTH
Sri Lanka,2016,"105,027,834.79",HEALTH
Sri Lanka,2016,"16,158.13",HEALTH
Sri Lanka,2016,"4,039.53",HEALTH
Sri Lanka,2016,807.91,HEALTH
Sri Lanka,2016,"1,180,804,508.36",HEALTH
Sri Lanka,2016,"1,615.81",HEALTH
Sri Lanka,2016,"76,752,293.04",HEALTH
Sri Lanka,2016,"2,423.72",HEALTH
Sri Lanka,2016,242.37,HEALTH
Sudan,2016,"70,848,270.50",HEALTH
Sudan,2016,"3,609,013.92",HEALTH
Suriname,2016,"177,696,401.71",HEALTH
Suriname,2016,"277,489,059.46",HEALTH
Suriname,2016,"1,180,804.51",HEALTH
Suriname,2016,"18,892,872.13",HEALTH
Suriname,2016,"17,712,067.63",HEALTH
Suriname,2016,"6,845,123.73",HEALTH
Suriname,2016,"3,691,194.89",HEALTH
Syrian Arab Republic,2016,"590,402.25",HEALTH
Tajikistan,2016,"177,696.40",HEALTH
Tajikistan,2016,"139,717,866.89",HEALTH
Tajikistan,2016,"47,232,180.33",HEALTH
Tajikistan,2016,"10,590,705.54",HEALTH
Tajikistan,2016,"118,080,450.84",HEALTH
Tajikistan,2016,"145,238,954.53",HEALTH
Tanzania,2016,"8,910.54",HEALTH
Tanzania,2016,"236,160.90",HEALTH
Tanzania,2016,"59,040.23",HEALTH
Tanzania,2016,"3,813,998.56",HEALTH
Tanzania,2016,"8,974,114,263.52",HEALTH
Tanzania,2016,"695,251,790.50",HEALTH
Tanzania,2016,"1,180,804.51",HEALTH
Tanzania,2016,"9,328,355.62",HEALTH
Thailand,2016,"88,848,200.86",HEALTH
Thailand,2016,"25,097.42",HEALTH
Thailand,2016,"464,334,608.87",HEALTH
Thailand,2016,"464,334,608.87",HEALTH
Togo,2016,"15,929.53",HEALTH
Togo,2016,"71,682,878.23",HEALTH
Togo,2016,"55,243,604.82",HEALTH
Togo,2016,"59,735,731.86",HEALTH
Togo,2016,"44,424,100.43",HEALTH
Togo,2016,"35,841,439.12",HEALTH
Togo,2016,"13,938.34",HEALTH
Tonga,2016,"430,459.12",HEALTH
Tonga,2016,"21,522.96",HEALTH
Tonga,2016,"87,851.86",HEALTH
Turkey,2016,"176,039,382.77",HEALTH
Turkey,2016,"590,402,254.18",HEALTH
Turkey,2016,"354,241,352.51",HEALTH
Turkey,2016,"61,874,156.24",HEALTH
Turkey,2016,"91,866,590.75",HEALTH
Turkey,2016,"51,955,398.37",HEALTH
Turkey,2016,"295,201,127.09",HEALTH
Uganda,2016,"7,084,827.05",HEALTH
Uganda,2016,"100,344,179.71",HEALTH
Uganda,2016,"1,983,751.57",HEALTH
Uganda,2016,"35,539,280.34",HEALTH
Ukraine,2016,"4,442,410.04",HEALTH
Ukraine,2016,"8,884,820.09",HEALTH
Uruguay,2016,"22,789,527.01",HEALTH
Uruguay,2016,"2,589,036.57",HEALTH
Uruguay,2016,"8,856,033.81",HEALTH
Uruguay,2016,"4,175,865.44",HEALTH
Uzbekistan,2016,"3,251,844.15",HEALTH
Uzbekistan,2016,"126,464,162.85",HEALTH
Uzbekistan,2016,"16,531,263.12",HEALTH
Uzbekistan,2016,"5,549,781.19",HEALTH
Vanuatu,2016,"1,954,660.42",HEALTH
Vanuatu,2016,"722,296.01",HEALTH
Venezuela,2016,"2,597,769,918.39",HEALTH
Viet Nam,2016,"15,202,858.05",HEALTH
Viet Nam,2016,"95,645,165.18",HEALTH
Viet Nam,2016,"2,361,609,016.72",HEALTH
Viet Nam,2016,"1,039,107,967.36",HEALTH
Viet Nam,2016,"1,039,107,967.36",HEALTH
Viet Nam,2016,"23,011,684.02",HEALTH
Viet Nam,2016,"39,675,031.48",HEALTH
Viet Nam,2016,"501,841,916.05",HEALTH
Viet Nam,2016,"71,078,560.68",HEALTH
Viet Nam,2016,"13,120,049.96",HEALTH
Viet Nam,2016,"35,424,135.25",HEALTH
West Bank and Gaza Strip,2016,"8,884,820.09",HEALTH
West Bank and Gaza Strip,2016,"354,241.35",HEALTH
Yemen,2016,"15,992,676.15",HEALTH
Yemen,2016,"5,313,620.29",HEALTH
Zambia,2016,"71,078,560.68",HEALTH
Zambia,2016,"324,263,994.59",HEALTH
Zambia,2016,"200,736,766.42",HEALTH
Zambia,2016,"150,552,574.82",HEALTH
Zambia,2016,"34,833,733.00",HEALTH
Zambia,2016,"100,069,180.04",HEALTH
Zambia,2016,"174,091,355.47",HEALTH
Zambia,2016,"392,027,096.78",HEALTH
Zambia,2016,"210,773,604.74",HEALTH
Zambia,2016,"398,664,918.35",HEALTH
Zambia,2016,"369,366,867.86",HEALTH
Zambia,2016,"23,616,090.17",HEALTH
Zambia,2016,"34,951,813.45",HEALTH
Zambia,2016,"944,643.61",HEALTH
Zambia,2016,"34,243,330.74",HEALTH
Zambia,2016,"188,928,721.34",DISASTER PREVENTION AND PREPAREDNESS
Zambia,2016,"59,099,265.64",DISASTER PREVENTION AND PREPAREDNESS
Zambia,2016,"484,129.85",DISASTER PREVENTION AND PREPAREDNESS
Zambia,2016,"59,040,225.42",DISASTER PREVENTION AND PREPAREDNESS
Zambia,2016,"17,712,067.63",DISASTER PREVENTION AND PREPAREDNESS
Zambia,2016,"72,266,844.80",DEVELOPMENTAL FOOD AID/FOOD SECURITY ASSISTANCE
Zimbabwe,2016,"5,904,022,541.79",DEVELOPMENTAL FOOD AID/FOOD SECURITY ASSISTANCE
Zimbabwe,2016,"28,431,424.27",DEVELOPMENTAL FOOD AID/FOOD SECURITY ASSISTANCE
Zimbabwe,2016,"5,904,022.54",DEVELOPMENTAL FOOD AID/FOOD SECURITY ASSISTANCE
Zimbabwe,2016,"2,571,201.82",DEVELOPMENTAL FOOD AID/FOOD SECURITY ASSISTANCE
Zimbabwe,2016,"59,040.23",GOVERNMENT AND CIVIL SOCIETY
Afghanistan,2015,"11,750,225.21",DISASTER PREVENTION AND PREPAREDNESS
Afghanistan,2015,"1,785,539.41",DISASTER PREVENTION AND PREPAREDNESS
Afghanistan,2015,"5,356,618.24",DISASTER PREVENTION AND PREPAREDNESS
Afghanistan,2015,"9,539,342.34",DISASTER PREVENTION AND PREPAREDNESS
Afghanistan,2015,"2,930,070.18",DISASTER PREVENTION AND PREPAREDNESS
Afghanistan,2015,"1,122,275.57",DEVELOPMENTAL FOOD AID/FOOD SECURITY ASSISTANCE
Afghanistan,2015,"312,362.52",DEVELOPMENTAL FOOD AID/FOOD SECURITY ASSISTANCE
"Africa, regional",2015,"5,611,377.85",DEVELOPMENTAL FOOD AID/FOOD SECURITY ASSISTANCE
"Africa, regional",2015,"2,244,551.14",DEVELOPMENTAL FOOD AID/FOOD SECURITY ASSISTANCE
"Africa, regional",2015,"2,244,551.14",DEVELOPMENTAL FOOD AID/FOOD SECURITY ASSISTANCE
"Africa, regional",2015,"1,346,730.68",DISASTER PREVENTION AND PREPAREDNESS
"Africa, regional",2015,"178,553,941.41",DISASTER PREVENTION AND PREPAREDNESS
"Africa, regional",2015,"36,821,861.44",DISASTER PREVENTION AND PREPAREDNESS
"Africa, regional",2015,"124,467,849.77",DISASTER PREVENTION AND PREPAREDNESS
"Africa, regional",2015,"15,117,711.82",DISASTER PREVENTION AND PREPAREDNESS
"Africa, regional",2015,"15,117,711.82",DEVELOPMENTAL FOOD AID/FOOD SECURITY ASSISTANCE
"Africa, regional",2015,"14,881,229.25",DEVELOPMENTAL FOOD AID/FOOD SECURITY ASSISTANCE
"Africa, regional",2015,"14,881,229.25",DEVELOPMENTAL FOOD AID/FOOD SECURITY ASSISTANCE
Albania,2015,"1,785,539.41",DEVELOPMENTAL FOOD AID/FOOD SECURITY ASSISTANCE
"America, regional",2015,"8,417,066.77",DEVELOPMENTAL FOOD AID/FOOD SECURITY ASSISTANCE
Angola,2015,"939,873,524.94",GOVERNMENT AND CIVIL SOCIETY
Angola,2015,"35,710.79",DISASTER PREVENTION AND PREPAREDNESS
Angola,2015,"571,724,248.70",DISASTER PREVENTION AND PREPAREDNESS
Angola,2015,"1,967,685,756.14",DISASTER PREVENTION AND PREPAREDNESS
Angola,2015,"85,292,943.29",DISASTER PREVENTION AND PREPAREDNESS
Angola,2015,"795,581,151.27",DISASTER PREVENTION AND PREPAREDNESS
Angola,2015,"13,355,079,277.99",DEVELOPMENTAL FOOD AID/FOOD SECURITY ASSISTANCE
Angola,2015,"84,170,667.72",DEVELOPMENTAL FOOD AID/FOOD SECURITY ASSISTANCE
Angola,2015,"418,608,787.45",DEVELOPMENTAL FOOD AID/FOOD SECURITY ASSISTANCE
Angola,2015,"525,449,421.68",DEVELOPMENTAL FOOD AID/FOOD SECURITY ASSISTANCE
Angola,2015,"817,802,207.55",DEVELOPMENTAL FOOD AID/FOOD SECURITY ASSISTANCE
Antigua and Barbuda,2015,"1,413,331.50",DISASTER PREVENTION AND PREPAREDNESS
Argentina,2015,"12,498,775,898.51",DISASTER PREVENTION AND PREPAREDNESS
Argentina,2015,"923,632,793.76",DISASTER PREVENTION AND PREPAREDNESS
Argentina,2015,"1,122,275,569.58",DISASTER PREVENTION AND PREPAREDNESS
Argentina,2015,"24,996,137.38",DISASTER PREVENTION AND PREPAREDNESS
Argentina,2015,"64,130,032.54",DEVELOPMENTAL FOOD AID/FOOD SECURITY ASSISTANCE
Argentina,2015,"26,373,475.89",DEVELOPMENTAL FOOD AID/FOOD SECURITY ASSISTANCE
Argentina,2015,"18,186,017.70",DEVELOPMENTAL FOOD AID/FOOD SECURITY ASSISTANCE
Argentina,2015,"16,834,133.54",DEVELOPMENTAL FOOD AID/FOOD SECURITY ASSISTANCE
Armenia,2015,"27,754,424.65",DEVELOPMENTAL FOOD AID/FOOD SECURITY ASSISTANCE
Armenia,2015,"70,447.74",GOVERNMENT AND CIVIL SOCIETY
Armenia,2015,"10,713,236.48",DISASTER PREVENTION AND PREPAREDNESS
"Asia, regional",2015,"1,829,309.18",DISASTER PREVENTION AND PREPAREDNESS
"Asia, regional",2015,"4,517,159.17",DISASTER PREVENTION AND PREPAREDNESS
Azerbaijan,2015,"292,083,439.74",DISASTER PREVENTION AND PREPAREDNESS
Azerbaijan,2015,"194,726,034.08",DISASTER PREVENTION AND PREPAREDNESS
Azerbaijan,2015,"117,838,934.81",DEVELOPMENTAL FOOD AID/FOOD SECURITY ASSISTANCE
Azerbaijan,2015,"21,042,666.93",DEVELOPMENTAL FOOD AID/FOOD SECURITY ASSISTANCE
Bahamas,2015,"167,840.70",DEVELOPMENTAL FOOD AID/FOOD SECURITY ASSISTANCE
Bangladesh,2015,"5,096,846.53",DEVELOPMENTAL FOOD AID/FOOD SECURITY ASSISTANCE
Bangladesh,2015,"140,284,446.20",DEVELOPMENTAL FOOD AID/FOOD SECURITY ASSISTANCE
Bangladesh,2015,"134,027,150.50",DISASTER PREVENTION AND PREPAREDNESS
Bangladesh,2015,"237,996,816.63",DISASTER PREVENTION AND PREPAREDNESS
Bangladesh,2015,"14,641,423.20",DISASTER PREVENTION AND PREPAREDNESS
Bangladesh,2015,"56,113,778.48",DISASTER PREVENTION AND PREPAREDNESS
Barbados,2015,"19,639,822.47",DISASTER PREVENTION AND PREPAREDNESS
Barbados,2015,"5,611,377.85",DEVELOPMENTAL FOOD AID/FOOD SECURITY ASSISTANCE
Barbados,2015,"56,113.78",DEVELOPMENTAL FOOD AID/FOOD SECURITY ASSISTANCE
Barbados,2015,"190,786,846.83",DEVELOPMENTAL FOOD AID/FOOD SECURITY ASSISTANCE
Belarus,2015,"178,553,941.41",DEVELOPMENTAL FOOD AID/FOOD SECURITY ASSISTANCE
Belarus,2015,"85,739,662.83",DEVELOPMENTAL FOOD AID/FOOD SECURITY ASSISTANCE
Belarus,2015,"16,069,854.73",GOVERNMENT AND CIVIL SOCIETY
Belarus,2015,"3,366,826,708.74",DISASTER PREVENTION AND PREPAREDNESS
Belarus,2015,"4,489,102,278.32",DISASTER PREVENTION AND PREPAREDNESS
Belarus,2015,"35,710,788.28",DISASTER PREVENTION AND PREPAREDNESS
Belarus,2015,"98,760,250.12",DISASTER PREVENTION AND PREPAREDNESS
Belarus,2015,"178,105,132.89",DISASTER PREVENTION AND PREPAREDNESS
Belarus,2015,"111,511,455.36",DEVELOPMENTAL FOOD AID/FOOD SECURITY ASSISTANCE
Belarus,2015,"336,682,670.87",DEVELOPMENTAL FOOD AID/FOOD SECURITY ASSISTANCE
Belarus,2015,"1,785,539.41",DEVELOPMENTAL FOOD AID/FOOD SECURITY ASSISTANCE
Belarus,2015,"6,963,603.71",DEVELOPMENTAL FOOD AID/FOOD SECURITY ASSISTANCE
Belarus,2015,"56,113,778.48",DEVELOPMENTAL FOOD AID/FOOD SECURITY ASSISTANCE
Belarus,2015,"13,242,851.72",DISASTER PREVENTION AND PREPAREDNESS
Belarus,2015,"785,592,898.71",DISASTER PREVENTION AND PREPAREDNESS
Belarus,2015,"58,172,817.47",DISASTER PREVENTION AND PREPAREDNESS
Belarus,2015,"190,786,846.83",DISASTER PREVENTION AND PREPAREDNESS
Belarus,2015,"54,249,760.16",DISASTER PREVENTION AND PREPAREDNESS
Belarus,2015,"117,838,934.81",DEVELOPMENTAL FOOD AID/FOOD SECURITY ASSISTANCE
Belarus,2015,"22,445,511.39",DEVELOPMENTAL FOOD AID/FOOD SECURITY ASSISTANCE
Belarus,2015,"22,142,236.77",DEVELOPMENTAL FOOD AID/FOOD SECURITY ASSISTANCE
Benin,2015,"237,148,050.61",DEVELOPMENTAL FOOD AID/FOOD SECURITY ASSISTANCE
Benin,2015,"88,562,754.94",DEVELOPMENTAL FOOD AID/FOOD SECURITY ASSISTANCE
Bolivia,2015,"552,608,490.46",GOVERNMENT AND CIVIL SOCIETY
Bolivia,2015,"9,820,466.78",DISASTER PREVENTION AND PREPAREDNESS
Bolivia,2015,"5,611,377.85",DISASTER PREVENTION AND PREPAREDNESS
Bosnia and Herzegovina,2015,"877,619,495.41",DISASTER PREVENTION AND PREPAREDNESS
Bosnia and Herzegovina,2015,"5,356,618.24",DISASTER PREVENTION AND PREPAREDNESS
Botswana,2015,"18,847.96",DISASTER PREVENTION AND PREPAREDNESS
Botswana,2015,"8,315.28",DEVELOPMENTAL FOOD AID/FOOD SECURITY ASSISTANCE
Botswana,2015,"3,142,371.59",DEVELOPMENTAL FOOD AID/FOOD SECURITY ASSISTANCE
Botswana,2015,"9,978.33",DEVELOPMENTAL FOOD AID/FOOD SECURITY ASSISTANCE
Botswana,2015,"9,978.33",DEVELOPMENTAL FOOD AID/FOOD SECURITY ASSISTANCE
Botswana,2015,"5,543.52",DEVELOPMENTAL FOOD AID/FOOD SECURITY ASSISTANCE
Botswana,2015,"2,771.76",DISASTER PREVENTION AND PREPAREDNESS
Botswana,2015,"27,717.59",DISASTER PREVENTION AND PREPAREDNESS
Botswana,2015,"13,304,441.25",DISASTER PREVENTION AND PREPAREDNESS
Brazil,2015,"3,927,964,493.53",DISASTER PREVENTION AND PREPAREDNESS
Brazil,2015,"84,844,033.06",DISASTER PREVENTION AND PREPAREDNESS
Brazil,2015,"1,683,413,354.37",DISASTER PREVENTION AND PREPAREDNESS
Brazil,2015,"673,365,341.75",DISASTER PREVENTION AND PREPAREDNESS
Brazil,2015,"1,357,953,439.19",DISASTER PREVENTION AND PREPAREDNESS
Brazil,2015,"115,931,066.34",DISASTER PREVENTION AND PREPAREDNESS
Brazil,2015,"6,321,677.33",DISASTER PREVENTION AND PREPAREDNESS
Brazil,2015,"6,321,677.33",DEVELOPMENTAL FOOD AID/FOOD SECURITY ASSISTANCE
Brazil,2015,"6,321,677.33",DEVELOPMENTAL FOOD AID/FOOD SECURITY ASSISTANCE
Brazil,2015,"897,820,455.66",DEVELOPMENTAL FOOD AID/FOOD SECURITY ASSISTANCE
Brazil,2015,"2,244,551,139.16",DEVELOPMENTAL FOOD AID/FOOD SECURITY ASSISTANCE
Brazil,2015,"28,056,889.24",DEVELOPMENTAL FOOD AID/FOOD SECURITY ASSISTANCE
Brazil,2015,"28,056,889.24",GOVERNMENT AND CIVIL SOCIETY
Brazil,2015,"7,410,662.61",DISASTER PREVENTION AND PREPAREDNESS
Brazil,2015,"237,361,282.97",DISASTER PREVENTION AND PREPAREDNESS
Brazil,2015,"140,284,446.20",DISASTER PREVENTION AND PREPAREDNESS
Brunei Darussalam,2015,"194,602,583.76",DISASTER PREVENTION AND PREPAREDNESS
Brunei Darussalam,2015,"23,825,910.34",DISASTER PREVENTION AND PREPAREDNESS
Burundi,2015,"1,064,181.49",DEVELOPMENTAL FOOD AID/FOOD SECURITY ASSISTANCE
Cabo Verde,2015,"20,890.43",DEVELOPMENTAL FOOD AID/FOOD SECURITY ASSISTANCE
Cabo Verde,2015,"3,161,794.76",DEVELOPMENTAL FOOD AID/FOOD SECURITY ASSISTANCE
Cabo Verde,2015,"897,820.46",DEVELOPMENTAL FOOD AID/FOOD SECURITY ASSISTANCE
Cabo Verde,2015,"677,527.45",DEVELOPMENTAL FOOD AID/FOOD SECURITY ASSISTANCE
Cabo Verde,2015,"12,498,775.90",DISASTER PREVENTION AND PREPAREDNESS
Cambodia,2015,"178,553,941.41",DISASTER PREVENTION AND PREPAREDNESS
Cambodia,2015,"56,113,778.48",DISASTER PREVENTION AND PREPAREDNESS
Cambodia,2015,"47,135,573.92",DISASTER PREVENTION AND PREPAREDNESS
Cambodia,2015,"101,004,801.26",DISASTER PREVENTION AND PREPAREDNESS
Cambodia,2015,"84,170,667.72",DEVELOPMENTAL FOOD AID/FOOD SECURITY ASSISTANCE
Cambodia,2015,"26,934,613.67",DEVELOPMENTAL FOOD AID/FOOD SECURITY ASSISTANCE
Cambodia,2015,"109,983,005.82",DEVELOPMENTAL FOOD AID/FOOD SECURITY ASSISTANCE
Cambodia,2015,"178,616,217.19",DEVELOPMENTAL FOOD AID/FOOD SECURITY ASSISTANCE
Cambodia,2015,"3,928,186.71",DEVELOPMENTAL FOOD AID/FOOD SECURITY ASSISTANCE
Cambodia,2015,"9,556,206.94",GOVERNMENT AND CIVIL SOCIETY
Cambodia,2015,"71,421.58",DISASTER PREVENTION AND PREPAREDNESS
Cambodia,2015,"56,113,778.48",DISASTER PREVENTION AND PREPAREDNESS
Cambodia,2015,"78,559,289.87",DISASTER PREVENTION AND PREPAREDNESS
Cambodia,2015,"20,200,960.25",DISASTER PREVENTION AND PREPAREDNESS
Cambodia,2015,"2,865,790.76",DISASTER PREVENTION AND PREPAREDNESS
Cambodia,2015,"4,489,102.28",DEVELOPMENTAL FOOD AID/FOOD SECURITY ASSISTANCE
Cambodia,2015,"11,222,755.70",DEVELOPMENTAL FOOD AID/FOOD SECURITY ASSISTANCE
Cameroon,2015,"91,598,171.94",DEVELOPMENTAL FOOD AID/FOOD SECURITY ASSISTANCE
Cameroon,2015,"49,662,672.06",DEVELOPMENTAL FOOD AID/FOOD SECURITY ASSISTANCE
Cameroon,2015,"3,794,997.28",DEVELOPMENTAL FOOD AID/FOOD SECURITY ASSISTANCE
Cameroon,2015,"761,239,518.85",DISASTER PREVENTION AND PREPAREDNESS
Cameroon,2015,"94,874,931.91",DISASTER PREVENTION AND PREPAREDNESS
Cameroon,2015,"101,117,028.82",DISASTER PREVENTION AND PREPAREDNESS
Cameroon,2015,"378,343,766.78",DISASTER PREVENTION AND PREPAREDNESS
Cameroon,2015,"13,600,904.76",DISASTER PREVENTION AND PREPAREDNESS
Cameroon,2015,"942,711,478.45",DEVELOPMENTAL FOOD AID/FOOD SECURITY ASSISTANCE
Cameroon,2015,"11,384.99",DEVELOPMENTAL FOOD AID/FOOD SECURITY ASSISTANCE
Central African Republic,2015,"10,006,162.88",DEVELOPMENTAL FOOD AID/FOOD SECURITY ASSISTANCE
Central African Republic,2015,"17,077,487.74",DEVELOPMENTAL FOOD AID/FOOD SECURITY ASSISTANCE
Chad,2015,"561,137.78",DEVELOPMENTAL FOOD AID/FOOD SECURITY ASSISTANCE
Chad,2015,"1,897,498.64",GOVERNMENT AND CIVIL SOCIETY
Chile,2015,"52,522,496.66",DISASTER PREVENTION AND PREPAREDNESS
Chile,2015,"336,682.67",DISASTER PREVENTION AND PREPAREDNESS
Chile,2015,"561,137.78",DISASTER PREVENTION AND PREPAREDNESS
Chile,2015,"7,855,928.99",DISASTER PREVENTION AND PREPAREDNESS
Colombia,2015,"8,927,697.07",DISASTER PREVENTION AND PREPAREDNESS
Colombia,2015,"222,210,562.78",DEVELOPMENTAL FOOD AID/FOOD SECURITY ASSISTANCE
Colombia,2015,"14,028,444.62",DEVELOPMENTAL FOOD AID/FOOD SECURITY ASSISTANCE
Colombia,2015,"18,704,593.20",DEVELOPMENTAL FOOD AID/FOOD SECURITY ASSISTANCE
Colombia,2015,"14,028,444.62",DEVELOPMENTAL FOOD AID/FOOD SECURITY ASSISTANCE
Colombia,2015,"18,704,593.20",DEVELOPMENTAL FOOD AID/FOOD SECURITY ASSISTANCE
Comoros,2015,"797,690.01",DISASTER PREVENTION AND PREPAREDNESS
Comoros,2015,"106,358.67",DISASTER PREVENTION AND PREPAREDNESS
Comoros,2015,"291,220.16",DISASTER PREVENTION AND PREPAREDNESS
Comoros,2015,"167,219,059.87",DISASTER PREVENTION AND PREPAREDNESS
Congo,2015,"8,978,204.56",DISASTER PREVENTION AND PREPAREDNESS
Cook Islands,2015,"11,411,677.84",DEVELOPMENTAL FOOD AID/FOOD SECURITY ASSISTANCE
Cook Islands,2015,"137,754.14",DEVELOPMENTAL FOOD AID/FOOD SECURITY ASSISTANCE
Costa Rica,2015,"26,783,091.21",DEVELOPMENTAL FOOD AID/FOOD SECURITY ASSISTANCE
Costa Rica,2015,"160,698.55",DEVELOPMENTAL FOOD AID/FOOD SECURITY ASSISTANCE
Cote d'Ivoire,2015,"39,279,644.94",DEVELOPMENTAL FOOD AID/FOOD SECURITY ASSISTANCE
Cote d'Ivoire,2015,"910,799.35",GOVERNMENT AND CIVIL SOCIETY
Cote d'Ivoire,2015,"675,589,568.67",DISASTER PREVENTION AND PREPAREDNESS
Cote d'Ivoire,2015,"197,309,207.60",DISASTER PREVENTION AND PREPAREDNESS
Cuba,2015,"27,596,756.26",DISASTER PREVENTION AND PREPAREDNESS
Cuba,2015,"67,336,534.17",DISASTER PREVENTION AND PREPAREDNESS
Cuba,2015,"809,041.02",DISASTER PREVENTION AND PREPAREDNESS
Cuba,2015,"25,756,224.32",DEVELOPMENTAL FOOD AID/FOOD SECURITY ASSISTANCE
Democratic People's Republic of Korea,2015,"24,461,889.97",DEVELOPMENTAL FOOD AID/FOOD SECURITY ASSISTANCE
Democratic People's Republic of Korea,2015,"200,145,390.58",DEVELOPMENTAL FOOD AID/FOOD SECURITY ASSISTANCE
Democratic Republic of the Congo,2015,"5,611,377.85",DEVELOPMENTAL FOOD AID/FOOD SECURITY ASSISTANCE
Democratic Republic of the Congo,2015,"359,335.16",DEVELOPMENTAL FOOD AID/FOOD SECURITY ASSISTANCE
Democratic Republic of the Congo,2015,"2,156,010.96",DISASTER PREVENTION AND PREPAREDNESS
Democratic Republic of the Congo,2015,"3,503,420.25",DISASTER PREVENTION AND PREPAREDNESS
Democratic Republic of the Congo,2015,"3,162,149.40",DISASTER PREVENTION AND PREPAREDNESS
Democratic Republic of the Congo,2015,"359,335.16",DISASTER PREVENTION AND PREPAREDNESS
Democratic Republic of the Congo,2015,"1,527,174.43",DISASTER PREVENTION AND PREPAREDNESS
Democratic Republic of the Congo,2015,"38,346,207.25",DEVELOPMENTAL FOOD AID/FOOD SECURITY ASSISTANCE
Democratic Republic of the Congo,2015,"1,006,138.44",DEVELOPMENTAL FOOD AID/FOOD SECURITY ASSISTANCE
Democratic Republic of the Congo,2015,"1,408,375.23",DEVELOPMENTAL FOOD AID/FOOD SECURITY ASSISTANCE
Democratic Republic of the Congo,2015,"19,737,858.39",DEVELOPMENTAL FOOD AID/FOOD SECURITY ASSISTANCE
Democratic Republic of the Congo,2015,"6,733,653.42",DEVELOPMENTAL FOOD AID/FOOD SECURITY ASSISTANCE
Democratic Republic of the Congo,2015,"11,155,661.16",GOVERNMENT AND CIVIL SOCIETY
Democratic Republic of the Congo,2015,"11,222,640.97",DISASTER PREVENTION AND PREPAREDNESS
Democratic Republic of the Congo,2015,"11,222,755.70",DISASTER PREVENTION AND PREPAREDNESS
Democratic Republic of the Congo,2015,"11,218,639.67",DISASTER PREVENTION AND PREPAREDNESS
Democratic Republic of the Congo,2015,"11,222,755.70",DISASTER PREVENTION AND PREPAREDNESS
Democratic Republic of the Congo,2015,"11,222,755.70",DISASTER PREVENTION AND PREPAREDNESS
Democratic Republic of the Congo,2015,"16,834,133.54",DEVELOPMENTAL FOOD AID/FOOD SECURITY ASSISTANCE
Democratic Republic of the Congo,2015,"33,572,277.76",DEVELOPMENTAL FOOD AID/FOOD SECURITY ASSISTANCE
Democratic Republic of the Congo,2015,"11,222,755.70",DEVELOPMENTAL FOOD AID/FOOD SECURITY ASSISTANCE
Democratic Republic of the Congo,2015,"6,172,515.63",DEVELOPMENTAL FOOD AID/FOOD SECURITY ASSISTANCE
Democratic Republic of the Congo,2015,"6,733,653.42",DEVELOPMENTAL FOOD AID/FOOD SECURITY ASSISTANCE
Democratic Republic of the Congo,2015,"6,733,653.42",DISASTER PREVENTION AND PREPAREDNESS
Democratic Republic of the Congo,2015,"10,085,390.23",DISASTER PREVENTION AND PREPAREDNESS
Democratic Republic of the Congo,2015,"5,611,377.85",DISASTER PREVENTION AND PREPAREDNESS
Democratic Republic of the Congo,2015,"11,222,755.70",DISASTER PREVENTION AND PREPAREDNESS
Democratic Republic of the Congo,2015,"33,668,267.09",DISASTER PREVENTION AND PREPAREDNESS
Democratic Republic of the Congo,2015,"8,417,066.77",DISASTER PREVENTION AND PREPAREDNESS
Democratic Republic of the Congo,2015,"16,834,133.54",DISASTER PREVENTION AND PREPAREDNESS
Democratic Republic of the Congo,2015,"319,490,667.12",DISASTER PREVENTION AND PREPAREDNESS
Democratic Republic of the Congo,2015,"11,222,755.70",DISASTER PREVENTION AND PREPAREDNESS
Democratic Republic of the Congo,2015,"6,172,515.63",DISASTER PREVENTION AND PREPAREDNESS
Democratic Republic of the Congo,2015,"30,157,108.76",DEVELOPMENTAL FOOD AID/FOOD SECURITY ASSISTANCE
Democratic Republic of the Congo,2015,"6,877,985.04",DEVELOPMENTAL FOOD AID/FOOD SECURITY ASSISTANCE
Democratic Republic of the Congo,2015,"5,985,117.44",DEVELOPMENTAL FOOD AID/FOOD SECURITY ASSISTANCE
Djibouti,2015,"27,406,125.41",DEVELOPMENTAL FOOD AID/FOOD SECURITY ASSISTANCE
Dominica,2015,"336,682.67",DEVELOPMENTAL FOOD AID/FOOD SECURITY ASSISTANCE
Dominica,2015,"224,455.11",GOVERNMENT AND CIVIL SOCIETY
Dominica,2015,"22,861.17",DISASTER PREVENTION AND PREPAREDNESS
Dominica,2015,"17,956,409.11",DISASTER PREVENTION AND PREPAREDNESS
Dominica,2015,"623,116.08",DISASTER PREVENTION AND PREPAREDNESS
Ecuador,2015,"5,943,571,416.49",DISASTER PREVENTION AND PREPAREDNESS
Ecuador,2015,"280,568,892.39",DISASTER PREVENTION AND PREPAREDNESS
Ecuador,2015,"67,336,534.17",DEVELOPMENTAL FOOD AID/FOOD SECURITY ASSISTANCE
Ecuador,2015,"17,319,732.32",DEVELOPMENTAL FOOD AID/FOOD SECURITY ASSISTANCE
Ecuador,2015,"3,571,078.83",DEVELOPMENTAL FOOD AID/FOOD SECURITY ASSISTANCE
Ecuador,2015,"9,320,515.74",DEVELOPMENTAL FOOD AID/FOOD SECURITY ASSISTANCE
Ecuador,2015,"124,987.76",DEVELOPMENTAL FOOD AID/FOOD SECURITY ASSISTANCE
Ecuador,2015,"33,668,267.09",DISASTER PREVENTION AND PREPAREDNESS
Ecuador,2015,"13,467,306.83",DISASTER PREVENTION AND PREPAREDNESS
Ecuador,2015,"8,927,697.07",DISASTER PREVENTION AND PREPAREDNESS
Egypt,2015,"5,356,618.24",DISASTER PREVENTION AND PREPAREDNESS
Egypt,2015,"112,227,556.96",DISASTER PREVENTION AND PREPAREDNESS
Egypt,2015,"56,113,778.48",DEVELOPMENTAL FOOD AID/FOOD SECURITY ASSISTANCE
El Salvador,2015,"22,445,511.39",DEVELOPMENTAL FOOD AID/FOOD SECURITY ASSISTANCE
Equatorial Guinea,2015,"2,244,551,139.16",DEVELOPMENTAL FOOD AID/FOOD SECURITY ASSISTANCE
Equatorial Guinea,2015,"190,786,846.83",DEVELOPMENTAL FOOD AID/FOOD SECURITY ASSISTANCE
Equatorial Guinea,2015,"292,913,923.66",DEVELOPMENTAL FOOD AID/FOOD SECURITY ASSISTANCE
Equatorial Guinea,2015,"561,137,784.79",GOVERNMENT AND CIVIL SOCIETY
Equatorial Guinea,2015,"451,192,557.01",DISASTER PREVENTION AND PREPAREDNESS
Eritrea,2015,"108,299,592.46",DISASTER PREVENTION AND PREPAREDNESS
Eritrea,2015,"1,071,323.65",DISASTER PREVENTION AND PREPAREDNESS
Ethiopia,2015,"1,683,413,354.37",DISASTER PREVENTION AND PREPAREDNESS
Ethiopia,2015,"8,927,697.07",DISASTER PREVENTION AND PREPAREDNESS
Ethiopia,2015,"617,251,563.27",DEVELOPMENTAL FOOD AID/FOOD SECURITY ASSISTANCE
Ethiopia,2015,"16,284.35",DEVELOPMENTAL FOOD AID/FOOD SECURITY ASSISTANCE
Ethiopia,2015,"30,660,568.56",DEVELOPMENTAL FOOD AID/FOOD SECURITY ASSISTANCE
Ethiopia,2015,"83,598,307.18",DEVELOPMENTAL FOOD AID/FOOD SECURITY ASSISTANCE
Ethiopia,2015,"44,779,459.11",DEVELOPMENTAL FOOD AID/FOOD SECURITY ASSISTANCE
Ethiopia,2015,"19,183,956.38",DISASTER PREVENTION AND PREPAREDNESS
Ethiopia,2015,"28,439,118.34",DISASTER PREVENTION AND PREPAREDNESS
Fiji,2015,"5,374,728.12",DISASTER PREVENTION AND PREPAREDNESS
Fiji,2015,"16,248,408.67",DISASTER PREVENTION AND PREPAREDNESS
Fiji,2015,"21,426,472.97",DISASTER PREVENTION AND PREPAREDNESS
Fiji,2015,"116,060.06",DEVELOPMENTAL FOOD AID/FOOD SECURITY ASSISTANCE
Fiji,2015,"98,760.25",DEVELOPMENTAL FOOD AID/FOOD SECURITY ASSISTANCE
Fiji,2015,"19,886.49",DEVELOPMENTAL FOOD AID/FOOD SECURITY ASSISTANCE
Fiji,2015,"1,074,945.62",DEVELOPMENTAL FOOD AID/FOOD SECURITY ASSISTANCE
Fiji,2015,"5,611,377.85",DEVELOPMENTAL FOOD AID/FOOD SECURITY ASSISTANCE
Fiji,2015,"89,782.05",GOVERNMENT AND CIVIL SOCIETY
Fiji,2015,"10,751.40",DISASTER PREVENTION AND PREPAREDNESS
Gabon,2015,"113,211,811.09",DISASTER PREVENTION AND PREPAREDNESS
Gabon,2015,"115,425,117.88",DISASTER PREVENTION AND PREPAREDNESS
Gabon,2015,"38,157,369.37",DISASTER PREVENTION AND PREPAREDNESS
Gabon,2015,"38,157,369.37",DISASTER PREVENTION AND PREPAREDNESS
Gabon,2015,"95,869,149.29",DEVELOPMENTAL FOOD AID/FOOD SECURITY ASSISTANCE
Gabon,2015,"1,087,308,004.79",DEVELOPMENTAL FOOD AID/FOOD SECURITY ASSISTANCE
Gabon,2015,"8,927,697.07",DEVELOPMENTAL FOOD AID/FOOD SECURITY ASSISTANCE
Georgia,2015,"4,642,402.48",DEVELOPMENTAL FOOD AID/FOOD SECURITY ASSISTANCE
Georgia,2015,"274,733,059.43",DEVELOPMENTAL FOOD AID/FOOD SECURITY ASSISTANCE
Ghana,2015,"106,616,179.11",DISASTER PREVENTION AND PREPAREDNESS
Ghana,2015,"22,445,511.39",DISASTER PREVENTION AND PREPAREDNESS
Ghana,2015,"1,458,958.24",DISASTER PREVENTION AND PREPAREDNESS
Ghana,2015,"19,265.84",DISASTER PREVENTION AND PREPAREDNESS
Guinea,2015,"17,956.41",DISASTER PREVENTION AND PREPAREDNESS
Guinea,2015,"1,785,539.41",DEVELOPMENTAL FOOD AID/FOOD SECURITY ASSISTANCE
Guinea,2015,"87,609,924.86",DEVELOPMENTAL FOOD AID/FOOD SECURITY ASSISTANCE
Guinea-Bissau,2015,"865,259.38",DEVELOPMENTAL FOOD AID/FOOD SECURITY ASSISTANCE
Guinea-Bissau,2015,"848,098.88",DEVELOPMENTAL FOOD AID/FOOD SECURITY ASSISTANCE
Guinea-Bissau,2015,"3,327,591.95",DEVELOPMENTAL FOOD AID/FOOD SECURITY ASSISTANCE
Guinea-Bissau,2015,"2,162,101.37",GOVERNMENT AND CIVIL SOCIETY
Guyana,2015,"48,209,564.18",DISASTER PREVENTION AND PREPAREDNESS
Guyana,2015,"434,779.88",DISASTER PREVENTION AND PREPAREDNESS
Guyana,2015,"17,391.20",DISASTER PREVENTION AND PREPAREDNESS
Haiti,2015,"897,820,455.66",DISASTER PREVENTION AND PREPAREDNESS
India,2015,"662,142,586.05",DISASTER PREVENTION AND PREPAREDNESS
India,2015,"518,491,313.15",DEVELOPMENTAL FOOD AID/FOOD SECURITY ASSISTANCE
India,2015,"56,113,778.48",DEVELOPMENTAL FOOD AID/FOOD SECURITY ASSISTANCE
India,2015,"16,834,133.54",DEVELOPMENTAL FOOD AID/FOOD SECURITY ASSISTANCE
Indonesia,2015,"223,077,222.13",DEVELOPMENTAL FOOD AID/FOOD SECURITY ASSISTANCE
Indonesia,2015,"33,668,267,087.37",DEVELOPMENTAL FOOD AID/FOOD SECURITY ASSISTANCE
Indonesia,2015,"892,769,707.04",DISASTER PREVENTION AND PREPAREDNESS
Indonesia,2015,"112,227,556.96",DISASTER PREVENTION AND PREPAREDNESS
Indonesia,2015,"17,855.39",DISASTER PREVENTION AND PREPAREDNESS
Indonesia,2015,"59,935,974.95",DISASTER PREVENTION AND PREPAREDNESS
Indonesia,2015,"179,564,091.13",DISASTER PREVENTION AND PREPAREDNESS
Indonesia,2015,"785,592,898.71",DEVELOPMENTAL FOOD AID/FOOD SECURITY ASSISTANCE
Indonesia,2015,"627,352,043.39",DEVELOPMENTAL FOOD AID/FOOD SECURITY ASSISTANCE
Indonesia,2015,"66,223,173.67",DEVELOPMENTAL FOOD AID/FOOD SECURITY ASSISTANCE
Indonesia,2015,"33,530,720.84",DEVELOPMENTAL FOOD AID/FOOD SECURITY ASSISTANCE
Indonesia,2015,"179,564,091.13",DEVELOPMENTAL FOOD AID/FOOD SECURITY ASSISTANCE
Indonesia,2015,"43,589,937.10",GOVERNMENT AND CIVIL SOCIETY
Indonesia,2015,"8,550,333.82",DISASTER PREVENTION AND PREPAREDNESS
Indonesia,2015,"218,843,736.07",DISASTER PREVENTION AND PREPAREDNESS
Indonesia,2015,"336,682,670.87",DISASTER PREVENTION AND PREPAREDNESS
Indonesia,2015,"785,592,898.71",DISASTER PREVENTION AND PREPAREDNESS
Indonesia,2015,"340,755,912.86",DISASTER PREVENTION AND PREPAREDNESS
Indonesia,2015,"785,592,898.71",DEVELOPMENTAL FOOD AID/FOOD SECURITY ASSISTANCE
Indonesia,2015,"339,252,488.67",DEVELOPMENTAL FOOD AID/FOOD SECURITY ASSISTANCE
Indonesia,2015,"785,592,898.71",DEVELOPMENTAL FOOD AID/FOOD SECURITY ASSISTANCE
Indonesia,2015,"340,338,096.64",DEVELOPMENTAL FOOD AID/FOOD SECURITY ASSISTANCE
Indonesia,2015,"168,341,335.44",DEVELOPMENTAL FOOD AID/FOOD SECURITY ASSISTANCE
Indonesia,2015,"22,445,511,391.58",DISASTER PREVENTION AND PREPAREDNESS
Indonesia,2015,"16,834,133.54",DISASTER PREVENTION AND PREPAREDNESS
Indonesia,2015,"1,694,636,110.06",DISASTER PREVENTION AND PREPAREDNESS
Indonesia,2015,"83,826,802.11",DISASTER PREVENTION AND PREPAREDNESS
Indonesia,2015,"56,113,778.48",DISASTER PREVENTION AND PREPAREDNESS
Indonesia,2015,"22,445,511.39",DISASTER PREVENTION AND PREPAREDNESS
Indonesia,2015,"33,668,267.09",DISASTER PREVENTION AND PREPAREDNESS
Indonesia,2015,"303,014,403.79",DISASTER PREVENTION AND PREPAREDNESS
Indonesia,2015,"33,668,267.09",DISASTER PREVENTION AND PREPAREDNESS
Indonesia,2015,"23,076,791.40",DISASTER PREVENTION AND PREPAREDNESS
Iran,2015,"2,244,551,139.16",DEVELOPMENTAL FOOD AID/FOOD SECURITY ASSISTANCE
Iran,2015,"2,020,096,025.24",DEVELOPMENTAL FOOD AID/FOOD SECURITY ASSISTANCE
Iran,2015,"1,144,721,080.97",DEVELOPMENTAL FOOD AID/FOOD SECURITY ASSISTANCE
Israel,2015,"124,467,849.77",DEVELOPMENTAL FOOD AID/FOOD SECURITY ASSISTANCE
Israel,2015,"112,227,556.96",DEVELOPMENTAL FOOD AID/FOOD SECURITY ASSISTANCE
Israel,2015,"112,227,556.96",GOVERNMENT AND CIVIL SOCIETY
Israel,2015,"224,455,113.92",DISASTER PREVENTION AND PREPAREDNESS
Jamaica,2015,"448,910.23",DISASTER PREVENTION AND PREPAREDNESS
Jamaica,2015,"13,436.51",DISASTER PREVENTION AND PREPAREDNESS
Jordan,2015,"3,142,371,594.82",DISASTER PREVENTION AND PREPAREDNESS
Jordan,2015,"23,212,012.38",DISASTER PREVENTION AND PREPAREDNESS
Kazakhstan,2015,"392,796,449.35",DEVELOPMENTAL FOOD AID/FOOD SECURITY ASSISTANCE
Kazakhstan,2015,"224,455,113.92",DEVELOPMENTAL FOOD AID/FOOD SECURITY ASSISTANCE
Kazakhstan,2015,"729,479,120.23",DEVELOPMENTAL FOOD AID/FOOD SECURITY ASSISTANCE
Kazakhstan,2015,"561,137,784.79",DEVELOPMENTAL FOOD AID/FOOD SECURITY ASSISTANCE
Kazakhstan,2015,"1,795,640,911.33",DEVELOPMENTAL FOOD AID/FOOD SECURITY ASSISTANCE
Kazakhstan,2015,"2,805,688,923.95",DISASTER PREVENTION AND PREPAREDNESS
Kazakhstan,2015,"25,812,338,100.32",DISASTER PREVENTION AND PREPAREDNESS
Kazakhstan,2015,"280,568,892.39",DISASTER PREVENTION AND PREPAREDNESS
Kazakhstan,2015,"392,796,449.35",DISASTER PREVENTION AND PREPAREDNESS
Kazakhstan,2015,"71,488.95",DISASTER PREVENTION AND PREPAREDNESS
Kazakhstan,2015,"572,552,108.95",DEVELOPMENTAL FOOD AID/FOOD SECURITY ASSISTANCE
Kenya,2015,"1,165,797.33",DEVELOPMENTAL FOOD AID/FOOD SECURITY ASSISTANCE
Kenya,2015,"154,858,625.17",DEVELOPMENTAL FOOD AID/FOOD SECURITY ASSISTANCE
Kenya,2015,"1,568,859,739.07",DEVELOPMENTAL FOOD AID/FOOD SECURITY ASSISTANCE
Kenya,2015,"1,010,048,012.62",DEVELOPMENTAL FOOD AID/FOOD SECURITY ASSISTANCE
Kenya,2015,"53,566,182.42",GOVERNMENT AND CIVIL SOCIETY
Kenya,2015,"1,282,087.61",DISASTER PREVENTION AND PREPAREDNESS
Kenya,2015,"8,927.70",DISASTER PREVENTION AND PREPAREDNESS
Kenya,2015,"602,661.98",DISASTER PREVENTION AND PREPAREDNESS
Kenya,2015,"13,998,391.42",DISASTER PREVENTION AND PREPAREDNESS
Kyrgyz Republic,2015,"124,552,553.17",DISASTER PREVENTION AND PREPAREDNESS
Kyrgyz Republic,2015,"207,906,171.92",DEVELOPMENTAL FOOD AID/FOOD SECURITY ASSISTANCE
Kyrgyz Republic,2015,"35,912,818.23",DEVELOPMENTAL FOOD AID/FOOD SECURITY ASSISTANCE
Kyrgyz Republic,2015,"56,113.78",DEVELOPMENTAL FOOD AID/FOOD SECURITY ASSISTANCE
Kyrgyz Republic,2015,"33,668.27",DEVELOPMENTAL FOOD AID/FOOD SECURITY ASSISTANCE
Lao People's Democratic Republic,2015,"65,581,380.68",DEVELOPMENTAL FOOD AID/FOOD SECURITY ASSISTANCE
Lao People's Democratic Republic,2015,"535,661.82",DISASTER PREVENTION AND PREPAREDNESS
Lao People's Democratic Republic,2015,"262,612,483.28",DISASTER PREVENTION AND PREPAREDNESS
Lao People's Democratic Republic,2015,"168,913,134.84",DISASTER PREVENTION AND PREPAREDNESS
Lao People's Democratic Republic,2015,"107,794,568.46",DISASTER PREVENTION AND PREPAREDNESS
Lao People's Democratic Republic,2015,"35,772,533.78",DISASTER PREVENTION AND PREPAREDNESS
Lao People's Democratic Republic,2015,"13,773.79",DEVELOPMENTAL FOOD AID/FOOD SECURITY ASSISTANCE
Lao People's Democratic Republic,2015,"67,336,534.17",DEVELOPMENTAL FOOD AID/FOOD SECURITY ASSISTANCE
Lao People's Democratic Republic,2015,"8,816,993.63",DEVELOPMENTAL FOOD AID/FOOD SECURITY ASSISTANCE
Lao People's Democratic Republic,2015,"10,970,354.16",DEVELOPMENTAL FOOD AID/FOOD SECURITY ASSISTANCE
Lao People's Democratic Republic,2015,"501,657,179.60",DEVELOPMENTAL FOOD AID/FOOD SECURITY ASSISTANCE
Lao People's Democratic Republic,2015,"334,438,119.73",GOVERNMENT AND CIVIL SOCIETY
Lebanon,2015,"8,927,697.07",DISASTER PREVENTION AND PREPAREDNESS
Lebanon,2015,"3,571,078.83",DISASTER PREVENTION AND PREPAREDNESS
Lesotho,2015,"17,855,394.14",DISASTER PREVENTION AND PREPAREDNESS
Lesotho,2015,"1,122,275.57",DISASTER PREVENTION AND PREPAREDNESS
Lesotho,2015,"3,213,970.95",DISASTER PREVENTION AND PREPAREDNESS
Lesotho,2015,"2,244,551.14",DEVELOPMENTAL FOOD AID/FOOD SECURITY ASSISTANCE
Liberia,2015,"5,356,618.24",DEVELOPMENTAL FOOD AID/FOOD SECURITY ASSISTANCE
Liberia,2015,"3,591,281.82",DEVELOPMENTAL FOOD AID/FOOD SECURITY ASSISTANCE
Liberia,2015,"1,122,275.57",DEVELOPMENTAL FOOD AID/FOOD SECURITY ASSISTANCE
Liberia,2015,"53,566,182.42",DEVELOPMENTAL FOOD AID/FOOD SECURITY ASSISTANCE
Liberia,2015,"14,477,354.85",DISASTER PREVENTION AND PREPAREDNESS
Liberia,2015,"109,480.23",DISASTER PREVENTION AND PREPAREDNESS
Madagascar,2015,"1,814,685.93",DISASTER PREVENTION AND PREPAREDNESS
Madagascar,2015,"646,430.73",DISASTER PREVENTION AND PREPAREDNESS
Madagascar,2015,"336,682.67",DISASTER PREVENTION AND PREPAREDNESS
Madagascar,2015,"3,232,382.58",DEVELOPMENTAL FOOD AID/FOOD SECURITY ASSISTANCE
Madagascar,2015,"357,107.88",DEVELOPMENTAL FOOD AID/FOOD SECURITY ASSISTANCE
Malawi,2015,"23,212,012.38",DEVELOPMENTAL FOOD AID/FOOD SECURITY ASSISTANCE
Malawi,2015,"8,927,697.07",DEVELOPMENTAL FOOD AID/FOOD SECURITY ASSISTANCE
Malawi,2015,"673,365.34",DEVELOPMENTAL FOOD AID/FOOD SECURITY ASSISTANCE
Malawi,2015,"2,025,794.37",GOVERNMENT AND CIVIL SOCIETY
Malawi,2015,"748,819,086.37",DISASTER PREVENTION AND PREPAREDNESS
Malawi,2015,"190,113,481.49",DISASTER PREVENTION AND PREPAREDNESS
Malawi,2015,"25,812,338.10",DISASTER PREVENTION AND PREPAREDNESS
Malawi,2015,"5,611,377.85",DISASTER PREVENTION AND PREPAREDNESS
Malawi,2015,"1,122,275.57",DISASTER PREVENTION AND PREPAREDNESS
Malawi,2015,"5,611,377.85",DEVELOPMENTAL FOOD AID/FOOD SECURITY ASSISTANCE
Malawi,2015,"2,244,551.14",DEVELOPMENTAL FOOD AID/FOOD SECURITY ASSISTANCE
Malawi,2015,"1,122,275.57",DEVELOPMENTAL FOOD AID/FOOD SECURITY ASSISTANCE
Malawi,2015,225.09,DEVELOPMENTAL FOOD AID/FOOD SECURITY ASSISTANCE
Malawi,2015,"1,125.44",DEVELOPMENTAL FOOD AID/FOOD SECURITY ASSISTANCE
Malawi,2015,"40,740.98",DISASTER PREVENTION AND PREPAREDNESS
Malaysia,2015,"258,560.69",DISASTER PREVENTION AND PREPAREDNESS
Malaysia,2015,"1,785,539.41",DISASTER PREVENTION AND PREPAREDNESS
Malaysia,2015,"5,745.79",DISASTER PREVENTION AND PREPAREDNESS
Malaysia,2015,"897,820,455.66",DISASTER PREVENTION AND PREPAREDNESS
Malaysia,2015,"745,190,978.20",DEVELOPMENTAL FOOD AID/FOOD SECURITY ASSISTANCE
Malaysia,2015,"357,107,882.81",DEVELOPMENTAL FOOD AID/FOOD SECURITY ASSISTANCE
Malaysia,2015,"142,843,153.13",DEVELOPMENTAL FOOD AID/FOOD SECURITY ASSISTANCE
Malaysia,2015,"69,581,085.31",DEVELOPMENTAL FOOD AID/FOOD SECURITY ASSISTANCE
Malaysia,2015,"8,927,697.07",DEVELOPMENTAL FOOD AID/FOOD SECURITY ASSISTANCE
Malaysia,2015,"56,113,778.48",GOVERNMENT AND CIVIL SOCIETY
Malaysia,2015,"1,785,539.41",DISASTER PREVENTION AND PREPAREDNESS
Maldives,2015,"419,549,815.52",DISASTER PREVENTION AND PREPAREDNESS
Maldives,2015,"418,871.26",DISASTER PREVENTION AND PREPAREDNESS
Maldives,2015,"1,279,394.15",DISASTER PREVENTION AND PREPAREDNESS
Mali,2015,"15,373,494.36",DISASTER PREVENTION AND PREPAREDNESS
Mali,2015,"8,978.20",DEVELOPMENTAL FOOD AID/FOOD SECURITY ASSISTANCE
Marshall Islands,2015,"14,309,013.51",DEVELOPMENTAL FOOD AID/FOOD SECURITY ASSISTANCE
Marshall Islands,2015,"14,309,013.51",DEVELOPMENTAL FOOD AID/FOOD SECURITY ASSISTANCE
Marshall Islands,2015,"14,309,013.51",DEVELOPMENTAL FOOD AID/FOOD SECURITY ASSISTANCE
Marshall Islands,2015,"16,834,132.42",DEVELOPMENTAL FOOD AID/FOOD SECURITY ASSISTANCE
Marshall Islands,2015,"101,004,801.26",DISASTER PREVENTION AND PREPAREDNESS
Marshall Islands,2015,"85,102,156.44",DISASTER PREVENTION AND PREPAREDNESS
Marshall Islands,2015,"14,309,013.51",DISASTER PREVENTION AND PREPAREDNESS
Mauritania,2015,"35,710,788.28",DISASTER PREVENTION AND PREPAREDNESS
Mauritania,2015,"17,855,394.14",DISASTER PREVENTION AND PREPAREDNESS
Mauritania,2015,"35,710,788.28",DISASTER PREVENTION AND PREPAREDNESS
Mauritania,2015,"135,701.00",DISASTER PREVENTION AND PREPAREDNESS
Mauritania,2015,"357,107.88",DISASTER PREVENTION AND PREPAREDNESS
Mauritius,2015,"7,993,957.75",DISASTER PREVENTION AND PREPAREDNESS
Mauritius,2015,"7,993,957.75",DISASTER PREVENTION AND PREPAREDNESS
Mauritius,2015,"8,927,697.07",DEVELOPMENTAL FOOD AID/FOOD SECURITY ASSISTANCE
Mexico,2015,"87,313,039.31",DEVELOPMENTAL FOOD AID/FOOD SECURITY ASSISTANCE
Mexico,2015,"87,313,039.31",DEVELOPMENTAL FOOD AID/FOOD SECURITY ASSISTANCE
Mexico,2015,"86,729,456.02",DEVELOPMENTAL FOOD AID/FOOD SECURITY ASSISTANCE
Mexico,2015,"56,113,778.48",DEVELOPMENTAL FOOD AID/FOOD SECURITY ASSISTANCE
Mexico,2015,"16,834,133.54",GOVERNMENT AND CIVIL SOCIETY
Mexico,2015,"28,056,889.24",DISASTER PREVENTION AND PREPAREDNESS
Micronesia,2015,"2,535,465.97",DISASTER PREVENTION AND PREPAREDNESS
Micronesia,2015,"561,137.78",DISASTER PREVENTION AND PREPAREDNESS
Micronesia,2015,"687,432.67",DISASTER PREVENTION AND PREPAREDNESS
Micronesia,2015,"3,785,664.95",DISASTER PREVENTION AND PREPAREDNESS
Micronesia,2015,"145,895.82",DEVELOPMENTAL FOOD AID/FOOD SECURITY ASSISTANCE
Micronesia,2015,"11,503,324.59",DEVELOPMENTAL FOOD AID/FOOD SECURITY ASSISTANCE
"Middle East, regional",2015,"17,855,394.14",DEVELOPMENTAL FOOD AID/FOOD SECURITY ASSISTANCE
Moldova,2015,"10,713,236.48",DEVELOPMENTAL FOOD AID/FOOD SECURITY ASSISTANCE
Mongolia,2015,"2,053,370,326.18",DEVELOPMENTAL FOOD AID/FOOD SECURITY ASSISTANCE
Mongolia,2015,"218,843,736.07",DISASTER PREVENTION AND PREPAREDNESS
Mongolia,2015,"1,122,275,569.58",DISASTER PREVENTION AND PREPAREDNESS
Mongolia,2015,"928,795,261.38",DISASTER PREVENTION AND PREPAREDNESS
Mongolia,2015,"4,562.80",DISASTER PREVENTION AND PREPAREDNESS
Mongolia,2015,"31,760,398.62",DISASTER PREVENTION AND PREPAREDNESS
Mongolia,2015,"33,960,432.45",DEVELOPMENTAL FOOD AID/FOOD SECURITY ASSISTANCE
Mongolia,2015,"47,562,038.64",DEVELOPMENTAL FOOD AID/FOOD SECURITY ASSISTANCE
Mongolia,2015,"1,596,981.48",DEVELOPMENTAL FOOD AID/FOOD SECURITY ASSISTANCE
Mongolia,2015,"5,703.51",DEVELOPMENTAL FOOD AID/FOOD SECURITY ASSISTANCE
Mongolia,2015,"3,571.08",DEVELOPMENTAL FOOD AID/FOOD SECURITY ASSISTANCE
Mongolia,2015,"74,440,538.53",GOVERNMENT AND CIVIL SOCIETY
Mongolia,2015,"35,710.79",DISASTER PREVENTION AND PREPAREDNESS
Mongolia,2015,"1,606.99",DISASTER PREVENTION AND PREPAREDNESS
Mongolia,2015,"4,820.96",DISASTER PREVENTION AND PREPAREDNESS
Mongolia,2015,"13,212.99",DISASTER PREVENTION AND PREPAREDNESS
Mongolia,2015,"16,069.85",DISASTER PREVENTION AND PREPAREDNESS
Mongolia,2015,"3,749.63",DEVELOPMENTAL FOOD AID/FOOD SECURITY ASSISTANCE
Montenegro,2015,"982,046.68",DEVELOPMENTAL FOOD AID/FOOD SECURITY ASSISTANCE
Montenegro,2015,"803,492.74",DEVELOPMENTAL FOOD AID/FOOD SECURITY ASSISTANCE
Morocco,2015,"4,766,293.76",DEVELOPMENTAL FOOD AID/FOOD SECURITY ASSISTANCE
Morocco,2015,"1,588,764.59",DEVELOPMENTAL FOOD AID/FOOD SECURITY ASSISTANCE
Morocco,2015,"4,766,293.76",DISASTER PREVENTION AND PREPAREDNESS
Mozambique,2015,"6,376,161.25",DISASTER PREVENTION AND PREPAREDNESS
Mozambique,2015,"785,592.90",DISASTER PREVENTION AND PREPAREDNESS
Multi-Region,2015,"56,113,778.48",DISASTER PREVENTION AND PREPAREDNESS
Multi-Region,2015,"56,113,778.48",DISASTER PREVENTION AND PREPAREDNESS
Myanmar,2015,"43,950,874.12",DEVELOPMENTAL FOOD AID/FOOD SECURITY ASSISTANCE
Myanmar,2015,"430,315.00",DEVELOPMENTAL FOOD AID/FOOD SECURITY ASSISTANCE
Myanmar,2015,"1,785,539.41",DEVELOPMENTAL FOOD AID/FOOD SECURITY ASSISTANCE
Myanmar,2015,"1,785,539.41",DEVELOPMENTAL FOOD AID/FOOD SECURITY ASSISTANCE
Myanmar,2015,"145,794,819.24",DEVELOPMENTAL FOOD AID/FOOD SECURITY ASSISTANCE
Myanmar,2015,"5,712,833.36",GOVERNMENT AND CIVIL SOCIETY
Myanmar,2015,"19,617,376.96",DISASTER PREVENTION AND PREPAREDNESS
Myanmar,2015,"3,744,436.85",DISASTER PREVENTION AND PREPAREDNESS
Myanmar,2015,"178,553.94",DISASTER PREVENTION AND PREPAREDNESS
Myanmar,2015,"5,178,064.30",DISASTER PREVENTION AND PREPAREDNESS
Myanmar,2015,"336,682.67",DISASTER PREVENTION AND PREPAREDNESS
Myanmar,2015,"168,341.34",DEVELOPMENTAL FOOD AID/FOOD SECURITY ASSISTANCE
Myanmar,2015,"535,661.82",DEVELOPMENTAL FOOD AID/FOOD SECURITY ASSISTANCE
Namibia,2015,"602,661,980.86",DEVELOPMENTAL FOOD AID/FOOD SECURITY ASSISTANCE
Nepal,2015,"3,571,078.83",DEVELOPMENTAL FOOD AID/FOOD SECURITY ASSISTANCE
Nepal,2015,"7,142,157.66",DEVELOPMENTAL FOOD AID/FOOD SECURITY ASSISTANCE
Nepal,2015,"14,284,315.31",DISASTER PREVENTION AND PREPAREDNESS
Nepal,2015,"142,843,153.13",DISASTER PREVENTION AND PREPAREDNESS
Nepal,2015,"535,661,824.22",DISASTER PREVENTION AND PREPAREDNESS
Nepal,2015,"3,614,718.30",DISASTER PREVENTION AND PREPAREDNESS
Nepal,2015,"8,312,710.12",DISASTER PREVENTION AND PREPAREDNESS
Nepal,2015,"22,140,688.73",DEVELOPMENTAL FOOD AID/FOOD SECURITY ASSISTANCE
Nepal,2015,"1,785,539.41",DEVELOPMENTAL FOOD AID/FOOD SECURITY ASSISTANCE
Nepal,2015,"1,785,539.41",DEVELOPMENTAL FOOD AID/FOOD SECURITY ASSISTANCE
Nepal,2015,"892,769.71",DEVELOPMENTAL FOOD AID/FOOD SECURITY ASSISTANCE
Nepal,2015,"892,769.71",DEVELOPMENTAL FOOD AID/FOOD SECURITY ASSISTANCE
Nepal,2015,"1,071,323.65",GOVERNMENT AND CIVIL SOCIETY
Niger,2015,"26,783,091.21",DISASTER PREVENTION AND PREPAREDNESS
Niger,2015,"17,855,394.14",DISASTER PREVENTION AND PREPAREDNESS
Niger,2015,"99,454,545.36",DISASTER PREVENTION AND PREPAREDNESS
Niger,2015,"1,785,539.41",DISASTER PREVENTION AND PREPAREDNESS
Niger,2015,"10,252,095.52",DISASTER PREVENTION AND PREPAREDNESS
Nigeria,2015,"56,716.69",DEVELOPMENTAL FOOD AID/FOOD SECURITY ASSISTANCE
Nigeria,2015,"89,782.05",DEVELOPMENTAL FOOD AID/FOOD SECURITY ASSISTANCE
North Macedonia,2015,"286,276.05",DEVELOPMENTAL FOOD AID/FOOD SECURITY ASSISTANCE
Oman,2015,"20,842,259.94",DEVELOPMENTAL FOOD AID/FOOD SECURITY ASSISTANCE
Pakistan,2015,"1,785,539,414.07",DEVELOPMENTAL FOOD AID/FOOD SECURITY ASSISTANCE
Pakistan,2015,"561,137,784.79",DISASTER PREVENTION AND PREPAREDNESS
Pakistan,2015,"696,933,128.71",DISASTER PREVENTION AND PREPAREDNESS
Pakistan,2015,"1,386,549,020.70",DISASTER PREVENTION AND PREPAREDNESS
Pakistan,2015,"2,525,120,031.55",DISASTER PREVENTION AND PREPAREDNESS
Pakistan,2015,"4,060,562,698.80",DISASTER PREVENTION AND PREPAREDNESS
Pakistan,2015,"15,534,192.90",DEVELOPMENTAL FOOD AID/FOOD SECURITY ASSISTANCE
Pakistan,2015,"11,222,755.70",DEVELOPMENTAL FOOD AID/FOOD SECURITY ASSISTANCE
Pakistan,2015,"112,227,556.96",DEVELOPMENTAL FOOD AID/FOOD SECURITY ASSISTANCE
Pakistan,2015,"1,793,822,824.90",DEVELOPMENTAL FOOD AID/FOOD SECURITY ASSISTANCE
Pakistan,2015,"88,457,760.39",DEVELOPMENTAL FOOD AID/FOOD SECURITY ASSISTANCE
Pakistan,2015,"282,813,443.53",GOVERNMENT AND CIVIL SOCIETY
Pakistan,2015,"447,787.95",DISASTER PREVENTION AND PREPAREDNESS
Pakistan,2015,"228,102,509.52",DISASTER PREVENTION AND PREPAREDNESS
Pakistan,2015,"16,834,133.54",DISASTER PREVENTION AND PREPAREDNESS
Pakistan,2015,"2,678,309.12",DISASTER PREVENTION AND PREPAREDNESS
Pakistan,2015,"8,927,697.07",DISASTER PREVENTION AND PREPAREDNESS
Pakistan,2015,"16,962,624.43",DEVELOPMENTAL FOOD AID/FOOD SECURITY ASSISTANCE
Pakistan,2015,"35,710,788.28",DEVELOPMENTAL FOOD AID/FOOD SECURITY ASSISTANCE
Pakistan,2015,"45,800,065.99",DEVELOPMENTAL FOOD AID/FOOD SECURITY ASSISTANCE
Pakistan,2015,"55,058,839.44",DEVELOPMENTAL FOOD AID/FOOD SECURITY ASSISTANCE
Pakistan,2015,"17,855,394.14",DEVELOPMENTAL FOOD AID/FOOD SECURITY ASSISTANCE
Pakistan,2015,"63,060,664.25",DISASTER PREVENTION AND PREPAREDNESS
Pakistan,2015,"17,855,394.14",DISASTER PREVENTION AND PREPAREDNESS
Pakistan,2015,"72,319,437.70",DISASTER PREVENTION AND PREPAREDNESS
Pakistan,2015,"35,127,225.33",DISASTER PREVENTION AND PREPAREDNESS
Pakistan,2015,"74,818,371.31",DISASTER PREVENTION AND PREPAREDNESS
Pakistan,2015,"214,264,729.69",DISASTER PREVENTION AND PREPAREDNESS
Pakistan,2015,"7,943,240.62",DISASTER PREVENTION AND PREPAREDNESS
Pakistan,2015,"160,698.55",DISASTER PREVENTION AND PREPAREDNESS
Pakistan,2015,"124,987.76",DISASTER PREVENTION AND PREPAREDNESS
Pakistan,2015,"142,843,153.13",DISASTER PREVENTION AND PREPAREDNESS
Pakistan,2015,"35,127,225.33",DEVELOPMENTAL FOOD AID/FOOD SECURITY ASSISTANCE
Pakistan,2015,"35,710,788.28",DEVELOPMENTAL FOOD AID/FOOD SECURITY ASSISTANCE
Pakistan,2015,"117,539,660.95",DEVELOPMENTAL FOOD AID/FOOD SECURITY ASSISTANCE
Pakistan,2015,"74,818,371.31",DEVELOPMENTAL FOOD AID/FOOD SECURITY ASSISTANCE
Pakistan,2015,"74,818,371.31",DEVELOPMENTAL FOOD AID/FOOD SECURITY ASSISTANCE
Panama,2015,"56,113,778.48",GOVERNMENT AND CIVIL SOCIETY
Papua New Guinea,2015,"1,627,572.63",DISASTER PREVENTION AND PREPAREDNESS
Paraguay,2015,"56,113,778.48",DISASTER PREVENTION AND PREPAREDNESS
Paraguay,2015,"5,611,377.85",DISASTER PREVENTION AND PREPAREDNESS
Paraguay,2015,"11,222,755.70",DISASTER PREVENTION AND PREPAREDNESS
Peru,2015,"140,284,446.20",DISASTER PREVENTION AND PREPAREDNESS
Peru,2015,"3,571,078.83",DEVELOPMENTAL FOOD AID/FOOD SECURITY ASSISTANCE
Peru,2015,"17,855,394.14",DEVELOPMENTAL FOOD AID/FOOD SECURITY ASSISTANCE
Peru,2015,"5,611.38",DEVELOPMENTAL FOOD AID/FOOD SECURITY ASSISTANCE
Peru,2015,"30,301,440.38",DEVELOPMENTAL FOOD AID/FOOD SECURITY ASSISTANCE
Philippines,2015,"19,725.28",DEVELOPMENTAL FOOD AID/FOOD SECURITY ASSISTANCE
Philippines,2015,"2,465.66",DISASTER PREVENTION AND PREPAREDNESS
Romania,2015,"23,925.20",DISASTER PREVENTION AND PREPAREDNESS
Romania,2015,"53,521,175.40",DISASTER PREVENTION AND PREPAREDNESS
Russia,2015,"1,785,539.41",DISASTER PREVENTION AND PREPAREDNESS
Russia,2015,"561,137,784.79",DISASTER PREVENTION AND PREPAREDNESS
Russia,2015,"8,978,204,556.63",DEVELOPMENTAL FOOD AID/FOOD SECURITY ASSISTANCE
Russia,2015,"696,360,371.49",DEVELOPMENTAL FOOD AID/FOOD SECURITY ASSISTANCE
Russia,2015,"1,785,539,414.07",DEVELOPMENTAL FOOD AID/FOOD SECURITY ASSISTANCE
Russia,2015,"961,155,866.60",DEVELOPMENTAL FOOD AID/FOOD SECURITY ASSISTANCE
Russia,2015,"2,142,647,296.89",DEVELOPMENTAL FOOD AID/FOOD SECURITY ASSISTANCE
Russia,2015,"112,227,556.96",GOVERNMENT AND CIVIL SOCIETY
Russia,2015,"110,703,443.67",DISASTER PREVENTION AND PREPAREDNESS
Russia,2015,"392,796,449.35",DISASTER PREVENTION AND PREPAREDNESS
Russia,2015,"124,987,758.99",DISASTER PREVENTION AND PREPAREDNESS
Russia,2015,"336,682,670.87",DISASTER PREVENTION AND PREPAREDNESS
Russia,2015,"260,929,069.93",DISASTER PREVENTION AND PREPAREDNESS
Russia,2015,"535,661,824.22",DEVELOPMENTAL FOOD AID/FOOD SECURITY ASSISTANCE
Russia,2015,"71,421,576.56",DEVELOPMENTAL FOOD AID/FOOD SECURITY ASSISTANCE
Russia,2015,"166,433,699.86",DEVELOPMENTAL FOOD AID/FOOD SECURITY ASSISTANCE
Russia,2015,"1,071,323,648.44",DEVELOPMENTAL FOOD AID/FOOD SECURITY ASSISTANCE
Russia,2015,"51,797,333.81",DEVELOPMENTAL FOOD AID/FOOD SECURITY ASSISTANCE
Russia,2015,"51,797,333.81",DISASTER PREVENTION AND PREPAREDNESS
Russia,2015,"51,797,333.81",DISASTER PREVENTION AND PREPAREDNESS
Russia,2015,"12,949,332.89",DISASTER PREVENTION AND PREPAREDNESS
Russia,2015,"12,949,332.89",DISASTER PREVENTION AND PREPAREDNESS
Russia,2015,"12,949,332.89",DISASTER PREVENTION AND PREPAREDNESS
Russia,2015,"44,891,022.78",DEVELOPMENTAL FOOD AID/FOOD SECURITY ASSISTANCE
Russia,2015,"44,891,022.78",DEVELOPMENTAL FOOD AID/FOOD SECURITY ASSISTANCE
Russia,2015,"561,137,784.79",DEVELOPMENTAL FOOD AID/FOOD SECURITY ASSISTANCE
Russia,2015,"561,137,784.79",DEVELOPMENTAL FOOD AID/FOOD SECURITY ASSISTANCE
Samoa,2015,"264,581.69",DEVELOPMENTAL FOOD AID/FOOD SECURITY ASSISTANCE
Samoa,2015,"11,024.24",GOVERNMENT AND CIVIL SOCIETY
Senegal,2015,"1,664,106.31",DISASTER PREVENTION AND PREPAREDNESS
Senegal,2015,"775,188,224.66",DISASTER PREVENTION AND PREPAREDNESS
Senegal,2015,"1,410,666,722.69",DISASTER PREVENTION AND PREPAREDNESS
Senegal,2015,"94,874,931.91",DISASTER PREVENTION AND PREPAREDNESS
Senegal,2015,"94,633,588.95",DISASTER PREVENTION AND PREPAREDNESS
Senegal,2015,"449,038,751.95",DEVELOPMENTAL FOOD AID/FOOD SECURITY ASSISTANCE
Serbia,2015,"1,795,640.91",DEVELOPMENTAL FOOD AID/FOOD SECURITY ASSISTANCE
Seychelles,2015,"294,864.67",DEVELOPMENTAL FOOD AID/FOOD SECURITY ASSISTANCE
Sierra Leone,2015,"16,834,133.54",DEVELOPMENTAL FOOD AID/FOOD SECURITY ASSISTANCE
Sierra Leone,2015,"221,406,887.34",DEVELOPMENTAL FOOD AID/FOOD SECURITY ASSISTANCE
Sierra Leone,2015,"2,080,698.91",DISASTER PREVENTION AND PREPAREDNESS
Sierra Leone,2015,"129,061,690.50",DISASTER PREVENTION AND PREPAREDNESS
Somalia,2015,"22,445.51",DISASTER PREVENTION AND PREPAREDNESS
Somalia,2015,"2,244,551.14",DISASTER PREVENTION AND PREPAREDNESS
Somalia,2015,"22,445.51",DISASTER PREVENTION AND PREPAREDNESS
Somalia,2015,"22,445.51",DEVELOPMENTAL FOOD AID/FOOD SECURITY ASSISTANCE
South Africa,2015,"26,370.28",DEVELOPMENTAL FOOD AID/FOOD SECURITY ASSISTANCE
South Africa,2015,"1,683,413,354.37",DEVELOPMENTAL FOOD AID/FOOD SECURITY ASSISTANCE
South Africa,2015,"131,851,403.80",DEVELOPMENTAL FOOD AID/FOOD SECURITY ASSISTANCE
South Africa,2015,"114,271,216.62",DEVELOPMENTAL FOOD AID/FOOD SECURITY ASSISTANCE
South Africa,2015,"147,018,099.61",GOVERNMENT AND CIVIL SOCIETY
South Africa,2015,"269,346,136.70",DISASTER PREVENTION AND PREPAREDNESS
South Africa,2015,"131,851,403.80",DISASTER PREVENTION AND PREPAREDNESS
South Sudan,2015,"2,155,839,737.75",DISASTER PREVENTION AND PREPAREDNESS
South Sudan,2015,"28,056,889.24",DISASTER PREVENTION AND PREPAREDNESS
South Sudan,2015,"5,611,377.85",DISASTER PREVENTION AND PREPAREDNESS
South Sudan,2015,"336,682.67",DEVELOPMENTAL FOOD AID/FOOD SECURITY ASSISTANCE
South Sudan,2015,"37,035,093.80",DEVELOPMENTAL FOOD AID/FOOD SECURITY ASSISTANCE
South Sudan,2015,"8,927,697.07",DEVELOPMENTAL FOOD AID/FOOD SECURITY ASSISTANCE
Sri Lanka,2015,"1,785,539.41",DEVELOPMENTAL FOOD AID/FOOD SECURITY ASSISTANCE
Sri Lanka,2015,"2,285,490.45",DEVELOPMENTAL FOOD AID/FOOD SECURITY ASSISTANCE
Sri Lanka,2015,"3,960,326.42",DISASTER PREVENTION AND PREPAREDNESS
Sri Lanka,2015,"1,649.79",DISASTER PREVENTION AND PREPAREDNESS
Sri Lanka,2015,247.47,DISASTER PREVENTION AND PREPAREDNESS
Sudan,2015,"3,030,144.04",DISASTER PREVENTION AND PREPAREDNESS
Sudan,2015,"36,698,904.53",DISASTER PREVENTION AND PREPAREDNESS
Suriname,2015,"142,843,153.13",DEVELOPMENTAL FOOD AID/FOOD SECURITY ASSISTANCE
Suriname,2015,"26,783,091.21",DEVELOPMENTAL FOOD AID/FOOD SECURITY ASSISTANCE
Suriname,2015,"8,927,697.07",DEVELOPMENTAL FOOD AID/FOOD SECURITY ASSISTANCE
Suriname,2015,"30,532,723.98",DEVELOPMENTAL FOOD AID/FOOD SECURITY ASSISTANCE
Suriname,2015,"73,281,227.87",DEVELOPMENTAL FOOD AID/FOOD SECURITY ASSISTANCE
Suriname,2015,"5,356,618.24",GOVERNMENT AND CIVIL SOCIETY
Syrian Arab Republic,2015,"7,142,157.66",DISASTER PREVENTION AND PREPAREDNESS
Tajikistan,2015,"1,785,539.41",DISASTER PREVENTION AND PREPAREDNESS
Tajikistan,2015,"561,137,784.79",DISASTER PREVENTION AND PREPAREDNESS
Tajikistan,2015,"20,200,960.25",DISASTER PREVENTION AND PREPAREDNESS
Tanzania,2015,"224,455,113.92",DISASTER PREVENTION AND PREPAREDNESS
Tanzania,2015,"1,458,958.24",DEVELOPMENTAL FOOD AID/FOOD SECURITY ASSISTANCE
Tanzania,2015,"1,683,413.35",DEVELOPMENTAL FOOD AID/FOOD SECURITY ASSISTANCE
Tanzania,2015,"16,834.13",DEVELOPMENTAL FOOD AID/FOOD SECURITY ASSISTANCE
Tanzania,2015,"3,927,964.49",DEVELOPMENTAL FOOD AID/FOOD SECURITY ASSISTANCE
Tanzania,2015,"45,575,610.88",DEVELOPMENTAL FOOD AID/FOOD SECURITY ASSISTANCE
Tanzania,2015,"11,222.76",DISASTER PREVENTION AND PREPAREDNESS
Tanzania,2015,"16,550.06",DISASTER PREVENTION AND PREPAREDNESS
Tanzania,2015,"49,706,216.82",DISASTER PREVENTION AND PREPAREDNESS
Tanzania,2015,"47,135,573.92",DISASTER PREVENTION AND PREPAREDNESS
Thailand,2015,"89,276,970.70",DISASTER PREVENTION AND PREPAREDNESS
Timor-Leste,2015,"56,113,778.48",DISASTER PREVENTION AND PREPAREDNESS
Timor-Leste,2015,"351,282.01",DISASTER PREVENTION AND PREPAREDNESS
Timor-Leste,2015,"14,589,582.40",DISASTER PREVENTION AND PREPAREDNESS
Timor-Leste,2015,"549,915.03",DISASTER PREVENTION AND PREPAREDNESS
Togo,2015,"950,715.55",DISASTER PREVENTION AND PREPAREDNESS
Togo,2015,"19,606,443.75",DEVELOPMENTAL FOOD AID/FOOD SECURITY ASSISTANCE
Togo,2015,"6,929,665.03",DEVELOPMENTAL FOOD AID/FOOD SECURITY ASSISTANCE
Togo,2015,"70,207.45",DEVELOPMENTAL FOOD AID/FOOD SECURITY ASSISTANCE
Togo,2015,"64,514,953.70",DEVELOPMENTAL FOOD AID/FOOD SECURITY ASSISTANCE
Togo,2015,"222,007.34",DEVELOPMENTAL FOOD AID/FOOD SECURITY ASSISTANCE
Tonga,2015,"37,259.55",GOVERNMENT AND CIVIL SOCIETY
Tonga,2015,"37,553.07",DISASTER PREVENTION AND PREPAREDNESS
Tonga,2015,"21,426,472.97",DISASTER PREVENTION AND PREPAREDNESS
Tonga,2015,"1,088,494.72",DISASTER PREVENTION AND PREPAREDNESS
Tonga,2015,"54,424.74",DISASTER PREVENTION AND PREPAREDNESS
Tonga,2015,"1,632,742.08",DISASTER PREVENTION AND PREPAREDNESS
Tonga,2015,"6,530.97",DEVELOPMENTAL FOOD AID/FOOD SECURITY ASSISTANCE
Trinidad and Tobago,2015,"176,681.53",DEVELOPMENTAL FOOD AID/FOOD SECURITY ASSISTANCE
Trinidad and Tobago,2015,"1,785,539.41",DEVELOPMENTAL FOOD AID/FOOD SECURITY ASSISTANCE
Tunisia,2015,"7,328,671.51",DEVELOPMENTAL FOOD AID/FOOD SECURITY ASSISTANCE
Tunisia,2015,"57,404,572.32",DEVELOPMENTAL FOOD AID/FOOD SECURITY ASSISTANCE
Turkey,2015,"44,891,022.78",DISASTER PREVENTION AND PREPAREDNESS
Turkey,2015,"154,492,454.91",DISASTER PREVENTION AND PREPAREDNESS
Turkey,2015,"570,115,989.35",DISASTER PREVENTION AND PREPAREDNESS
Turkey,2015,"1,555,848,122.15",DISASTER PREVENTION AND PREPAREDNESS
Turkey,2015,"40,215,562.26",DISASTER PREVENTION AND PREPAREDNESS
Turkey,2015,"34,017,063.34",DEVELOPMENTAL FOOD AID/FOOD SECURITY ASSISTANCE
Turkey,2015,"398,608,288.90",DEVELOPMENTAL FOOD AID/FOOD SECURITY ASSISTANCE
Turkey,2015,"933,508,873.29",DEVELOPMENTAL FOOD AID/FOOD SECURITY ASSISTANCE
Uganda,2015,"724,789,587.52",DEVELOPMENTAL FOOD AID/FOOD SECURITY ASSISTANCE
Uganda,2015,"10,677,625.71",DEVELOPMENTAL FOOD AID/FOOD SECURITY ASSISTANCE
Uganda,2015,"11,222,755.70",GOVERNMENT AND CIVIL SOCIETY
Uganda,2015,"303,541.70",DISASTER PREVENTION AND PREPAREDNESS
Uganda,2015,"18,101,218.57",DISASTER PREVENTION AND PREPAREDNESS
Uganda,2015,"17,313,768.61",DISASTER PREVENTION AND PREPAREDNESS
Uganda,2015,"224,977,966.17",DISASTER PREVENTION AND PREPAREDNESS
Uganda,2015,"13,467,306.83",DISASTER PREVENTION AND PREPAREDNESS
Uganda,2015,"269,346,136.70",DEVELOPMENTAL FOOD AID/FOOD SECURITY ASSISTANCE
Ukraine,2015,"925,033,352.03",DEVELOPMENTAL FOOD AID/FOOD SECURITY ASSISTANCE
Ukraine,2015,"56,113,778.48",DEVELOPMENTAL FOOD AID/FOOD SECURITY ASSISTANCE
Ukraine,2015,"8,927,697.07",DEVELOPMENTAL FOOD AID/FOOD SECURITY ASSISTANCE
Ukraine,2015,"1,785,539.41",DEVELOPMENTAL FOOD AID/FOOD SECURITY ASSISTANCE
Uruguay,2015,"33,668,267.09",DISASTER PREVENTION AND PREPAREDNESS
Uruguay,2015,"1,122,275.57",DISASTER PREVENTION AND PREPAREDNESS
Uruguay,2015,"8,927,697.07",DISASTER PREVENTION AND PREPAREDNESS
Uruguay,2015,"577,971.92",DISASTER PREVENTION AND PREPAREDNESS
Uruguay,2015,"40,299,793.43",DISASTER PREVENTION AND PREPAREDNESS
Uruguay,2015,"22,445,511.39",DEVELOPMENTAL FOOD AID/FOOD SECURITY ASSISTANCE
Uzbekistan,2015,"168,341.34",DEVELOPMENTAL FOOD AID/FOOD SECURITY ASSISTANCE
Uzbekistan,2015,"62,493,879.49",DEVELOPMENTAL FOOD AID/FOOD SECURITY ASSISTANCE
Uzbekistan,2015,"4,242,201.65",DEVELOPMENTAL FOOD AID/FOOD SECURITY ASSISTANCE
Uzbekistan,2015,"12,412,367.80",DEVELOPMENTAL FOOD AID/FOOD SECURITY ASSISTANCE
Uzbekistan,2015,"4,848,230.46",GOVERNMENT AND CIVIL SOCIETY
Uzbekistan,2015,"168,341,335.44",DISASTER PREVENTION AND PREPAREDNESS
Uzbekistan,2015,"7,855,928.99",DISASTER PREVENTION AND PREPAREDNESS
Vanuatu,2015,"28,730,254.58",DISASTER PREVENTION AND PREPAREDNESS
Vanuatu,2015,"5,356,618.24",DISASTER PREVENTION AND PREPAREDNESS
Vanuatu,2015,"11,045.92",DISASTER PREVENTION AND PREPAREDNESS
Venezuela,2015,"11,222,755,695.79",DEVELOPMENTAL FOOD AID/FOOD SECURITY ASSISTANCE
Venezuela,2015,"5,611,377,847.89",DEVELOPMENTAL FOOD AID/FOOD SECURITY ASSISTANCE
Venezuela,2015,"5,611,377,847.89",DEVELOPMENTAL FOOD AID/FOOD SECURITY ASSISTANCE
Venezuela,2015,"46,013,298.35",DEVELOPMENTAL FOOD AID/FOOD SECURITY ASSISTANCE
Viet Nam,2015,"20,479.32",DEVELOPMENTAL FOOD AID/FOOD SECURITY ASSISTANCE
Viet Nam,2015,"61,725,156.33",DISASTER PREVENTION AND PREPAREDNESS
Viet Nam,2015,"224,455,113.92",DISASTER PREVENTION AND PREPAREDNESS
Viet Nam,2015,"524,473,041.93",DISASTER PREVENTION AND PREPAREDNESS
Viet Nam,2015,"524,473,041.93",DISASTER PREVENTION AND PREPAREDNESS
Viet Nam,2015,"524,473,041.93",DISASTER PREVENTION AND PREPAREDNESS
West Bank and Gaza Strip,2015,"5,356,618.24",DEVELOPMENTAL FOOD AID/FOOD SECURITY ASSISTANCE
Zambia,2015,"144,628,692.54",DEVELOPMENTAL FOOD AID/FOOD SECURITY ASSISTANCE
Zambia,2015,"32,545,991.52",DEVELOPMENTAL FOOD AID/FOOD SECURITY ASSISTANCE
Zambia,2015,"33,668,267.09",DEVELOPMENTAL FOOD AID/FOOD SECURITY ASSISTANCE
Zambia,2015,"102,407,645.72",DEVELOPMENTAL FOOD AID/FOOD SECURITY ASSISTANCE
Zambia,2015,"190,386,190.63",GOVERNMENT AND CIVIL SOCIETY
Zambia,2015,"152,412,038.11",DISASTER PREVENTION AND PREPAREDNESS
Zambia,2015,"73,473,155.48",DISASTER PREVENTION AND PREPAREDNESS
Zambia,2015,"102,407,645.72",DISASTER PREVENTION AND PREPAREDNESS
Zambia,2015,"1,346,730.68",DISASTER PREVENTION AND PREPAREDNESS
Zambia,2015,"469,111,188.08",DISASTER PREVENTION AND PREPAREDNESS
Zambia,2015,"11,222,755.70",DEVELOPMENTAL FOOD AID/FOOD SECURITY ASSISTANCE
Zambia,2015,"184,041,970.66",DEVELOPMENTAL FOOD AID/FOOD SECURITY ASSISTANCE
Zambia,2015,"24,690,062.53",DEVELOPMENTAL FOOD AID/FOOD SECURITY ASSISTANCE
Zimbabwe,2015,"46,424,024.77",DEVELOPMENTAL FOOD AID/FOOD SECURITY ASSISTANCE
Zimbabwe,2015,"2,499,755.18",DEVELOPMENTAL FOOD AID/FOOD SECURITY ASSISTANCE
Zimbabwe,2015,"26,934,613.67",DISASTER PREVENTION AND PREPAREDNESS
Zimbabwe,2015,"2,142,647.30",DISASTER PREVENTION AND PREPAREDNESS
Zimbabwe,2015,"1,683,413.35",DISASTER PREVENTION AND PREPAREDNESS
Zimbabwe,2015,"5,892,280.07",DISASTER PREVENTION AND PREPAREDNESS
Zimbabwe,2015,"336,682,670.87",DISASTER PREVENTION AND PREPAREDNESS
Zimbabwe,2015,"1,066,161,791.10",DEVELOPMENTAL FOOD AID/FOOD SECURITY ASSISTANCE
Zimbabwe,2015,"110,675,990.78",DEVELOPMENTAL FOOD AID/FOOD SECURITY ASSISTANCE
Zimbabwe,2015,"1,119,694,335.77",DEVELOPMENTAL FOOD AID/FOOD SECURITY ASSISTANCE
Zimbabwe,2015,"71,421,576.56",DEVELOPMENTAL FOOD AID/FOOD SECURITY ASSISTANCE
Afghanistan,2014,"89,839,636.83",DEVELOPMENTAL FOOD AID/FOOD SECURITY ASSISTANCE
Afghanistan,2014,"1,796,792.74",GOVERNMENT AND CIVIL SOCIETY
Afghanistan,2014,"1,078,075.64",DISASTER PREVENTION AND PREPAREDNESS
Afghanistan,2014,"359,358,547.32",DISASTER PREVENTION AND PREPAREDNESS
Afghanistan,2014,"445,332.79",DISASTER PREVENTION AND PREPAREDNESS
Afghanistan,2014,"1,426,653.43",DISASTER PREVENTION AND PREPAREDNESS
"Africa, regional",2014,"2,214,190,462.82",DISASTER PREVENTION AND PREPAREDNESS
"Africa, regional",2014,"35,935,854.73",DEVELOPMENTAL FOOD AID/FOOD SECURITY ASSISTANCE
"Africa, regional",2014,"110,709.52",DEVELOPMENTAL FOOD AID/FOOD SECURITY ASSISTANCE
"Africa, regional",2014,"89,839,636.83",DEVELOPMENTAL FOOD AID/FOOD SECURITY ASSISTANCE
"Africa, regional",2014,"17,967,927.37",DEVELOPMENTAL FOOD AID/FOOD SECURITY ASSISTANCE
"Africa, regional",2014,"6,642,571.39",DEVELOPMENTAL FOOD AID/FOOD SECURITY ASSISTANCE
"Africa, regional",2014,"66,425,713.88",DISASTER PREVENTION AND PREPAREDNESS
"Africa, regional",2014,"9,694,212.56",DISASTER PREVENTION AND PREPAREDNESS
"Africa, regional",2014,"15,206,278.49",DISASTER PREVENTION AND PREPAREDNESS
"Africa, regional",2014,"70,964,804.33",DISASTER PREVENTION AND PREPAREDNESS
Angola,2014,"32,342,269.26",DISASTER PREVENTION AND PREPAREDNESS
Angola,2014,"62,887.75",DISASTER PREVENTION AND PREPAREDNESS
Angola,2014,"2,214,190,462.82",DISASTER PREVENTION AND PREPAREDNESS
Angola,2014,"123,994,665.92",DISASTER PREVENTION AND PREPAREDNESS
Angola,2014,"74,871,809.83",DISASTER PREVENTION AND PREPAREDNESS
Angola,2014,"2,435,055,961.48",DISASTER PREVENTION AND PREPAREDNESS
Angola,2014,"132,851,427.77",DEVELOPMENTAL FOOD AID/FOOD SECURITY ASSISTANCE
Antigua and Barbuda,2014,"3,593,585.47",DEVELOPMENTAL FOOD AID/FOOD SECURITY ASSISTANCE
Antigua and Barbuda,2014,"11,070,952.31",DEVELOPMENTAL FOOD AID/FOOD SECURITY ASSISTANCE
Argentina,2014,"2,551,445,685.94",DEVELOPMENTAL FOOD AID/FOOD SECURITY ASSISTANCE
Argentina,2014,"2,766,194,234.22",DEVELOPMENTAL FOOD AID/FOOD SECURITY ASSISTANCE
Argentina,2014,"7,434,144,478.91",GOVERNMENT AND CIVIL SOCIETY
Argentina,2014,"405,196,854.70",DISASTER PREVENTION AND PREPAREDNESS
Argentina,2014,"13,632,990.87",DISASTER PREVENTION AND PREPAREDNESS
Argentina,2014,"16,385,009.42",DISASTER PREVENTION AND PREPAREDNESS
Argentina,2014,"14,392,238.01",DISASTER PREVENTION AND PREPAREDNESS
Argentina,2014,"468,301,282.89",DISASTER PREVENTION AND PREPAREDNESS
Argentina,2014,"178,795,879.87",DEVELOPMENTAL FOOD AID/FOOD SECURITY ASSISTANCE
Argentina,2014,"608,902,377.27",DEVELOPMENTAL FOOD AID/FOOD SECURITY ASSISTANCE
Argentina,2014,"1,565,770,321.26",DEVELOPMENTAL FOOD AID/FOOD SECURITY ASSISTANCE
Argentina,2014,"887,269,848.71",DEVELOPMENTAL FOOD AID/FOOD SECURITY ASSISTANCE
Argentina,2014,"13,632,990.87",DEVELOPMENTAL FOOD AID/FOOD SECURITY ASSISTANCE
Argentina,2014,"51,895,088.97",DISASTER PREVENTION AND PREPAREDNESS
Armenia,2014,"10,780,756.42",DISASTER PREVENTION AND PREPAREDNESS
Armenia,2014,"14,985,251.42",DISASTER PREVENTION AND PREPAREDNESS
"Asia, regional",2014,"4,206,961.88",DISASTER PREVENTION AND PREPAREDNESS
Azerbaijan,2014,"5,390,378.21",DISASTER PREVENTION AND PREPAREDNESS
Bahamas,2014,"559,083.09",DEVELOPMENTAL FOOD AID/FOOD SECURITY ASSISTANCE
Bahamas,2014,"631,044.28",DEVELOPMENTAL FOOD AID/FOOD SECURITY ASSISTANCE
Bangladesh,2014,"247,989,331.84",DEVELOPMENTAL FOOD AID/FOOD SECURITY ASSISTANCE
Bangladesh,2014,"553,547,615.70",DEVELOPMENTAL FOOD AID/FOOD SECURITY ASSISTANCE
Bangladesh,2014,"156,487,910.96",DEVELOPMENTAL FOOD AID/FOOD SECURITY ASSISTANCE
Bangladesh,2014,"99,583,216.07",GOVERNMENT AND CIVIL SOCIETY
Barbados,2014,"35,935.85",DISASTER PREVENTION AND PREPAREDNESS
Belarus,2014,"1,107,095,231.41",DISASTER PREVENTION AND PREPAREDNESS
Belarus,2014,"32,936,083.13",DISASTER PREVENTION AND PREPAREDNESS
Benin,2014,"898,396.37",DISASTER PREVENTION AND PREPAREDNESS
Benin,2014,"6,053,394.73",DISASTER PREVENTION AND PREPAREDNESS
Benin,2014,"1,796,792.74",DEVELOPMENTAL FOOD AID/FOOD SECURITY ASSISTANCE
Bolivia,2014,"88,567,618.51",DEVELOPMENTAL FOOD AID/FOOD SECURITY ASSISTANCE
Bolivia,2014,"8,303,214.24",DEVELOPMENTAL FOOD AID/FOOD SECURITY ASSISTANCE
Bolivia,2014,"2,099,513,110.37",DEVELOPMENTAL FOOD AID/FOOD SECURITY ASSISTANCE
Bolivia,2014,"1,107,095.23",DEVELOPMENTAL FOOD AID/FOOD SECURITY ASSISTANCE
Bolivia,2014,"14,374,341.89",DISASTER PREVENTION AND PREPAREDNESS
Bolivia,2014,"8,983,963.68",DISASTER PREVENTION AND PREPAREDNESS
Bosnia and Herzegovina,2014,"8,856,761.85",DISASTER PREVENTION AND PREPAREDNESS
Bosnia and Herzegovina,2014,"734,410.04",DISASTER PREVENTION AND PREPAREDNESS
Bosnia and Herzegovina,2014,"359,358.55",DISASTER PREVENTION AND PREPAREDNESS
Botswana,2014,"21,593.30",DEVELOPMENTAL FOOD AID/FOOD SECURITY ASSISTANCE
Botswana,2014,"8,983,963.68",DEVELOPMENTAL FOOD AID/FOOD SECURITY ASSISTANCE
Brazil,2014,"4,428,380,925.63",DEVELOPMENTAL FOOD AID/FOOD SECURITY ASSISTANCE
Brazil,2014,"5,535,476,157.04",DEVELOPMENTAL FOOD AID/FOOD SECURITY ASSISTANCE
Brazil,2014,"83,032,142.36",DEVELOPMENTAL FOOD AID/FOOD SECURITY ASSISTANCE
Brazil,2014,"83,032,142.36",GOVERNMENT AND CIVIL SOCIETY
Brazil,2014,"90,781,808.98",DISASTER PREVENTION AND PREPAREDNESS
Brazil,2014,"32,105,761.71",DISASTER PREVENTION AND PREPAREDNESS
Brazil,2014,"2,767,738,078.52",DISASTER PREVENTION AND PREPAREDNESS
Brazil,2014,"3,677,418.30",DISASTER PREVENTION AND PREPAREDNESS
Brazil,2014,"15,180,532.99",DISASTER PREVENTION AND PREPAREDNESS
Brazil,2014,"170,090,567.54",DEVELOPMENTAL FOOD AID/FOOD SECURITY ASSISTANCE
Brazil,2014,"47,892,953.00",DEVELOPMENTAL FOOD AID/FOOD SECURITY ASSISTANCE
Brazil,2014,"52,407,452.65",DEVELOPMENTAL FOOD AID/FOOD SECURITY ASSISTANCE
Brazil,2014,"78,382,354.56",DEVELOPMENTAL FOOD AID/FOOD SECURITY ASSISTANCE
Brazil,2014,"11,704,072.40",DEVELOPMENTAL FOOD AID/FOOD SECURITY ASSISTANCE
Brazil,2014,"3,627,304.53",DISASTER PREVENTION AND PREPAREDNESS
Brazil,2014,"14,973,084.38",DISASTER PREVENTION AND PREPAREDNESS
Brazil,2014,"25,674,982.07",DISASTER PREVENTION AND PREPAREDNESS
Brazil,2014,"150,288,177.66",DISASTER PREVENTION AND PREPAREDNESS
Brazil,2014,"7,528,247.57",DISASTER PREVENTION AND PREPAREDNESS
Brazil,2014,"4,600,350.46",DEVELOPMENTAL FOOD AID/FOOD SECURITY ASSISTANCE
Brazil,2014,"3,818,908.39",DEVELOPMENTAL FOOD AID/FOOD SECURITY ASSISTANCE
Brazil,2014,"260,831.64",DEVELOPMENTAL FOOD AID/FOOD SECURITY ASSISTANCE
Brazil,2014,"26,225.76",DEVELOPMENTAL FOOD AID/FOOD SECURITY ASSISTANCE
Brazil,2014,"55,354,761.57",DEVELOPMENTAL FOOD AID/FOOD SECURITY ASSISTANCE
Burundi,2014,"110,709.52",GOVERNMENT AND CIVIL SOCIETY
Burundi,2014,"898,396.37",DISASTER PREVENTION AND PREPAREDNESS
Burundi,2014,"26,951,891.05",DISASTER PREVENTION AND PREPAREDNESS
Burundi,2014,"8,983,963.68",DISASTER PREVENTION AND PREPAREDNESS
Burundi,2014,"26,951,891.05",DISASTER PREVENTION AND PREPAREDNESS
Cabo Verde,2014,"166,064,284.71",DISASTER PREVENTION AND PREPAREDNESS
Cabo Verde,2014,"553,547.62",DEVELOPMENTAL FOOD AID/FOOD SECURITY ASSISTANCE
Cabo Verde,2014,"1,771,352.37",DEVELOPMENTAL FOOD AID/FOOD SECURITY ASSISTANCE
Cabo Verde,2014,"27,677,380.79",DEVELOPMENTAL FOOD AID/FOOD SECURITY ASSISTANCE
Cambodia,2014,"442,838.09",DEVELOPMENTAL FOOD AID/FOOD SECURITY ASSISTANCE
Cambodia,2014,"132,576,619.06",DEVELOPMENTAL FOOD AID/FOOD SECURITY ASSISTANCE
Cambodia,2014,"40,189,106.83",DISASTER PREVENTION AND PREPAREDNESS
Cambodia,2014,"143,162,912.75",DISASTER PREVENTION AND PREPAREDNESS
Cambodia,2014,"718,717.09",DISASTER PREVENTION AND PREPAREDNESS
Cambodia,2014,"47,644,453.29",DISASTER PREVENTION AND PREPAREDNESS
Cambodia,2014,"8,460,760.64",DISASTER PREVENTION AND PREPAREDNESS
Cambodia,2014,"105,022,072.70",DEVELOPMENTAL FOOD AID/FOOD SECURITY ASSISTANCE
Cambodia,2014,"10,062,039.32",DEVELOPMENTAL FOOD AID/FOOD SECURITY ASSISTANCE
Cambodia,2014,"35,935,854.73",DEVELOPMENTAL FOOD AID/FOOD SECURITY ASSISTANCE
Cambodia,2014,"125,775,491.56",DEVELOPMENTAL FOOD AID/FOOD SECURITY ASSISTANCE
Cambodia,2014,"3,593,585.47",DEVELOPMENTAL FOOD AID/FOOD SECURITY ASSISTANCE
Cambodia,2014,"553,547.62",GOVERNMENT AND CIVIL SOCIETY
Cambodia,2014,"44,283,809.26",DISASTER PREVENTION AND PREPAREDNESS
Cambodia,2014,"16,606,428.47",DISASTER PREVENTION AND PREPAREDNESS
Cambodia,2014,"18,543,845.13",DISASTER PREVENTION AND PREPAREDNESS
Cambodia,2014,"16,606,428.47",DISASTER PREVENTION AND PREPAREDNESS
Cambodia,2014,"77,496,666.20",DISASTER PREVENTION AND PREPAREDNESS
Cambodia,2014,"16,606,428.47",DEVELOPMENTAL FOOD AID/FOOD SECURITY ASSISTANCE
Cambodia,2014,"22,141,904.63",DEVELOPMENTAL FOOD AID/FOOD SECURITY ASSISTANCE
Cambodia,2014,"37,641,237.87",DEVELOPMENTAL FOOD AID/FOOD SECURITY ASSISTANCE
Cambodia,2014,"5,989,309.06",DEVELOPMENTAL FOOD AID/FOOD SECURITY ASSISTANCE
Cambodia,2014,"224,740.33",DEVELOPMENTAL FOOD AID/FOOD SECURITY ASSISTANCE
Cameroon,2014,"427,127,092.24",DISASTER PREVENTION AND PREPAREDNESS
Cameroon,2014,"246,312,673.98",DISASTER PREVENTION AND PREPAREDNESS
Cameroon,2014,"1,791.36",DISASTER PREVENTION AND PREPAREDNESS
Chile,2014,"15,388,623.72",DISASTER PREVENTION AND PREPAREDNESS
Colombia,2014,"181,512.43",DISASTER PREVENTION AND PREPAREDNESS
Comoros,2014,"32,342,269.26",DISASTER PREVENTION AND PREPAREDNESS
Comoros,2014,"5,255,618.75",DISASTER PREVENTION AND PREPAREDNESS
Congo,2014,"898,396.37",DISASTER PREVENTION AND PREPAREDNESS
Congo,2014,"111,960.31",DISASTER PREVENTION AND PREPAREDNESS
Congo,2014,"68,984,052.87",DISASTER PREVENTION AND PREPAREDNESS
Congo,2014,"363,237,944.32",DEVELOPMENTAL FOOD AID/FOOD SECURITY ASSISTANCE
Congo,2014,"21,246,772.08",DEVELOPMENTAL FOOD AID/FOOD SECURITY ASSISTANCE
Congo,2014,"17,967,927.37",DEVELOPMENTAL FOOD AID/FOOD SECURITY ASSISTANCE
Congo,2014,"17,967,927.37",DEVELOPMENTAL FOOD AID/FOOD SECURITY ASSISTANCE
Cook Islands,2014,"1,933,545.80",DEVELOPMENTAL FOOD AID/FOOD SECURITY ASSISTANCE
Costa Rica,2014,"57,568.95",GOVERNMENT AND CIVIL SOCIETY
Costa Rica,2014,"55,354,761.57",DISASTER PREVENTION AND PREPAREDNESS
Costa Rica,2014,"27,677,380.79",DISASTER PREVENTION AND PREPAREDNESS
Cote d'Ivoire,2014,"878,358,285.65",DISASTER PREVENTION AND PREPAREDNESS
Cote d'Ivoire,2014,"898,396.37",DISASTER PREVENTION AND PREPAREDNESS
Cote d'Ivoire,2014,"53,903,782.10",DISASTER PREVENTION AND PREPAREDNESS
Cote d'Ivoire,2014,"108,802,779.30",DEVELOPMENTAL FOOD AID/FOOD SECURITY ASSISTANCE
Cote d'Ivoire,2014,"22,392,061.27",DEVELOPMENTAL FOOD AID/FOOD SECURITY ASSISTANCE
Cote d'Ivoire,2014,"871,725.70",DEVELOPMENTAL FOOD AID/FOOD SECURITY ASSISTANCE
Cote d'Ivoire,2014,"19,194,528.88",DEVELOPMENTAL FOOD AID/FOOD SECURITY ASSISTANCE
Cuba,2014,"132,851,427.77",DEVELOPMENTAL FOOD AID/FOOD SECURITY ASSISTANCE
Cuba,2014,"66,425,713.88",DISASTER PREVENTION AND PREPAREDNESS
Democratic People's Republic of Korea,2014,"25,082,130.56",DISASTER PREVENTION AND PREPAREDNESS
Democratic People's Republic of Korea,2014,"20,124,078.65",DISASTER PREVENTION AND PREPAREDNESS
Democratic People's Republic of Korea,2014,"1,793,163.22",DISASTER PREVENTION AND PREPAREDNESS
Democratic People's Republic of Korea,2014,"378,037,649.83",DISASTER PREVENTION AND PREPAREDNESS
Democratic Republic of the Congo,2014,"249,096,427.07",DEVELOPMENTAL FOOD AID/FOOD SECURITY ASSISTANCE
Democratic Republic of the Congo,2014,"898,396.37",DEVELOPMENTAL FOOD AID/FOOD SECURITY ASSISTANCE
Democratic Republic of the Congo,2014,"6,596,141.44",DEVELOPMENTAL FOOD AID/FOOD SECURITY ASSISTANCE
Democratic Republic of the Congo,2014,"10,419,459.80",DEVELOPMENTAL FOOD AID/FOOD SECURITY ASSISTANCE
Democratic Republic of the Congo,2014,"365,734.05",DEVELOPMENTAL FOOD AID/FOOD SECURITY ASSISTANCE
Democratic Republic of the Congo,2014,"411,450.80",GOVERNMENT AND CIVIL SOCIETY
Democratic Republic of the Congo,2014,"1,263,180.06",DISASTER PREVENTION AND PREPAREDNESS
Djibouti,2014,"18,267,071.32",DISASTER PREVENTION AND PREPAREDNESS
Djibouti,2014,"22,141,904.63",DISASTER PREVENTION AND PREPAREDNESS
Dominica,2014,"662,596.09",DISASTER PREVENTION AND PREPAREDNESS
Ecuador,2014,"2,657,028,555.38",DISASTER PREVENTION AND PREPAREDNESS
Ecuador,2014,"241,762,035.89",DEVELOPMENTAL FOOD AID/FOOD SECURITY ASSISTANCE
Ecuador,2014,"536,574,592.29",DEVELOPMENTAL FOOD AID/FOOD SECURITY ASSISTANCE
Ecuador,2014,"1,428,152,848.52",DEVELOPMENTAL FOOD AID/FOOD SECURITY ASSISTANCE
Ecuador,2014,"55,354,761.57",DEVELOPMENTAL FOOD AID/FOOD SECURITY ASSISTANCE
Ecuador,2014,"33,212,856.94",DEVELOPMENTAL FOOD AID/FOOD SECURITY ASSISTANCE
Ecuador,2014,"27,677,380.79",DISASTER PREVENTION AND PREPAREDNESS
Ecuador,2014,"22,141,904.63",DISASTER PREVENTION AND PREPAREDNESS
Ecuador,2014,"8,469,278.52",DISASTER PREVENTION AND PREPAREDNESS
Egypt,2014,"26,951,891.05",DISASTER PREVENTION AND PREPAREDNESS
Egypt,2014,"26,951,891.05",DISASTER PREVENTION AND PREPAREDNESS
Egypt,2014,"117,214.21",DEVELOPMENTAL FOOD AID/FOOD SECURITY ASSISTANCE
Equatorial Guinea,2014,"110,709.52",DEVELOPMENTAL FOOD AID/FOOD SECURITY ASSISTANCE
Eritrea,2014,"109,159,589.82",DEVELOPMENTAL FOOD AID/FOOD SECURITY ASSISTANCE
Eritrea,2014,"32,342,269.26",DEVELOPMENTAL FOOD AID/FOOD SECURITY ASSISTANCE
Ethiopia,2014,"27,300,202.38",DEVELOPMENTAL FOOD AID/FOOD SECURITY ASSISTANCE
Ethiopia,2014,"56,268.54",GOVERNMENT AND CIVIL SOCIETY
Ethiopia,2014,"16,606.43",DISASTER PREVENTION AND PREPAREDNESS
Ethiopia,2014,"46,774,773.53",DISASTER PREVENTION AND PREPAREDNESS
Ethiopia,2014,"553,547,615.70",DISASTER PREVENTION AND PREPAREDNESS
Ethiopia,2014,"206,758,992.56",DISASTER PREVENTION AND PREPAREDNESS
Ethiopia,2014,"516,349,215.93",DISASTER PREVENTION AND PREPAREDNESS
Ethiopia,2014,"3,938,797.91",DEVELOPMENTAL FOOD AID/FOOD SECURITY ASSISTANCE
Ethiopia,2014,"332,128,569.42",DEVELOPMENTAL FOOD AID/FOOD SECURITY ASSISTANCE
Ethiopia,2014,"31,536,509.93",DEVELOPMENTAL FOOD AID/FOOD SECURITY ASSISTANCE
Ethiopia,2014,"82,821,794.26",DEVELOPMENTAL FOOD AID/FOOD SECURITY ASSISTANCE
Ethiopia,2014,"553,547,615.70",DEVELOPMENTAL FOOD AID/FOOD SECURITY ASSISTANCE
Ethiopia,2014,"13,699,137.60",DISASTER PREVENTION AND PREPAREDNESS
Fiji,2014,"70,854.09",DISASTER PREVENTION AND PREPAREDNESS
Fiji,2014,"55,354.76",DISASTER PREVENTION AND PREPAREDNESS
Fiji,2014,"852,129.38",DISASTER PREVENTION AND PREPAREDNESS
Fiji,2014,"14,374,341.89",DISASTER PREVENTION AND PREPAREDNESS
Fiji,2014,"1,473,370.04",DEVELOPMENTAL FOOD AID/FOOD SECURITY ASSISTANCE
Fiji,2014,"11,167.60",DEVELOPMENTAL FOOD AID/FOOD SECURITY ASSISTANCE
Fiji,2014,"12,577,549.16",DEVELOPMENTAL FOOD AID/FOOD SECURITY ASSISTANCE
Fiji,2014,"158,503.61",DEVELOPMENTAL FOOD AID/FOOD SECURITY ASSISTANCE
Fiji,2014,"539,037.82",DEVELOPMENTAL FOOD AID/FOOD SECURITY ASSISTANCE
Fiji,2014,"16,654.03",GOVERNMENT AND CIVIL SOCIETY
Georgia,2014,"27,677,380.79",DISASTER PREVENTION AND PREPAREDNESS
Georgia,2014,"5,390,378.21",DISASTER PREVENTION AND PREPAREDNESS
Georgia,2014,"215,883,570.12",DISASTER PREVENTION AND PREPAREDNESS
Georgia,2014,"3,593,585.47",DISASTER PREVENTION AND PREPAREDNESS
Ghana,2014,"898,396.37",DISASTER PREVENTION AND PREPAREDNESS
Ghana,2014,"1,660,642.85",DEVELOPMENTAL FOOD AID/FOOD SECURITY ASSISTANCE
Ghana,2014,"1,796,792.74",DEVELOPMENTAL FOOD AID/FOOD SECURITY ASSISTANCE
Ghana,2014,"28,889.06",DEVELOPMENTAL FOOD AID/FOOD SECURITY ASSISTANCE
Ghana,2014,"94,103,094.67",DEVELOPMENTAL FOOD AID/FOOD SECURITY ASSISTANCE
Ghana,2014,"94,103,094.67",DEVELOPMENTAL FOOD AID/FOOD SECURITY ASSISTANCE
Grenada,2014,"9,052.72",DISASTER PREVENTION AND PREPAREDNESS
Grenada,2014,"11,070.95",DISASTER PREVENTION AND PREPAREDNESS
Grenada,2014,"213,669.38",DISASTER PREVENTION AND PREPAREDNESS
Guinea,2014,"179,679.27",DISASTER PREVENTION AND PREPAREDNESS
Guinea,2014,"5,535,476.16",DISASTER PREVENTION AND PREPAREDNESS
Guinea,2014,"1,796,792.74",DEVELOPMENTAL FOOD AID/FOOD SECURITY ASSISTANCE
Guinea,2014,"237,139,798.57",DEVELOPMENTAL FOOD AID/FOOD SECURITY ASSISTANCE
Guinea,2014,"2,214,190.46",DEVELOPMENTAL FOOD AID/FOOD SECURITY ASSISTANCE
Guinea-Bissau,2014,"179,679.27",DEVELOPMENTAL FOOD AID/FOOD SECURITY ASSISTANCE
Guinea-Bissau,2014,"22,141,904.63",DEVELOPMENTAL FOOD AID/FOOD SECURITY ASSISTANCE
Guyana,2014,"80,438.34",GOVERNMENT AND CIVIL SOCIETY
Honduras,2014,"66,425,713.88",DISASTER PREVENTION AND PREPAREDNESS
India,2014,"2,878,447,601.66",DISASTER PREVENTION AND PREPAREDNESS
India,2014,"221,419,046.28",DISASTER PREVENTION AND PREPAREDNESS
India,2014,"1,992,771,416.54",DISASTER PREVENTION AND PREPAREDNESS
India,2014,"1,107,095,231.41",DISASTER PREVENTION AND PREPAREDNESS
India,2014,"21,768,426.04",DEVELOPMENTAL FOOD AID/FOOD SECURITY ASSISTANCE
India,2014,"55,354,761.57",DEVELOPMENTAL FOOD AID/FOOD SECURITY ASSISTANCE
India,2014,"27,677,380.79",DEVELOPMENTAL FOOD AID/FOOD SECURITY ASSISTANCE
Indonesia,2014,"166,064,284.71",DEVELOPMENTAL FOOD AID/FOOD SECURITY ASSISTANCE
Indonesia,2014,"412,957,074.28",DEVELOPMENTAL FOOD AID/FOOD SECURITY ASSISTANCE
Indonesia,2014,"266,791,846.44",DISASTER PREVENTION AND PREPAREDNESS
Indonesia,2014,"56,903,753.86",DISASTER PREVENTION AND PREPAREDNESS
Indonesia,2014,"1,293,087,230.29",DISASTER PREVENTION AND PREPAREDNESS
Indonesia,2014,"73,068,285.27",DISASTER PREVENTION AND PREPAREDNESS
Indonesia,2014,"425,124,568.86",DISASTER PREVENTION AND PREPAREDNESS
Indonesia,2014,"87,017,685.19",DISASTER PREVENTION AND PREPAREDNESS
Indonesia,2014,"94,103,094.67",DISASTER PREVENTION AND PREPAREDNESS
Indonesia,2014,"47,051,547.33",DISASTER PREVENTION AND PREPAREDNESS
Indonesia,2014,"27,677,380.79",DISASTER PREVENTION AND PREPAREDNESS
Indonesia,2014,"11,070,952.31",DISASTER PREVENTION AND PREPAREDNESS
Indonesia,2014,"28,784,476.02",DEVELOPMENTAL FOOD AID/FOOD SECURITY ASSISTANCE
Indonesia,2014,"55,354,761.57",DEVELOPMENTAL FOOD AID/FOOD SECURITY ASSISTANCE
Indonesia,2014,"9,329,950.92",DEVELOPMENTAL FOOD AID/FOOD SECURITY ASSISTANCE
Indonesia,2014,"33,212,856.94",DEVELOPMENTAL FOOD AID/FOOD SECURITY ASSISTANCE
Iran,2014,"29,891,571,248.03",DEVELOPMENTAL FOOD AID/FOOD SECURITY ASSISTANCE
Iran,2014,"2,214,190,462.82",GOVERNMENT AND CIVIL SOCIETY
Iran,2014,"4,981,928,541.34",DISASTER PREVENTION AND PREPAREDNESS
Iran,2014,"2,937,640,169.79",DISASTER PREVENTION AND PREPAREDNESS
Iran,2014,"269,518,910.49",DISASTER PREVENTION AND PREPAREDNESS
Iran,2014,"68,300,133.95",DISASTER PREVENTION AND PREPAREDNESS
Iran,2014,"737,347,682.62",DISASTER PREVENTION AND PREPAREDNESS
Iran,2014,"738,841,173.28",DEVELOPMENTAL FOOD AID/FOOD SECURITY ASSISTANCE
Iran,2014,"452,432,411.07",DEVELOPMENTAL FOOD AID/FOOD SECURITY ASSISTANCE
Iran,2014,"998,797,657.73",DEVELOPMENTAL FOOD AID/FOOD SECURITY ASSISTANCE
Iran,2014,"553,547,615.70",DEVELOPMENTAL FOOD AID/FOOD SECURITY ASSISTANCE
Iran,2014,"415,160,711.78",DEVELOPMENTAL FOOD AID/FOOD SECURITY ASSISTANCE
Iran,2014,"147,322,654.52",DISASTER PREVENTION AND PREPAREDNESS
Iraq,2014,"5,390,378.21",DISASTER PREVENTION AND PREPAREDNESS
Iraq,2014,"5,390,378.21",DISASTER PREVENTION AND PREPAREDNESS
Iraq,2014,"393,018,807.15",DISASTER PREVENTION AND PREPAREDNESS
Israel,2014,"893,979,399.36",DISASTER PREVENTION AND PREPAREDNESS
Israel,2014,"826,524,658.83",DEVELOPMENTAL FOOD AID/FOOD SECURITY ASSISTANCE
Israel,2014,"89,839,636.83",DEVELOPMENTAL FOOD AID/FOOD SECURITY ASSISTANCE
Israel,2014,"89,839,636.83",DEVELOPMENTAL FOOD AID/FOOD SECURITY ASSISTANCE
Israel,2014,"107,807,564.19",DEVELOPMENTAL FOOD AID/FOOD SECURITY ASSISTANCE
Jamaica,2014,"22,870,337.86",DEVELOPMENTAL FOOD AID/FOOD SECURITY ASSISTANCE
Jamaica,2014,"8,998,191.76",GOVERNMENT AND CIVIL SOCIETY
Jordan,2014,"8,983,963.68",DISASTER PREVENTION AND PREPAREDNESS
Kazakhstan,2014,"553,547,615.70",DISASTER PREVENTION AND PREPAREDNESS
Kazakhstan,2014,"40,408,975.95",DISASTER PREVENTION AND PREPAREDNESS
Kazakhstan,2014,"1,107,095,231.41",DISASTER PREVENTION AND PREPAREDNESS
Kazakhstan,2014,"70,521.97",DISASTER PREVENTION AND PREPAREDNESS
Kazakhstan,2014,"221,419,046.28",DEVELOPMENTAL FOOD AID/FOOD SECURITY ASSISTANCE
Kenya,2014,"118,588,320.61",DEVELOPMENTAL FOOD AID/FOOD SECURITY ASSISTANCE
Kenya,2014,"1,771,352,370.25",DEVELOPMENTAL FOOD AID/FOOD SECURITY ASSISTANCE
Kenya,2014,"13,720,981.61",DEVELOPMENTAL FOOD AID/FOOD SECURITY ASSISTANCE
Kenya,2014,"10,825,728.61",DEVELOPMENTAL FOOD AID/FOOD SECURITY ASSISTANCE
Kenya,2014,"25,176,113.04",DISASTER PREVENTION AND PREPAREDNESS
Kenya,2014,"25,176,113.04",DISASTER PREVENTION AND PREPAREDNESS
Kenya,2014,"22,141.90",DISASTER PREVENTION AND PREPAREDNESS
Kenya,2014,"2,107,250,407.88",DISASTER PREVENTION AND PREPAREDNESS
Kenya,2014,"25,176.11",DISASTER PREVENTION AND PREPAREDNESS
Kenya,2014,"30,024,422.90",DEVELOPMENTAL FOOD AID/FOOD SECURITY ASSISTANCE
Kenya,2014,"2,039,265.16",DEVELOPMENTAL FOOD AID/FOOD SECURITY ASSISTANCE
Kenya,2014,"15,105,667.82",DEVELOPMENTAL FOOD AID/FOOD SECURITY ASSISTANCE
Kenya,2014,"26,951,891.05",DEVELOPMENTAL FOOD AID/FOOD SECURITY ASSISTANCE
Kyrgyz Republic,2014,"27,677,380.79",DEVELOPMENTAL FOOD AID/FOOD SECURITY ASSISTANCE
Kyrgyz Republic,2014,"9,433,161.87",GOVERNMENT AND CIVIL SOCIETY
Lao People's Democratic Republic,2014,"553,547.62",DISASTER PREVENTION AND PREPAREDNESS
Lao People's Democratic Republic,2014,"5,677,865.05",DISASTER PREVENTION AND PREPAREDNESS
Lao People's Democratic Republic,2014,"235,257,736.67",DISASTER PREVENTION AND PREPAREDNESS
Lao People's Democratic Republic,2014,"1,328,514,277.69",DISASTER PREVENTION AND PREPAREDNESS
Lao People's Democratic Republic,2014,"284,322,055.10",DISASTER PREVENTION AND PREPAREDNESS
Lao People's Democratic Republic,2014,"371,153,676.33",DEVELOPMENTAL FOOD AID/FOOD SECURITY ASSISTANCE
Lao People's Democratic Republic,2014,"67,377,815.78",DEVELOPMENTAL FOOD AID/FOOD SECURITY ASSISTANCE
Lao People's Democratic Republic,2014,"6,642,571.39",DEVELOPMENTAL FOOD AID/FOOD SECURITY ASSISTANCE
Lao People's Democratic Republic,2014,"52,584,936.23",DEVELOPMENTAL FOOD AID/FOOD SECURITY ASSISTANCE
Lao People's Democratic Republic,2014,"179,679,273.66",DEVELOPMENTAL FOOD AID/FOOD SECURITY ASSISTANCE
Lao People's Democratic Republic,2014,"3,321,285.69",DISASTER PREVENTION AND PREPAREDNESS
Lao People's Democratic Republic,2014,"10,062,039.32",DISASTER PREVENTION AND PREPAREDNESS
Lao People's Democratic Republic,2014,"50,815,671.12",DISASTER PREVENTION AND PREPAREDNESS
Lao People's Democratic Republic,2014,"50,546,646.98",DISASTER PREVENTION AND PREPAREDNESS
Lao People's Democratic Republic,2014,"77,496,666.20",DISASTER PREVENTION AND PREPAREDNESS
Lao People's Democratic Republic,2014,"152,727,382.61",DEVELOPMENTAL FOOD AID/FOOD SECURITY ASSISTANCE
Lao People's Democratic Republic,2014,"5,989,309.06",DEVELOPMENTAL FOOD AID/FOOD SECURITY ASSISTANCE
Lebanon,2014,"8,983,963.68",DEVELOPMENTAL FOOD AID/FOOD SECURITY ASSISTANCE
Lebanon,2014,"2,214,190.46",DEVELOPMENTAL FOOD AID/FOOD SECURITY ASSISTANCE
Lebanon,2014,"5,390,378.21",DEVELOPMENTAL FOOD AID/FOOD SECURITY ASSISTANCE
Lebanon,2014,"2,156,151.28",GOVERNMENT AND CIVIL SOCIETY
Lesotho,2014,"13,889,207.85",DISASTER PREVENTION AND PREPAREDNESS
Liberia,2014,"4,428,380.93",DISASTER PREVENTION AND PREPAREDNESS
Liberia,2014,"179,679.27",DISASTER PREVENTION AND PREPAREDNESS
Liberia,2014,"1,167,915.28",DISASTER PREVENTION AND PREPAREDNESS
Liberia,2014,"22,141.90",DISASTER PREVENTION AND PREPAREDNESS
Liberia,2014,"1,107,095.23",DEVELOPMENTAL FOOD AID/FOOD SECURITY ASSISTANCE
Liberia,2014,"234,461.74",DEVELOPMENTAL FOOD AID/FOOD SECURITY ASSISTANCE
Liberia,2014,"14,374,341.89",DEVELOPMENTAL FOOD AID/FOOD SECURITY ASSISTANCE
Liberia,2014,"166,064.28",DEVELOPMENTAL FOOD AID/FOOD SECURITY ASSISTANCE
Liberia,2014,"44,283.81",DEVELOPMENTAL FOOD AID/FOOD SECURITY ASSISTANCE
Liberia,2014,"45,390,904.49",DISASTER PREVENTION AND PREPAREDNESS
Liberia,2014,"2,214,190.46",DISASTER PREVENTION AND PREPAREDNESS
Liberia,2014,"1,796,792.74",DISASTER PREVENTION AND PREPAREDNESS
Liberia,2014,"53,903,782.10",DISASTER PREVENTION AND PREPAREDNESS
Malawi,2014,"13,122,499.80",DISASTER PREVENTION AND PREPAREDNESS
Malawi,2014,"8,983,963.68",DEVELOPMENTAL FOOD AID/FOOD SECURITY ASSISTANCE
Malawi,2014,"17,967,927.37",DEVELOPMENTAL FOOD AID/FOOD SECURITY ASSISTANCE
Malawi,2014,"393,674.99",DEVELOPMENTAL FOOD AID/FOOD SECURITY ASSISTANCE
Malawi,2014,"52,490.00",DEVELOPMENTAL FOOD AID/FOOD SECURITY ASSISTANCE
Malawi,2014,"6,547,639.08",DEVELOPMENTAL FOOD AID/FOOD SECURITY ASSISTANCE
Malaysia,2014,"11,501.26",GOVERNMENT AND CIVIL SOCIETY
Malaysia,2014,"16,913.62",DISASTER PREVENTION AND PREPAREDNESS
Malaysia,2014,"7,196,119.00",DISASTER PREVENTION AND PREPAREDNESS
Malaysia,2014,"5,412,358.47",DISASTER PREVENTION AND PREPAREDNESS
Maldives,2014,"179,679.27",DISASTER PREVENTION AND PREPAREDNESS
Maldives,2014,"30,545,476.52",DISASTER PREVENTION AND PREPAREDNESS
Maldives,2014,"359,358.55",DEVELOPMENTAL FOOD AID/FOOD SECURITY ASSISTANCE
Maldives,2014,"36,019.29",DEVELOPMENTAL FOOD AID/FOOD SECURITY ASSISTANCE
Maldives,2014,"553,547.62",DEVELOPMENTAL FOOD AID/FOOD SECURITY ASSISTANCE
Maldives,2014,"17,967,927.37",DEVELOPMENTAL FOOD AID/FOOD SECURITY ASSISTANCE
Mali,2014,"111,097,917.50",DEVELOPMENTAL FOOD AID/FOOD SECURITY ASSISTANCE
Mali,2014,"88,581,881.91",DISASTER PREVENTION AND PREPAREDNESS
Mali,2014,"40,305,710.29",DISASTER PREVENTION AND PREPAREDNESS
Mali,2014,"17,913,649.02",DISASTER PREVENTION AND PREPAREDNESS
Mali,2014,"1,679,404,595.34",DISASTER PREVENTION AND PREPAREDNESS
Mali,2014,"179,136.49",DISASTER PREVENTION AND PREPAREDNESS
Mali,2014,"23,358,305.58",DISASTER PREVENTION AND PREPAREDNESS
Mali,2014,"26,951,891.05",DISASTER PREVENTION AND PREPAREDNESS
Mali,2014,"8,983,963.68",DISASTER PREVENTION AND PREPAREDNESS
Mali,2014,"895,682.45",DISASTER PREVENTION AND PREPAREDNESS
Marshall Islands,2014,"31,751,491.24",DISASTER PREVENTION AND PREPAREDNESS
Marshall Islands,2014,"31,751,491.24",DEVELOPMENTAL FOOD AID/FOOD SECURITY ASSISTANCE
Marshall Islands,2014,"219,204,855.82",DEVELOPMENTAL FOOD AID/FOOD SECURITY ASSISTANCE
Marshall Islands,2014,"47,826,514.00",DEVELOPMENTAL FOOD AID/FOOD SECURITY ASSISTANCE
Marshall Islands,2014,"44,283,809.26",DEVELOPMENTAL FOOD AID/FOOD SECURITY ASSISTANCE
Mauritania,2014,"35,603,641.27",DEVELOPMENTAL FOOD AID/FOOD SECURITY ASSISTANCE
Mauritania,2014,"14,374,341.89",GOVERNMENT AND CIVIL SOCIETY
Mauritius,2014,"23,358,305.58",DISASTER PREVENTION AND PREPAREDNESS
Mauritius,2014,"8,983,963.68",DISASTER PREVENTION AND PREPAREDNESS
Mauritius,2014,"8,303,214.24",DISASTER PREVENTION AND PREPAREDNESS
Mexico,2014,"3,575,917,597.45",DISASTER PREVENTION AND PREPAREDNESS
Micronesia,2014,"221,419.05",DISASTER PREVENTION AND PREPAREDNESS
Moldova,2014,"1,329,626.63",DEVELOPMENTAL FOOD AID/FOOD SECURITY ASSISTANCE
Moldova,2014,"4,730,251.11",DEVELOPMENTAL FOOD AID/FOOD SECURITY ASSISTANCE
Moldova,2014,"844,492.59",DEVELOPMENTAL FOOD AID/FOOD SECURITY ASSISTANCE
Moldova,2014,"3,593,585.47",DEVELOPMENTAL FOOD AID/FOOD SECURITY ASSISTANCE
Mongolia,2014,"1,617,113,462.92",DEVELOPMENTAL FOOD AID/FOOD SECURITY ASSISTANCE
Mongolia,2014,"193,175,154.42",DISASTER PREVENTION AND PREPAREDNESS
Mongolia,2014,"2,072,482.27",DISASTER PREVENTION AND PREPAREDNESS
Mongolia,2014,"332,128,569.42",DISASTER PREVENTION AND PREPAREDNESS
Mongolia,2014,"20,979,454.64",DISASTER PREVENTION AND PREPAREDNESS
Mongolia,2014,"50,594,252.08",DISASTER PREVENTION AND PREPAREDNESS
Mongolia,2014,"13,395,852.30",DEVELOPMENTAL FOOD AID/FOOD SECURITY ASSISTANCE
Mongolia,2014,"1,107,095.23",DEVELOPMENTAL FOOD AID/FOOD SECURITY ASSISTANCE
Mongolia,2014,"74,728,928.12",DEVELOPMENTAL FOOD AID/FOOD SECURITY ASSISTANCE
Mongolia,2014,"35,935,854.73",DEVELOPMENTAL FOOD AID/FOOD SECURITY ASSISTANCE
Mongolia,2014,"83,032,142.36",DEVELOPMENTAL FOOD AID/FOOD SECURITY ASSISTANCE
Mongolia,2014,"8,303,214.24",GOVERNMENT AND CIVIL SOCIETY
Mongolia,2014,"15,093.06",DISASTER PREVENTION AND PREPAREDNESS
Mongolia,2014,"11,858.83",DISASTER PREVENTION AND PREPAREDNESS
Mongolia,2014,"16,483.63",DISASTER PREVENTION AND PREPAREDNESS
Mongolia,2014,"3,846.18",DISASTER PREVENTION AND PREPAREDNESS
Mongolia,2014,"110,709.52",DISASTER PREVENTION AND PREPAREDNESS
Montenegro,2014,"1,045,088,488.14",DEVELOPMENTAL FOOD AID/FOOD SECURITY ASSISTANCE
Morocco,2014,"331,995,717.99",DEVELOPMENTAL FOOD AID/FOOD SECURITY ASSISTANCE
Morocco,2014,"110,709,523.14",DEVELOPMENTAL FOOD AID/FOOD SECURITY ASSISTANCE
Morocco,2014,"7,098,324.42",DEVELOPMENTAL FOOD AID/FOOD SECURITY ASSISTANCE
Mozambique,2014,"26,951,891.05",DEVELOPMENTAL FOOD AID/FOOD SECURITY ASSISTANCE
Mozambique,2014,"165,509,585.27",DISASTER PREVENTION AND PREPAREDNESS
Mozambique,2014,"132,824,857.48",DISASTER PREVENTION AND PREPAREDNESS
Mozambique,2014,"345,856,550.29",DISASTER PREVENTION AND PREPAREDNESS
Mozambique,2014,"66,425,713.88",DISASTER PREVENTION AND PREPAREDNESS
Myanmar,2014,"1,687,052.39",DISASTER PREVENTION AND PREPAREDNESS
Myanmar,2014,"503,728.33",DEVELOPMENTAL FOOD AID/FOOD SECURITY ASSISTANCE
Myanmar,2014,"3,321.29",DEVELOPMENTAL FOOD AID/FOOD SECURITY ASSISTANCE
Myanmar,2014,"234,704.19",DEVELOPMENTAL FOOD AID/FOOD SECURITY ASSISTANCE
Myanmar,2014,"1,107,095.23",DEVELOPMENTAL FOOD AID/FOOD SECURITY ASSISTANCE
Myanmar,2014,"339,878.24",DEVELOPMENTAL FOOD AID/FOOD SECURITY ASSISTANCE
Myanmar,2014,"134,964.19",GOVERNMENT AND CIVIL SOCIETY
Myanmar,2014,"110,709,523.14",DISASTER PREVENTION AND PREPAREDNESS
Myanmar,2014,"36,866,271.21",DISASTER PREVENTION AND PREPAREDNESS
Myanmar,2014,"296,048,335.83",DISASTER PREVENTION AND PREPAREDNESS
Myanmar,2014,"332,128,569.42",DISASTER PREVENTION AND PREPAREDNESS
Myanmar,2014,"5,989,309.06",DISASTER PREVENTION AND PREPAREDNESS
Namibia,2014,"215,350.20",DEVELOPMENTAL FOOD AID/FOOD SECURITY ASSISTANCE
Namibia,2014,"8,164.26",DEVELOPMENTAL FOOD AID/FOOD SECURITY ASSISTANCE
Namibia,2014,"17,967,927.37",DEVELOPMENTAL FOOD AID/FOOD SECURITY ASSISTANCE
Namibia,2014,"1,660,642.85",DEVELOPMENTAL FOOD AID/FOOD SECURITY ASSISTANCE
Namibia,2014,"154,993,332.40",DEVELOPMENTAL FOOD AID/FOOD SECURITY ASSISTANCE
Nepal,2014,"22,141.90",DISASTER PREVENTION AND PREPAREDNESS
Nepal,2014,"21,561,512.84",DISASTER PREVENTION AND PREPAREDNESS
Nepal,2014,"566,609.84",DISASTER PREVENTION AND PREPAREDNESS
Niger,2014,"112,065,962.98",DISASTER PREVENTION AND PREPAREDNESS
Niger,2014,"4,981,928.54",DISASTER PREVENTION AND PREPAREDNESS
Nigeria,2014,"2,869,688,657.91",DEVELOPMENTAL FOOD AID/FOOD SECURITY ASSISTANCE
Nigeria,2014,"1,796,792.74",DEVELOPMENTAL FOOD AID/FOOD SECURITY ASSISTANCE
Nigeria,2014,"124,548,213.53",DEVELOPMENTAL FOOD AID/FOOD SECURITY ASSISTANCE
Nigeria,2014,"269,518.91",DEVELOPMENTAL FOOD AID/FOOD SECURITY ASSISTANCE
North Macedonia,2014,"3,593,585.47",DEVELOPMENTAL FOOD AID/FOOD SECURITY ASSISTANCE
North Macedonia,2014,"7,749,666.62",GOVERNMENT AND CIVIL SOCIETY
North Macedonia,2014,"8,812,920.51",DISASTER PREVENTION AND PREPAREDNESS
Pakistan,2014,"1,796,792,736.58",DISASTER PREVENTION AND PREPAREDNESS
Pakistan,2014,"553,547,615.70",DISASTER PREVENTION AND PREPAREDNESS
Pakistan,2014,"42,044,950.04",DISASTER PREVENTION AND PREPAREDNESS
Pakistan,2014,"475,611,037.37",DISASTER PREVENTION AND PREPAREDNESS
Pakistan,2014,"54,785.11",DEVELOPMENTAL FOOD AID/FOOD SECURITY ASSISTANCE
Pakistan,2014,"8,085,567.31",DEVELOPMENTAL FOOD AID/FOOD SECURITY ASSISTANCE
Pakistan,2014,"21,914.05",DEVELOPMENTAL FOOD AID/FOOD SECURITY ASSISTANCE
Pakistan,2014,"22,141,904.63",DEVELOPMENTAL FOOD AID/FOOD SECURITY ASSISTANCE
Pakistan,2014,"1,029,960.14",DEVELOPMENTAL FOOD AID/FOOD SECURITY ASSISTANCE
Pakistan,2014,"1,107,095.23",DISASTER PREVENTION AND PREPAREDNESS
Pakistan,2014,"125,775,491.56",DISASTER PREVENTION AND PREPAREDNESS
Pakistan,2014,"423,850,080.83",DISASTER PREVENTION AND PREPAREDNESS
Panama,2014,"27,677,380.79",DISASTER PREVENTION AND PREPAREDNESS
Panama,2014,"11,070,952.31",DISASTER PREVENTION AND PREPAREDNESS
Papua New Guinea,2014,"374,561.55",DEVELOPMENTAL FOOD AID/FOOD SECURITY ASSISTANCE
Papua New Guinea,2014,"8,775.03",DEVELOPMENTAL FOOD AID/FOOD SECURITY ASSISTANCE
Papua New Guinea,2014,"50,456.42",DEVELOPMENTAL FOOD AID/FOOD SECURITY ASSISTANCE
Papua New Guinea,2014,"17,988.81",DEVELOPMENTAL FOOD AID/FOOD SECURITY ASSISTANCE
Papua New Guinea,2014,"191,793,177.89",DEVELOPMENTAL FOOD AID/FOOD SECURITY ASSISTANCE
Papua New Guinea,2014,"127,572,284.30",GOVERNMENT AND CIVIL SOCIETY
Papua New Guinea,2014,"113,135,080.89",DISASTER PREVENTION AND PREPAREDNESS
Papua New Guinea,2014,"39,048,881.03",DISASTER PREVENTION AND PREPAREDNESS
Papua New Guinea,2014,"553,547,615.70",DISASTER PREVENTION AND PREPAREDNESS
Peru,2014,"93,581.28",DISASTER PREVENTION AND PREPAREDNESS
Peru,2014,"12,577,549.16",DISASTER PREVENTION AND PREPAREDNESS
Peru,2014,"55,354,761.57",DEVELOPMENTAL FOOD AID/FOOD SECURITY ASSISTANCE
Peru,2014,"110,709,523.14",DEVELOPMENTAL FOOD AID/FOOD SECURITY ASSISTANCE
Peru,2014,"3,314,643,122.84",DEVELOPMENTAL FOOD AID/FOOD SECURITY ASSISTANCE
Peru,2014,"536,387,639.62",DEVELOPMENTAL FOOD AID/FOOD SECURITY ASSISTANCE
Peru,2014,"89,839.64",DEVELOPMENTAL FOOD AID/FOOD SECURITY ASSISTANCE
Peru,2014,"3,593,585.47",DISASTER PREVENTION AND PREPAREDNESS
Peru,2014,"21,135,672.96",DISASTER PREVENTION AND PREPAREDNESS
Peru,2014,"33,212,856.94",DISASTER PREVENTION AND PREPAREDNESS
Peru,2014,"130,637,237.31",DISASTER PREVENTION AND PREPAREDNESS
Peru,2014,"662,928,624.57",DISASTER PREVENTION AND PREPAREDNESS
Peru,2014,"1,988,785,873.70",DISASTER PREVENTION AND PREPAREDNESS
Peru,2014,"662,928,624.57",DISASTER PREVENTION AND PREPAREDNESS
Peru,2014,"107,277,527.92",DISASTER PREVENTION AND PREPAREDNESS
Peru,2014,"321,832,583.77",DISASTER PREVENTION AND PREPAREDNESS
Peru,2014,"107,277,527.92",DISASTER PREVENTION AND PREPAREDNESS
Romania,2014,"63,629,286.08",DEVELOPMENTAL FOOD AID/FOOD SECURITY ASSISTANCE
Romania,2014,"2,214,190,462.82",DEVELOPMENTAL FOOD AID/FOOD SECURITY ASSISTANCE
Russia,2014,"557,005,748.34",DEVELOPMENTAL FOOD AID/FOOD SECURITY ASSISTANCE
Russia,2014,"2,214,190,462.82",DEVELOPMENTAL FOOD AID/FOOD SECURITY ASSISTANCE
Russia,2014,"2,214,190,462.82",DEVELOPMENTAL FOOD AID/FOOD SECURITY ASSISTANCE
Russia,2014,"2,214,190,462.82",GOVERNMENT AND CIVIL SOCIETY
Russia,2014,"332,128,569.42",DISASTER PREVENTION AND PREPAREDNESS
Russia,2014,"553,547,615.70",DISASTER PREVENTION AND PREPAREDNESS
Russia,2014,"332,128,569.42",DISASTER PREVENTION AND PREPAREDNESS
Russia,2014,"553,547,615.70",DISASTER PREVENTION AND PREPAREDNESS
Russia,2014,"664,257,138.85",DISASTER PREVENTION AND PREPAREDNESS
Russia,2014,"32,559,670.76",DEVELOPMENTAL FOOD AID/FOOD SECURITY ASSISTANCE
Russia,2014,"1,107,095,231.41",DEVELOPMENTAL FOOD AID/FOOD SECURITY ASSISTANCE
Russia,2014,"16,606,428.47",DEVELOPMENTAL FOOD AID/FOOD SECURITY ASSISTANCE
Rwanda,2014,"8,983,963.68",DEVELOPMENTAL FOOD AID/FOOD SECURITY ASSISTANCE
Rwanda,2014,"29,347,712.64",DEVELOPMENTAL FOOD AID/FOOD SECURITY ASSISTANCE
Rwanda,2014,"13,285,142.78",DISASTER PREVENTION AND PREPAREDNESS
Rwanda,2014,"8,983,963.68",DISASTER PREVENTION AND PREPAREDNESS
Samoa,2014,"61,090,953.04",DISASTER PREVENTION AND PREPAREDNESS
Samoa,2014,"88,567.62",DISASTER PREVENTION AND PREPAREDNESS
Samoa,2014,"1,118,166.18",DISASTER PREVENTION AND PREPAREDNESS
Samoa,2014,"3,321,285.69",DEVELOPMENTAL FOOD AID/FOOD SECURITY ASSISTANCE
Samoa,2014,"2,849,261.87",DEVELOPMENTAL FOOD AID/FOOD SECURITY ASSISTANCE
Samoa,2014,"7,140,764.24",DEVELOPMENTAL FOOD AID/FOOD SECURITY ASSISTANCE
Senegal,2014,"3,358,809.19",DEVELOPMENTAL FOOD AID/FOOD SECURITY ASSISTANCE
Senegal,2014,"33,212.86",DEVELOPMENTAL FOOD AID/FOOD SECURITY ASSISTANCE
Senegal,2014,"52,106,989.36",GOVERNMENT AND CIVIL SOCIETY
Senegal,2014,"13,026,747.34",DISASTER PREVENTION AND PREPAREDNESS
Senegal,2014,"39,080,242.02",DISASTER PREVENTION AND PREPAREDNESS
Serbia,2014,"673,401,745.46",DISASTER PREVENTION AND PREPAREDNESS
Serbia,2014,"166,064.28",DISASTER PREVENTION AND PREPAREDNESS
Serbia,2014,"55,354.76",DISASTER PREVENTION AND PREPAREDNESS
Serbia,2014,"11,473.93",DEVELOPMENTAL FOOD AID/FOOD SECURITY ASSISTANCE
Serbia,2014,"539,037.82",DEVELOPMENTAL FOOD AID/FOOD SECURITY ASSISTANCE
Serbia,2014,"807,851.05",DEVELOPMENTAL FOOD AID/FOOD SECURITY ASSISTANCE
Sierra Leone,2014,"1,796,792.74",DEVELOPMENTAL FOOD AID/FOOD SECURITY ASSISTANCE
Sierra Leone,2014,"179,679.27",DEVELOPMENTAL FOOD AID/FOOD SECURITY ASSISTANCE
Sierra Leone,2014,"1,107,095.23",DISASTER PREVENTION AND PREPAREDNESS
Sierra Leone,2014,"4,815,864.26",DISASTER PREVENTION AND PREPAREDNESS
Sierra Leone,2014,"166,064.28",DISASTER PREVENTION AND PREPAREDNESS
Sierra Leone,2014,"2,214,190.46",DISASTER PREVENTION AND PREPAREDNESS
Sierra Leone,2014,"20,507.53",DISASTER PREVENTION AND PREPAREDNESS
Sierra Leone,2014,"13,608,326.02",DEVELOPMENTAL FOOD AID/FOOD SECURITY ASSISTANCE
Somalia,2014,"22,141.90",DEVELOPMENTAL FOOD AID/FOOD SECURITY ASSISTANCE
Somalia,2014,"22,141.90",DEVELOPMENTAL FOOD AID/FOOD SECURITY ASSISTANCE
South Africa,2014,"218,097,760.59",DEVELOPMENTAL FOOD AID/FOOD SECURITY ASSISTANCE
South Sudan,2014,"442,838,092.56",DEVELOPMENTAL FOOD AID/FOOD SECURITY ASSISTANCE
South Sudan,2014,"1,107,095,231.41",GOVERNMENT AND CIVIL SOCIETY
South Sudan,2014,"71,871.71",DISASTER PREVENTION AND PREPAREDNESS
South Sudan,2014,"1,771,352.37",DISASTER PREVENTION AND PREPAREDNESS
South Sudan,2014,"221,419.05",DISASTER PREVENTION AND PREPAREDNESS
South Sudan,2014,"3,321,285.69",DISASTER PREVENTION AND PREPAREDNESS
South Sudan,2014,"26,951,891.05",DISASTER PREVENTION AND PREPAREDNESS
South Sudan,2014,"1,796,792.74",DEVELOPMENTAL FOOD AID/FOOD SECURITY ASSISTANCE
South Sudan,2014,"66,425.71",DEVELOPMENTAL FOOD AID/FOOD SECURITY ASSISTANCE
South Sudan,2014,"8,983,963.68",DEVELOPMENTAL FOOD AID/FOOD SECURITY ASSISTANCE
South Sudan,2014,"3,593,585.47",DEVELOPMENTAL FOOD AID/FOOD SECURITY ASSISTANCE
Sri Lanka,2014,"332,128,569.42",DEVELOPMENTAL FOOD AID/FOOD SECURITY ASSISTANCE
Sri Lanka,2014,"279,276,490.11",DISASTER PREVENTION AND PREPAREDNESS
Sri Lanka,2014,"735,092,135.16",DISASTER PREVENTION AND PREPAREDNESS
Sri Lanka,2014,"110,709,523.14",DISASTER PREVENTION AND PREPAREDNESS
Sri Lanka,2014,"419,085,951.13",DISASTER PREVENTION AND PREPAREDNESS
Sri Lanka,2014,"83,032,142.36",DISASTER PREVENTION AND PREPAREDNESS
Sri Lanka,2014,"357,166,660.88",DEVELOPMENTAL FOOD AID/FOOD SECURITY ASSISTANCE
Sri Lanka,2014,"87,881,132.75",DEVELOPMENTAL FOOD AID/FOOD SECURITY ASSISTANCE
Sri Lanka,2014,"3,593,585.47",DEVELOPMENTAL FOOD AID/FOOD SECURITY ASSISTANCE
Sri Lanka,2014,"1,695.49",DEVELOPMENTAL FOOD AID/FOOD SECURITY ASSISTANCE
Sri Lanka,2014,254.32,DEVELOPMENTAL FOOD AID/FOOD SECURITY ASSISTANCE
Sudan,2014,"774,966,661.99",GOVERNMENT AND CIVIL SOCIETY
Sudan,2014,"26,951,891.05",DISASTER PREVENTION AND PREPAREDNESS
Sudan,2014,"17,967,927.37",DISASTER PREVENTION AND PREPAREDNESS
Sudan,2014,"39,855,428.33",DISASTER PREVENTION AND PREPAREDNESS
Sudan,2014,"15,499,333.24",DISASTER PREVENTION AND PREPAREDNESS
Sudan,2014,"81,925,047.12",DISASTER PREVENTION AND PREPAREDNESS
Sudan,2014,"166,064,284.71",DEVELOPMENTAL FOOD AID/FOOD SECURITY ASSISTANCE
Sudan,2014,"774,966,661.99",DEVELOPMENTAL FOOD AID/FOOD SECURITY ASSISTANCE
Sudan,2014,"200,937,784.50",DEVELOPMENTAL FOOD AID/FOOD SECURITY ASSISTANCE
Suriname,2014,"1,257,754.92",DEVELOPMENTAL FOOD AID/FOOD SECURITY ASSISTANCE
Suriname,2014,"22,141.90",DEVELOPMENTAL FOOD AID/FOOD SECURITY ASSISTANCE
Suriname,2014,"27,677,380.79",DISASTER PREVENTION AND PREPAREDNESS
Syrian Arab Republic,2014,"3,593,585.47",DISASTER PREVENTION AND PREPAREDNESS
Syrian Arab Republic,2014,"3,653,414.26",DISASTER PREVENTION AND PREPAREDNESS
Tajikistan,2014,"332,128,569.42",DISASTER PREVENTION AND PREPAREDNESS
Tajikistan,2014,"110,709,523.14",DISASTER PREVENTION AND PREPAREDNESS
Tajikistan,2014,"53,903,782.10",DEVELOPMENTAL FOOD AID/FOOD SECURITY ASSISTANCE
Tajikistan,2014,"22,141,904.63",DEVELOPMENTAL FOOD AID/FOOD SECURITY ASSISTANCE
Tajikistan,2014,"34,480,452.61",DEVELOPMENTAL FOOD AID/FOOD SECURITY ASSISTANCE
Tajikistan,2014,"167,097,605.89",DEVELOPMENTAL FOOD AID/FOOD SECURITY ASSISTANCE
Tajikistan,2014,"219,204,855.82",DEVELOPMENTAL FOOD AID/FOOD SECURITY ASSISTANCE
Tajikistan,2014,"58,786,756.79",GOVERNMENT AND CIVIL SOCIETY
Tajikistan,2014,"132,851,427.77",DISASTER PREVENTION AND PREPAREDNESS
Tajikistan,2014,"198,135,970.03",DISASTER PREVENTION AND PREPAREDNESS
Tajikistan,2014,"44,614,363.65",DISASTER PREVENTION AND PREPAREDNESS
Tajikistan,2014,"40,851,814.04",DISASTER PREVENTION AND PREPAREDNESS
Tajikistan,2014,"30,998,666.48",DISASTER PREVENTION AND PREPAREDNESS
Tanzania,2014,"19,965.23",DEVELOPMENTAL FOOD AID/FOOD SECURITY ASSISTANCE
Tanzania,2014,"3,321.29",DEVELOPMENTAL FOOD AID/FOOD SECURITY ASSISTANCE
Tanzania,2014,"221,419,046.28",DEVELOPMENTAL FOOD AID/FOOD SECURITY ASSISTANCE
Tanzania,2014,"332,128.57",DEVELOPMENTAL FOOD AID/FOOD SECURITY ASSISTANCE
Tanzania,2014,"332,128,569.42",DEVELOPMENTAL FOOD AID/FOOD SECURITY ASSISTANCE
Tanzania,2014,"332,128,569.42",DISASTER PREVENTION AND PREPAREDNESS
Thailand,2014,"13,703,758.25",DISASTER PREVENTION AND PREPAREDNESS
Timor-Leste,2014,"1,239,946.66",DISASTER PREVENTION AND PREPAREDNESS
Timor-Leste,2014,"5,269,623.64",DISASTER PREVENTION AND PREPAREDNESS
Timor-Leste,2014,"10,780,756.42",DISASTER PREVENTION AND PREPAREDNESS
Togo,2014,"940,466.57",DISASTER PREVENTION AND PREPAREDNESS
Togo,2014,"6,863,990.43",DISASTER PREVENTION AND PREPAREDNESS
Togo,2014,"37,732,647.47",DISASTER PREVENTION AND PREPAREDNESS
Togo,2014,"40,305.71",DISASTER PREVENTION AND PREPAREDNESS
Togo,2014,"60,890,237.73",DISASTER PREVENTION AND PREPAREDNESS
Togo,2014,"662,805.01",DEVELOPMENTAL FOOD AID/FOOD SECURITY ASSISTANCE
Togo,2014,"112,838,583.86",DEVELOPMENTAL FOOD AID/FOOD SECURITY ASSISTANCE
Togo,2014,"4,478.41",DEVELOPMENTAL FOOD AID/FOOD SECURITY ASSISTANCE
Togo,2014,"105,242.69",DEVELOPMENTAL FOOD AID/FOOD SECURITY ASSISTANCE
Tonga,2014,"29,891.57",DEVELOPMENTAL FOOD AID/FOOD SECURITY ASSISTANCE
Tonga,2014,"8,192,504.71",GOVERNMENT AND CIVIL SOCIETY
Tonga,2014,"2,695,189.10",DISASTER PREVENTION AND PREPAREDNESS
Tonga,2014,"17,967,927.37",DISASTER PREVENTION AND PREPAREDNESS
Tonga,2014,"669,792.62",DISASTER PREVENTION AND PREPAREDNESS
Tonga,2014,"823,678.85",DISASTER PREVENTION AND PREPAREDNESS
Tunisia,2014,"59,294,160.31",DISASTER PREVENTION AND PREPAREDNESS
Tunisia,2014,"9,781.43",DEVELOPMENTAL FOOD AID/FOOD SECURITY ASSISTANCE
Turkey,2014,"203,705,522.58",DEVELOPMENTAL FOOD AID/FOOD SECURITY ASSISTANCE
Turkey,2014,"375,674,314.82",DEVELOPMENTAL FOOD AID/FOOD SECURITY ASSISTANCE
Turkey,2014,"375,674,314.82",DEVELOPMENTAL FOOD AID/FOOD SECURITY ASSISTANCE
Uganda,2014,"873,871,533.52",DEVELOPMENTAL FOOD AID/FOOD SECURITY ASSISTANCE
Uganda,2014,"534,260,024.00",DISASTER PREVENTION AND PREPAREDNESS
Uganda,2014,"885,676.19",DISASTER PREVENTION AND PREPAREDNESS
Ukraine,2014,"16,171,134.63",DISASTER PREVENTION AND PREPAREDNESS
Ukraine,2014,"269,518.91",DISASTER PREVENTION AND PREPAREDNESS
Uruguay,2014,"1,107,095.23",DISASTER PREVENTION AND PREPAREDNESS
Uruguay,2014,"48,933,609.23",DEVELOPMENTAL FOOD AID/FOOD SECURITY ASSISTANCE
Uzbekistan,2014,"110,709,523.14",DEVELOPMENTAL FOOD AID/FOOD SECURITY ASSISTANCE
Uzbekistan,2014,"498,192,854.13",DEVELOPMENTAL FOOD AID/FOOD SECURITY ASSISTANCE
Uzbekistan,2014,"94,103,094.67",DEVELOPMENTAL FOOD AID/FOOD SECURITY ASSISTANCE
Uzbekistan,2014,"173,116,481.34",DEVELOPMENTAL FOOD AID/FOOD SECURITY ASSISTANCE
Uzbekistan,2014,"22,141,904.63",GOVERNMENT AND CIVIL SOCIETY
Uzbekistan,2014,"68,296,704.83",DISASTER PREVENTION AND PREPAREDNESS
Uzbekistan,2014,"28,274,105.11",DISASTER PREVENTION AND PREPAREDNESS
Uzbekistan,2014,"5,580,534.93",DISASTER PREVENTION AND PREPAREDNESS
Uzbekistan,2014,"4,627,658.07",DISASTER PREVENTION AND PREPAREDNESS
Uzbekistan,2014,"4,760,509.50",DISASTER PREVENTION AND PREPAREDNESS
Uzbekistan,2014,"4,428,380.93",DEVELOPMENTAL FOOD AID/FOOD SECURITY ASSISTANCE
Uzbekistan,2014,"3,321,285.69",DEVELOPMENTAL FOOD AID/FOOD SECURITY ASSISTANCE
Uzbekistan,2014,"3,321,285.69",DEVELOPMENTAL FOOD AID/FOOD SECURITY ASSISTANCE
Uzbekistan,2014,"2,435,609.51",DEVELOPMENTAL FOOD AID/FOOD SECURITY ASSISTANCE
Uzbekistan,2014,"53,140,571.11",DEVELOPMENTAL FOOD AID/FOOD SECURITY ASSISTANCE
Uzbekistan,2014,"10,109,440.11",DISASTER PREVENTION AND PREPAREDNESS
Uzbekistan,2014,"2,956,054.98",DISASTER PREVENTION AND PREPAREDNESS
Uzbekistan,2014,"332,128.57",DISASTER PREVENTION AND PREPAREDNESS
Uzbekistan,2014,"2,360,327.03",DISASTER PREVENTION AND PREPAREDNESS
Uzbekistan,2014,"110,709.52",DISASTER PREVENTION AND PREPAREDNESS
Vanuatu,2014,"18,686,644.46",DEVELOPMENTAL FOOD AID/FOOD SECURITY ASSISTANCE
Vanuatu,2014,"97,368,198.40",DEVELOPMENTAL FOOD AID/FOOD SECURITY ASSISTANCE
Vanuatu,2014,"62,887,745.78",DEVELOPMENTAL FOOD AID/FOOD SECURITY ASSISTANCE
Vanuatu,2014,"2,214,190.46",DEVELOPMENTAL FOOD AID/FOOD SECURITY ASSISTANCE
Vanuatu,2014,"8,059,653.28",DEVELOPMENTAL FOOD AID/FOOD SECURITY ASSISTANCE
Vanuatu,2014,"160,569,413.83",GOVERNMENT AND CIVIL SOCIETY
Venezuela,2014,"765,002,804.90",DISASTER PREVENTION AND PREPAREDNESS
Venezuela,2014,"4,428,380,925.63",DISASTER PREVENTION AND PREPAREDNESS
Venezuela,2014,"1,107,095,231.41",DISASTER PREVENTION AND PREPAREDNESS
Venezuela,2014,"1,660,642,847.11",DISASTER PREVENTION AND PREPAREDNESS
Venezuela,2014,"1,796,792.74",DISASTER PREVENTION AND PREPAREDNESS
Venezuela,2014,"1,796,792.74",DEVELOPMENTAL FOOD AID/FOOD SECURITY ASSISTANCE
Viet Nam,2014,"1,554,361,704.90",DEVELOPMENTAL FOOD AID/FOOD SECURITY ASSISTANCE
Viet Nam,2014,"332,128,569.42",DEVELOPMENTAL FOOD AID/FOOD SECURITY ASSISTANCE
Viet Nam,2014,"664,257,138.85",DEVELOPMENTAL FOOD AID/FOOD SECURITY ASSISTANCE
West Bank and Gaza Strip,2014,"1,660,642.85",DEVELOPMENTAL FOOD AID/FOOD SECURITY ASSISTANCE
West Bank and Gaza Strip,2014,"5,535,476.16",DISASTER PREVENTION AND PREPAREDNESS
Yemen,2014,"17,713,523.70",DISASTER PREVENTION AND PREPAREDNESS
Yemen,2014,"17,713,523.70",DISASTER PREVENTION AND PREPAREDNESS
Yemen,2014,"35,935.85",DISASTER PREVENTION AND PREPAREDNESS
Zambia,2014,"49,819,285.41",DISASTER PREVENTION AND PREPAREDNESS
Zambia,2014,"35,427,047.41",DEVELOPMENTAL FOOD AID/FOOD SECURITY ASSISTANCE
Zambia,2014,"35,427,047.41",DEVELOPMENTAL FOOD AID/FOOD SECURITY ASSISTANCE
Zambia,2014,"338,771,140.81",DEVELOPMENTAL FOOD AID/FOOD SECURITY ASSISTANCE
Zambia,2014,"33,212.86",DEVELOPMENTAL FOOD AID/FOOD SECURITY ASSISTANCE
Zambia,2014,"33,212.86",DEVELOPMENTAL FOOD AID/FOOD SECURITY ASSISTANCE
Zambia,2014,"4,240.49",GOVERNMENT AND CIVIL SOCIETY
Zambia,2014,"33,212,856.94",DISASTER PREVENTION AND PREPAREDNESS
Zambia,2014,"154,277,187.92",DISASTER PREVENTION AND PREPAREDNESS
Zambia,2014,"68,972,032.92",DISASTER PREVENTION AND PREPAREDNESS
Zambia,2014,"25,065,258.68",DISASTER PREVENTION AND PREPAREDNESS
Zambia,2014,"114,030,808.84",DISASTER PREVENTION AND PREPAREDNESS
Zambia,2014,"59,783,142.50",DEVELOPMENTAL FOOD AID/FOOD SECURITY ASSISTANCE
Zimbabwe,2014,"25,795,318.89",DEVELOPMENTAL FOOD AID/FOOD SECURITY ASSISTANCE
Zimbabwe,2014,"33,212.86",DEVELOPMENTAL FOOD AID/FOOD SECURITY ASSISTANCE
Zimbabwe,2014,"8,983,963.68",DEVELOPMENTAL FOOD AID/FOOD SECURITY ASSISTANCE
Zimbabwe,2014,"110,709,523.14",DEVELOPMENTAL FOOD AID/FOOD SECURITY ASSISTANCE
Zimbabwe,2014,"244,363,812.17",DISASTER PREVENTION AND PREPAREDNESS
Zimbabwe,2014,"102,959,856.52",DISASTER PREVENTION AND PREPAREDNESS
Zimbabwe,2014,"553,547.62",DISASTER PREVENTION AND PREPAREDNESS
Afghanistan,2013,"36,691,951.28",DISASTER PREVENTION AND PREPAREDNESS
"Africa, regional",2013,"112,803.66",DISASTER PREVENTION AND PREPAREDNESS
"Africa, regional",2013,"44,932,207.63",DEVELOPMENTAL FOOD AID/FOOD SECURITY ASSISTANCE
"Africa, regional",2013,"44,782,433.60",DEVELOPMENTAL FOOD AID/FOOD SECURITY ASSISTANCE
"Africa, regional",2013,"22,560,731.04",DEVELOPMENTAL FOOD AID/FOOD SECURITY ASSISTANCE
"America, regional",2013,"2,256,073,104.38",DEVELOPMENTAL FOOD AID/FOOD SECURITY ASSISTANCE
Angola,2013,"1,132,548,698.40",DEVELOPMENTAL FOOD AID/FOOD SECURITY ASSISTANCE
Angola,2013,"91,866,702.68",GOVERNMENT AND CIVIL SOCIETY
Angola,2013,"89,114,887.62",DISASTER PREVENTION AND PREPAREDNESS
Angola,2013,"91,866,702.68",DISASTER PREVENTION AND PREPAREDNESS
Angola,2013,"87,315,404.35",DISASTER PREVENTION AND PREPAREDNESS
Angola,2013,"146,547,726.26",DISASTER PREVENTION AND PREPAREDNESS
Angola,2013,"56,401,827.61",DISASTER PREVENTION AND PREPAREDNESS
Angola,2013,"51,889,681.40",DEVELOPMENTAL FOOD AID/FOOD SECURITY ASSISTANCE
Angola,2013,"90,242,924.18",DEVELOPMENTAL FOOD AID/FOOD SECURITY ASSISTANCE
Angola,2013,"57,388,257.64",DEVELOPMENTAL FOOD AID/FOOD SECURITY ASSISTANCE
Angola,2013,"66,779,763.89",DEVELOPMENTAL FOOD AID/FOOD SECURITY ASSISTANCE
Angola,2013,"23,013,321.59",DEVELOPMENTAL FOOD AID/FOOD SECURITY ASSISTANCE
Angola,2013,"25,701,030.55",DISASTER PREVENTION AND PREPAREDNESS
Angola,2013,"23,116,123.26",DISASTER PREVENTION AND PREPAREDNESS
Angola,2013,"23,116,123.26",DISASTER PREVENTION AND PREPAREDNESS
Angola,2013,"22,752,450.50",DISASTER PREVENTION AND PREPAREDNESS
Angola,2013,"78,962,558.65",DISASTER PREVENTION AND PREPAREDNESS
Angola,2013,"36,691,951.28",DISASTER PREVENTION AND PREPAREDNESS
Angola,2013,"203,046,579.39",DISASTER PREVENTION AND PREPAREDNESS
Angola,2013,"2,820,091,380.47",DISASTER PREVENTION AND PREPAREDNESS
Angola,2013,"60,913,973.82",DISASTER PREVENTION AND PREPAREDNESS
Antigua and Barbuda,2013,"51,368,731.80",DISASTER PREVENTION AND PREPAREDNESS
Antigua and Barbuda,2013,"6,971,470.74",DEVELOPMENTAL FOOD AID/FOOD SECURITY ASSISTANCE
Argentina,2013,"541,457,545.05",DEVELOPMENTAL FOOD AID/FOOD SECURITY ASSISTANCE
Argentina,2013,"3,155,444.97",DEVELOPMENTAL FOOD AID/FOOD SECURITY ASSISTANCE
Argentina,2013,"895,672.80",DEVELOPMENTAL FOOD AID/FOOD SECURITY ASSISTANCE
Armenia,2013,"18,345,975.64",DEVELOPMENTAL FOOD AID/FOOD SECURITY ASSISTANCE
"Asia, regional",2013,"3,750,721.54",GOVERNMENT AND CIVIL SOCIETY
Azerbaijan,2013,"5,503,792.69",DISASTER PREVENTION AND PREPAREDNESS
Bangladesh,2013,"72,194,339.34",DISASTER PREVENTION AND PREPAREDNESS
Bangladesh,2013,"157,775,390.52",DISASTER PREVENTION AND PREPAREDNESS
Bangladesh,2013,"110,075,853.85",DISASTER PREVENTION AND PREPAREDNESS
Bangladesh,2013,"268,021,484.80",DISASTER PREVENTION AND PREPAREDNESS
Bangladesh,2013,"56,401,827.61",DEVELOPMENTAL FOOD AID/FOOD SECURITY ASSISTANCE
Bangladesh,2013,"72,907,344.53",DEVELOPMENTAL FOOD AID/FOOD SECURITY ASSISTANCE
Bangladesh,2013,"72,907,344.53",DEVELOPMENTAL FOOD AID/FOOD SECURITY ASSISTANCE
Barbados,2013,"9,024,292.42",DEVELOPMENTAL FOOD AID/FOOD SECURITY ASSISTANCE
Barbados,2013,"31,585.02",DEVELOPMENTAL FOOD AID/FOOD SECURITY ASSISTANCE
Belarus,2013,"18,345,975.64",DISASTER PREVENTION AND PREPAREDNESS
Belarus,2013,"365,277,412.22",DISASTER PREVENTION AND PREPAREDNESS
Belarus,2013,"27,518,963.46",DISASTER PREVENTION AND PREPAREDNESS
Belarus,2013,"91,064,323.39",DISASTER PREVENTION AND PREPAREDNESS
Belarus,2013,"124,084,020.74",DISASTER PREVENTION AND PREPAREDNESS
Belarus,2013,"1,692,054,828.28",DEVELOPMENTAL FOOD AID/FOOD SECURITY ASSISTANCE
Benin,2013,"294,540,921.96",DEVELOPMENTAL FOOD AID/FOOD SECURITY ASSISTANCE
Benin,2013,"15,792,511.73",DEVELOPMENTAL FOOD AID/FOOD SECURITY ASSISTANCE
Benin,2013,"27,518,963.46",DEVELOPMENTAL FOOD AID/FOOD SECURITY ASSISTANCE
Benin,2013,"25,867,825.66",DEVELOPMENTAL FOOD AID/FOOD SECURITY ASSISTANCE
Benin,2013,"146,767,805.14",GOVERNMENT AND CIVIL SOCIETY
Benin,2013,"27,518,963.46",DISASTER PREVENTION AND PREPAREDNESS
Benin,2013,"9,172,987.82",DISASTER PREVENTION AND PREPAREDNESS
Benin,2013,"2,109,787.20",DISASTER PREVENTION AND PREPAREDNESS
Benin,2013,"66,430,777.80",DISASTER PREVENTION AND PREPAREDNESS
Bolivia,2013,"5,076,164.48",DISASTER PREVENTION AND PREPAREDNESS
Bolivia,2013,"14,676,780.51",DEVELOPMENTAL FOOD AID/FOOD SECURITY ASSISTANCE
Bolivia,2013,"9,172,987.82",DEVELOPMENTAL FOOD AID/FOOD SECURITY ASSISTANCE
Bolivia,2013,"13,576,021.98",DEVELOPMENTAL FOOD AID/FOOD SECURITY ASSISTANCE
Bolivia,2013,"3,948,127.93",DEVELOPMENTAL FOOD AID/FOOD SECURITY ASSISTANCE
Bolivia,2013,"11,007,585.39",DEVELOPMENTAL FOOD AID/FOOD SECURITY ASSISTANCE
Bolivia,2013,"6,768,219.31",DISASTER PREVENTION AND PREPAREDNESS
Bolivia,2013,"5,503,792.69",DISASTER PREVENTION AND PREPAREDNESS
Bosnia and Herzegovina,2013,"4,769,953.67",DISASTER PREVENTION AND PREPAREDNESS
Bosnia and Herzegovina,2013,"6,768,219.31",DISASTER PREVENTION AND PREPAREDNESS
Botswana,2013,"564,018.28",DISASTER PREVENTION AND PREPAREDNESS
Botswana,2013,"14,676,780.51",DEVELOPMENTAL FOOD AID/FOOD SECURITY ASSISTANCE
Brazil,2013,"6,280,513.84",DEVELOPMENTAL FOOD AID/FOOD SECURITY ASSISTANCE
Brazil,2013,"15,737,633.88",DEVELOPMENTAL FOOD AID/FOOD SECURITY ASSISTANCE
Brazil,2013,"6,872,529.98",DEVELOPMENTAL FOOD AID/FOOD SECURITY ASSISTANCE
Brazil,2013,"3,809,135.78",DEVELOPMENTAL FOOD AID/FOOD SECURITY ASSISTANCE
Brazil,2013,"12,250,656.31",GOVERNMENT AND CIVIL SOCIETY
Brazil,2013,"9,610,831.94",DISASTER PREVENTION AND PREPAREDNESS
Brazil,2013,"104,907,399.35",DISASTER PREVENTION AND PREPAREDNESS
Brazil,2013,"45,121,462.09",DISASTER PREVENTION AND PREPAREDNESS
Brazil,2013,"28,200,913.80",DISASTER PREVENTION AND PREPAREDNESS
Brazil,2013,"22,605,852.51",DISASTER PREVENTION AND PREPAREDNESS
Brazil,2013,"11,280.37",DEVELOPMENTAL FOOD AID/FOOD SECURITY ASSISTANCE
Brazil,2013,"11,280.37",DEVELOPMENTAL FOOD AID/FOOD SECURITY ASSISTANCE
Burundi,2013,"16,897,987.55",DEVELOPMENTAL FOOD AID/FOOD SECURITY ASSISTANCE
Burundi,2013,"733,839.03",DEVELOPMENTAL FOOD AID/FOOD SECURITY ASSISTANCE
Cabo Verde,2013,"2,278,570.17",DEVELOPMENTAL FOOD AID/FOOD SECURITY ASSISTANCE
Cabo Verde,2013,"9,172,987.82",DISASTER PREVENTION AND PREPAREDNESS
Cabo Verde,2013,"18,345,975.64",DISASTER PREVENTION AND PREPAREDNESS
Cambodia,2013,"33,841.10",DISASTER PREVENTION AND PREPAREDNESS
Cambodia,2013,"564,018,276.09",DISASTER PREVENTION AND PREPAREDNESS
Cambodia,2013,"11,280.37",DISASTER PREVENTION AND PREPAREDNESS
Cambodia,2013,"451,214.62",DEVELOPMENTAL FOOD AID/FOOD SECURITY ASSISTANCE
Cambodia,2013,"36,691,951.28",DEVELOPMENTAL FOOD AID/FOOD SECURITY ASSISTANCE
Cambodia,2013,"78,962.56",DEVELOPMENTAL FOOD AID/FOOD SECURITY ASSISTANCE
Cambodia,2013,"87,219,446.72",DEVELOPMENTAL FOOD AID/FOOD SECURITY ASSISTANCE
Cambodia,2013,"15,566,904.42",DEVELOPMENTAL FOOD AID/FOOD SECURITY ASSISTANCE
Cambodia,2013,"56,401.83",GOVERNMENT AND CIVIL SOCIETY
Cambodia,2013,"51,533,845.58",DISASTER PREVENTION AND PREPAREDNESS
Cambodia,2013,"23,115,929.31",DISASTER PREVENTION AND PREPAREDNESS
Cambodia,2013,"60,495,854.68",DISASTER PREVENTION AND PREPAREDNESS
Cambodia,2013,"37,225,206.22",DISASTER PREVENTION AND PREPAREDNESS
Cambodia,2013,"52,010,840.95",DISASTER PREVENTION AND PREPAREDNESS
Cambodia,2013,"7,557,844.90",DEVELOPMENTAL FOOD AID/FOOD SECURITY ASSISTANCE
Cambodia,2013,"293,665,515.75",DEVELOPMENTAL FOOD AID/FOOD SECURITY ASSISTANCE
Cambodia,2013,"33,841,096.57",DEVELOPMENTAL FOOD AID/FOOD SECURITY ASSISTANCE
Cambodia,2013,"55,037,926.93",DEVELOPMENTAL FOOD AID/FOOD SECURITY ASSISTANCE
Cambodia,2013,"36,691,951.28",DEVELOPMENTAL FOOD AID/FOOD SECURITY ASSISTANCE
Cambodia,2013,"1,128,036.55",DISASTER PREVENTION AND PREPAREDNESS
Cambodia,2013,"1,879,308,895.95",DISASTER PREVENTION AND PREPAREDNESS
Cambodia,2013,"293,665,515.75",DISASTER PREVENTION AND PREPAREDNESS
Cambodia,2013,"293,665,515.75",DISASTER PREVENTION AND PREPAREDNESS
Cameroon,2013,"610,906,263.73",DISASTER PREVENTION AND PREPAREDNESS
Cameroon,2013,"18,345,975.64",DEVELOPMENTAL FOOD AID/FOOD SECURITY ASSISTANCE
Cameroon,2013,"12,842,182.95",DEVELOPMENTAL FOOD AID/FOOD SECURITY ASSISTANCE
Cameroon,2013,"825,568.90",DEVELOPMENTAL FOOD AID/FOOD SECURITY ASSISTANCE
Cameroon,2013,"24,216,687.85",DEVELOPMENTAL FOOD AID/FOOD SECURITY ASSISTANCE
Cameroon,2013,"194,283,882.05",DEVELOPMENTAL FOOD AID/FOOD SECURITY ASSISTANCE
Cameroon,2013,"1,009,028.66",GOVERNMENT AND CIVIL SOCIETY
Cameroon,2013,"78,887,695.26",DISASTER PREVENTION AND PREPAREDNESS
Cameroon,2013,"175,466,085.69",DISASTER PREVENTION AND PREPAREDNESS
Cameroon,2013,"39,443,847.63",DISASTER PREVENTION AND PREPAREDNESS
Cameroon,2013,"550,379.27",DISASTER PREVENTION AND PREPAREDNESS
Chad,2013,"812,186.32",DISASTER PREVENTION AND PREPAREDNESS
Chad,2013,"767,064.86",DEVELOPMENTAL FOOD AID/FOOD SECURITY ASSISTANCE
Chad,2013,"3,384,109.66",DEVELOPMENTAL FOOD AID/FOOD SECURITY ASSISTANCE
Chad,2013,"225,607,310.44",DEVELOPMENTAL FOOD AID/FOOD SECURITY ASSISTANCE
Chile,2013,"58,657,900.71",DEVELOPMENTAL FOOD AID/FOOD SECURITY ASSISTANCE
Colombia,2013,"1,637.80",DEVELOPMENTAL FOOD AID/FOOD SECURITY ASSISTANCE
Colombia,2013,"9,172,987.82",DISASTER PREVENTION AND PREPAREDNESS
Comoros,2013,"608,941.11",DISASTER PREVENTION AND PREPAREDNESS
Comoros,2013,"18,345,975.64",DISASTER PREVENTION AND PREPAREDNESS
Congo,2013,"1,834,597.56",DISASTER PREVENTION AND PREPAREDNESS
Congo,2013,"676,821,931.31",DISASTER PREVENTION AND PREPAREDNESS
Congo,2013,"70,955,003.93",DISASTER PREVENTION AND PREPAREDNESS
Congo,2013,"61,816,403.06",DISASTER PREVENTION AND PREPAREDNESS
Congo,2013,"73,383,902.57",DISASTER PREVENTION AND PREPAREDNESS
Congo,2013,"417,373,524.31",DISASTER PREVENTION AND PREPAREDNESS
Congo,2013,"449,322,076.29",DISASTER PREVENTION AND PREPAREDNESS
Congo,2013,"18,345,975.64",DEVELOPMENTAL FOOD AID/FOOD SECURITY ASSISTANCE
Congo,2013,"56,872,524.49",DEVELOPMENTAL FOOD AID/FOOD SECURITY ASSISTANCE
Congo,2013,"86,739,862.61",DEVELOPMENTAL FOOD AID/FOOD SECURITY ASSISTANCE
Congo,2013,"25,340,841.33",DEVELOPMENTAL FOOD AID/FOOD SECURITY ASSISTANCE
Congo,2013,"94,888,352.30",DEVELOPMENTAL FOOD AID/FOOD SECURITY ASSISTANCE
Congo,2013,"87,137,608.75",GOVERNMENT AND CIVIL SOCIETY
Congo,2013,"90,266,430.37",DISASTER PREVENTION AND PREPAREDNESS
Congo,2013,"62,466,106.99",DISASTER PREVENTION AND PREPAREDNESS
Cook Islands,2013,"248,168.04",DISASTER PREVENTION AND PREPAREDNESS
Cook Islands,2013,"138,721.13",DISASTER PREVENTION AND PREPAREDNESS
Cook Islands,2013,"10,172,882.97",DISASTER PREVENTION AND PREPAREDNESS
Cook Islands,2013,"1,387,211.31",DEVELOPMENTAL FOOD AID/FOOD SECURITY ASSISTANCE
Cook Islands,2013,"1,387,211.31",DEVELOPMENTAL FOOD AID/FOOD SECURITY ASSISTANCE
Cook Islands,2013,"3,669,195.13",DEVELOPMENTAL FOOD AID/FOOD SECURITY ASSISTANCE
Costa Rica,2013,"1,015,232,896.97",DEVELOPMENTAL FOOD AID/FOOD SECURITY ASSISTANCE
Costa Rica,2013,"333,898,819.45",DEVELOPMENTAL FOOD AID/FOOD SECURITY ASSISTANCE
Costa Rica,2013,"4,483,455.73",DISASTER PREVENTION AND PREPAREDNESS
Costa Rica,2013,"33,841,096.57",DISASTER PREVENTION AND PREPAREDNESS
Costa Rica,2013,"115,212,727.03",DISASTER PREVENTION AND PREPAREDNESS
Costa Rica,2013,"112,803,655.22",DISASTER PREVENTION AND PREPAREDNESS
Cote d'Ivoire,2013,"18,048,584.84",DISASTER PREVENTION AND PREPAREDNESS
Cote d'Ivoire,2013,"564,018,276.09",DEVELOPMENTAL FOOD AID/FOOD SECURITY ASSISTANCE
Cote d'Ivoire,2013,"27,518,963.46",DEVELOPMENTAL FOOD AID/FOOD SECURITY ASSISTANCE
Cote d'Ivoire,2013,"1,462,715.33",DEVELOPMENTAL FOOD AID/FOOD SECURITY ASSISTANCE
Cote d'Ivoire,2013,"1,605,419.27",DEVELOPMENTAL FOOD AID/FOOD SECURITY ASSISTANCE
Cote d'Ivoire,2013,"1,427,039.35",DEVELOPMENTAL FOOD AID/FOOD SECURITY ASSISTANCE
Cuba,2013,"5,922,191.90",GOVERNMENT AND CIVIL SOCIETY
Cuba,2013,"5,922,191.90",DISASTER PREVENTION AND PREPAREDNESS
Democratic People's Republic of Korea,2013,"82,488,800.92",DISASTER PREVENTION AND PREPAREDNESS
Democratic People's Republic of Korea,2013,"1,128,036.55",DISASTER PREVENTION AND PREPAREDNESS
Democratic People's Republic of Korea,2013,"405,074,203.37",DISASTER PREVENTION AND PREPAREDNESS
Democratic Republic of the Congo,2013,"9,172,987.82",DISASTER PREVENTION AND PREPAREDNESS
Democratic Republic of the Congo,2013,"1,841,173.59",DEVELOPMENTAL FOOD AID/FOOD SECURITY ASSISTANCE
Democratic Republic of the Congo,2013,"608,223.06",DEVELOPMENTAL FOOD AID/FOOD SECURITY ASSISTANCE
Democratic Republic of the Congo,2013,"633,565.69",DEVELOPMENTAL FOOD AID/FOOD SECURITY ASSISTANCE
Democratic Republic of the Congo,2013,"3,910,005.38",DEVELOPMENTAL FOOD AID/FOOD SECURITY ASSISTANCE
Democratic Republic of the Congo,2013,"1,049,908.85",DEVELOPMENTAL FOOD AID/FOOD SECURITY ASSISTANCE
Democratic Republic of the Congo,2013,"398,241.29",DISASTER PREVENTION AND PREPAREDNESS
Democratic Republic of the Congo,2013,"1,065,299.98",DISASTER PREVENTION AND PREPAREDNESS
Democratic Republic of the Congo,2013,"2,090,821.13",DISASTER PREVENTION AND PREPAREDNESS
Democratic Republic of the Congo,2013,"362,037.53",DISASTER PREVENTION AND PREPAREDNESS
Djibouti,2013,"554,760,480.11",DISASTER PREVENTION AND PREPAREDNESS
Djibouti,2013,"1,621,868.39",DEVELOPMENTAL FOOD AID/FOOD SECURITY ASSISTANCE
Djibouti,2013,"363,284,171.63",DEVELOPMENTAL FOOD AID/FOOD SECURITY ASSISTANCE
Djibouti,2013,"55,709,389.64",DEVELOPMENTAL FOOD AID/FOOD SECURITY ASSISTANCE
Djibouti,2013,"225,607.31",DEVELOPMENTAL FOOD AID/FOOD SECURITY ASSISTANCE
Djibouti,2013,"17,371,762.90",DEVELOPMENTAL FOOD AID/FOOD SECURITY ASSISTANCE
Dominica,2013,"2,506,747.89",GOVERNMENT AND CIVIL SOCIETY
Dominica,2013,"3,760,121.84",DISASTER PREVENTION AND PREPAREDNESS
Dominica,2013,"10,444.78",DISASTER PREVENTION AND PREPAREDNESS
Dominica,2013,"9,172,987.82",DISASTER PREVENTION AND PREPAREDNESS
Dominica,2013,"9,172,987.82",DISASTER PREVENTION AND PREPAREDNESS
Dominica,2013,"626,686.97",DISASTER PREVENTION AND PREPAREDNESS
Dominica,2013,"725,210.94",DEVELOPMENTAL FOOD AID/FOOD SECURITY ASSISTANCE
Ecuador,2013,"2,256,073,104.38",DEVELOPMENTAL FOOD AID/FOOD SECURITY ASSISTANCE
Ecuador,2013,"789,625,586.53",DEVELOPMENTAL FOOD AID/FOOD SECURITY ASSISTANCE
Ecuador,2013,"10,152,328,969.71",DEVELOPMENTAL FOOD AID/FOOD SECURITY ASSISTANCE
Ecuador,2013,"91,729,878.21",DEVELOPMENTAL FOOD AID/FOOD SECURITY ASSISTANCE
Ecuador,2013,"352,489,952.64",DISASTER PREVENTION AND PREPAREDNESS
Ecuador,2013,"337,148,231.39",DISASTER PREVENTION AND PREPAREDNESS
Ecuador,2013,"4,512,146.21",DISASTER PREVENTION AND PREPAREDNESS
Ecuador,2013,"1,737,176.29",DISASTER PREVENTION AND PREPAREDNESS
Ecuador,2013,"3,669,195.13",DISASTER PREVENTION AND PREPAREDNESS
Ecuador,2013,"5,503,792.69",DEVELOPMENTAL FOOD AID/FOOD SECURITY ASSISTANCE
Egypt,2013,"27,518,963.46",DEVELOPMENTAL FOOD AID/FOOD SECURITY ASSISTANCE
Equatorial Guinea,2013,"21,097,871.99",DEVELOPMENTAL FOOD AID/FOOD SECURITY ASSISTANCE
Equatorial Guinea,2013,"229,160,625.58",DEVELOPMENTAL FOOD AID/FOOD SECURITY ASSISTANCE
Equatorial Guinea,2013,"209,479,948.57",DEVELOPMENTAL FOOD AID/FOOD SECURITY ASSISTANCE
Eritrea,2013,"120,699,911.08",GOVERNMENT AND CIVIL SOCIETY
Ethiopia,2013,"2,809,668,322.73",DISASTER PREVENTION AND PREPAREDNESS
Ethiopia,2013,"330,796,718.93",DISASTER PREVENTION AND PREPAREDNESS
Ethiopia,2013,"1,131,387,287.76",DISASTER PREVENTION AND PREPAREDNESS
Ethiopia,2013,"18,079,613.40",DISASTER PREVENTION AND PREPAREDNESS
Ethiopia,2013,"620,420,103.70",DISASTER PREVENTION AND PREPAREDNESS
Ethiopia,2013,"161,309,226.96",DEVELOPMENTAL FOOD AID/FOOD SECURITY ASSISTANCE
Ethiopia,2013,"266,016,646.81",DEVELOPMENTAL FOOD AID/FOOD SECURITY ASSISTANCE
Ethiopia,2013,"214,326,944.92",DEVELOPMENTAL FOOD AID/FOOD SECURITY ASSISTANCE
Ethiopia,2013,"327,130,600.14",DEVELOPMENTAL FOOD AID/FOOD SECURITY ASSISTANCE
Ethiopia,2013,"327,130,600.14",DEVELOPMENTAL FOOD AID/FOOD SECURITY ASSISTANCE
Ethiopia,2013,"4,653,363.38",DISASTER PREVENTION AND PREPAREDNESS
Ethiopia,2013,"248,699,346.70",DISASTER PREVENTION AND PREPAREDNESS
Ethiopia,2013,"1,106,897,147.20",DISASTER PREVENTION AND PREPAREDNESS
Ethiopia,2013,"1,454,071,828.83",DISASTER PREVENTION AND PREPAREDNESS
Ethiopia,2013,"282,009,138.05",DISASTER PREVENTION AND PREPAREDNESS
Fiji,2013,"2,201,517.08",DEVELOPMENTAL FOOD AID/FOOD SECURITY ASSISTANCE
Fiji,2013,"55,037.93",DEVELOPMENTAL FOOD AID/FOOD SECURITY ASSISTANCE
Fiji,2013,"112,803.66",DEVELOPMENTAL FOOD AID/FOOD SECURITY ASSISTANCE
Fiji,2013,"9,172,987.82",DEVELOPMENTAL FOOD AID/FOOD SECURITY ASSISTANCE
Fiji,2013,"6,296,288.30",DEVELOPMENTAL FOOD AID/FOOD SECURITY ASSISTANCE
Fiji,2013,"5,726,187.82",GOVERNMENT AND CIVIL SOCIETY
French Polynesia,2013,"5,640,182,760.95",DISASTER PREVENTION AND PREPAREDNESS
Gabon,2013,"9,172,987.82",DISASTER PREVENTION AND PREPAREDNESS
Gabon,2013,"871,433.84",DISASTER PREVENTION AND PREPAREDNESS
Gabon,2013,"148,602,402.70",DISASTER PREVENTION AND PREPAREDNESS
Gabon,2013,"9,133,051.84",DISASTER PREVENTION AND PREPAREDNESS
Gabon,2013,"603,028,712.96",DEVELOPMENTAL FOOD AID/FOOD SECURITY ASSISTANCE
Georgia,2013,"5,503,792.69",DEVELOPMENTAL FOOD AID/FOOD SECURITY ASSISTANCE
Ghana,2013,"139,210,170.94",DEVELOPMENTAL FOOD AID/FOOD SECURITY ASSISTANCE
Ghana,2013,"73,383.90",DEVELOPMENTAL FOOD AID/FOOD SECURITY ASSISTANCE
Ghana,2013,"169,205,482.83",DEVELOPMENTAL FOOD AID/FOOD SECURITY ASSISTANCE
Ghana,2013,"7,778,693.67",DISASTER PREVENTION AND PREPAREDNESS
Grenada,2013,"626,686.97",DISASTER PREVENTION AND PREPAREDNESS
Grenada,2013,"5,752,986.42",DISASTER PREVENTION AND PREPAREDNESS
Guinea,2013,"377,497,432.19",DISASTER PREVENTION AND PREPAREDNESS
Guinea,2013,"56,401,827.61",DISASTER PREVENTION AND PREPAREDNESS
Guinea,2013,"40,609,315.88",DISASTER PREVENTION AND PREPAREDNESS
Guinea-Bissau,2013,"1,804,858.48",DISASTER PREVENTION AND PREPAREDNESS
Guinea-Bissau,2013,"2,538,082.24",DISASTER PREVENTION AND PREPAREDNESS
Guinea-Bissau,2013,"5,151,833.18",DISASTER PREVENTION AND PREPAREDNESS
Guyana,2013,"733,839.03",DISASTER PREVENTION AND PREPAREDNESS
Honduras,2013,"335,838,967.98",DEVELOPMENTAL FOOD AID/FOOD SECURITY ASSISTANCE
India,2013,"1,128,036,552.19",DEVELOPMENTAL FOOD AID/FOOD SECURITY ASSISTANCE
India,2013,"81,782,650.03",DEVELOPMENTAL FOOD AID/FOOD SECURITY ASSISTANCE
India,2013,"188,009,852.15",DEVELOPMENTAL FOOD AID/FOOD SECURITY ASSISTANCE
India,2013,"188,009,852.15",DEVELOPMENTAL FOOD AID/FOOD SECURITY ASSISTANCE
India,2013,"338,410,965.66",GOVERNMENT AND CIVIL SOCIETY
Indonesia,2013,"789,625,586.53",DISASTER PREVENTION AND PREPAREDNESS
Indonesia,2013,"131,980,276.61",DISASTER PREVENTION AND PREPAREDNESS
Indonesia,2013,"533,561,289.19",DISASTER PREVENTION AND PREPAREDNESS
Indonesia,2013,"31,847,356.45",DISASTER PREVENTION AND PREPAREDNESS
Indonesia,2013,"15,792,511.73",DISASTER PREVENTION AND PREPAREDNESS
Indonesia,2013,"28,200,913.80",DEVELOPMENTAL FOOD AID/FOOD SECURITY ASSISTANCE
Indonesia,2013,"56,401,827.61",DEVELOPMENTAL FOOD AID/FOOD SECURITY ASSISTANCE
Indonesia,2013,"15,792,511.73",DEVELOPMENTAL FOOD AID/FOOD SECURITY ASSISTANCE
Indonesia,2013,"2,030,465,793.94",DEVELOPMENTAL FOOD AID/FOOD SECURITY ASSISTANCE
Indonesia,2013,"275,189,634.63",DEVELOPMENTAL FOOD AID/FOOD SECURITY ASSISTANCE
Indonesia,2013,"37,869,798.57",DISASTER PREVENTION AND PREPAREDNESS
Indonesia,2013,"40,573,320.53",DISASTER PREVENTION AND PREPAREDNESS
Indonesia,2013,"6,768,219.31",DISASTER PREVENTION AND PREPAREDNESS
Indonesia,2013,"67,682,193.13",DISASTER PREVENTION AND PREPAREDNESS
Indonesia,2013,"1,917,662,138.72",DISASTER PREVENTION AND PREPAREDNESS
Indonesia,2013,"6,768,219.31",DEVELOPMENTAL FOOD AID/FOOD SECURITY ASSISTANCE
Indonesia,2013,"5,640,182.76",DEVELOPMENTAL FOOD AID/FOOD SECURITY ASSISTANCE
Indonesia,2013,"3,238,714.21",DEVELOPMENTAL FOOD AID/FOOD SECURITY ASSISTANCE
Indonesia,2013,"39,481,279.33",DEVELOPMENTAL FOOD AID/FOOD SECURITY ASSISTANCE
Indonesia,2013,"12,295,598.42",DEVELOPMENTAL FOOD AID/FOOD SECURITY ASSISTANCE
Indonesia,2013,"5,397,857.02",GOVERNMENT AND CIVIL SOCIETY
Iran,2013,"42,188,567.05",DISASTER PREVENTION AND PREPAREDNESS
Iran,2013,"681,733,920.25",DISASTER PREVENTION AND PREPAREDNESS
Iran,2013,"91,856,016.44",DISASTER PREVENTION AND PREPAREDNESS
Iraq,2013,"465,879,096.05",DISASTER PREVENTION AND PREPAREDNESS
Jamaica,2013,"338,410,965.66",DISASTER PREVENTION AND PREPAREDNESS
Jamaica,2013,"11,246,083.07",DEVELOPMENTAL FOOD AID/FOOD SECURITY ASSISTANCE
Jamaica,2013,"91,729.88",DEVELOPMENTAL FOOD AID/FOOD SECURITY ASSISTANCE
Jamaica,2013,"7,099,892.57",DEVELOPMENTAL FOOD AID/FOOD SECURITY ASSISTANCE
Jamaica,2013,"18,345,975.64",DEVELOPMENTAL FOOD AID/FOOD SECURITY ASSISTANCE
Jamaica,2013,"479,979,552.96",DEVELOPMENTAL FOOD AID/FOOD SECURITY ASSISTANCE
Jamaica,2013,"36,691,951.28",DISASTER PREVENTION AND PREPAREDNESS
Jamaica,2013,"259,918.59",DISASTER PREVENTION AND PREPAREDNESS
Jamaica,2013,"22,601.62",DISASTER PREVENTION AND PREPAREDNESS
Jamaica,2013,"5,650.40",DISASTER PREVENTION AND PREPAREDNESS
Jamaica,2013,"5,650.40",DISASTER PREVENTION AND PREPAREDNESS
Jordan,2013,"2,751,896.35",DEVELOPMENTAL FOOD AID/FOOD SECURITY ASSISTANCE
Jordan,2013,"225,607.31",DEVELOPMENTAL FOOD AID/FOOD SECURITY ASSISTANCE
Jordan,2013,"225,607.31",DEVELOPMENTAL FOOD AID/FOOD SECURITY ASSISTANCE
Kazakhstan,2013,"451,214,620.88",DEVELOPMENTAL FOOD AID/FOOD SECURITY ASSISTANCE
Kazakhstan,2013,"338,410,965.66",DEVELOPMENTAL FOOD AID/FOOD SECURITY ASSISTANCE
Kazakhstan,2013,"107,253,715.38",GOVERNMENT AND CIVIL SOCIETY
Kazakhstan,2013,"7,670,648.55",DISASTER PREVENTION AND PREPAREDNESS
Kazakhstan,2013,"7,338,390.26",DISASTER PREVENTION AND PREPAREDNESS
Kazakhstan,2013,"71,855.93",DISASTER PREVENTION AND PREPAREDNESS
Kenya,2013,"12,408,402.07",DISASTER PREVENTION AND PREPAREDNESS
Kenya,2013,"1,048,012.14",DISASTER PREVENTION AND PREPAREDNESS
Kenya,2013,"18,602,215.53",DEVELOPMENTAL FOOD AID/FOOD SECURITY ASSISTANCE
Kenya,2013,"36,680,424.99",DEVELOPMENTAL FOOD AID/FOOD SECURITY ASSISTANCE
Kenya,2013,"33,798,391.59",DEVELOPMENTAL FOOD AID/FOOD SECURITY ASSISTANCE
Kenya,2013,"146,944,208.75",DEVELOPMENTAL FOOD AID/FOOD SECURITY ASSISTANCE
Kenya,2013,"39,300,455.34",DEVELOPMENTAL FOOD AID/FOOD SECURITY ASSISTANCE
Kenya,2013,"78,780,039.78",DISASTER PREVENTION AND PREPAREDNESS
Kenya,2013,"90,242,924.18",DISASTER PREVENTION AND PREPAREDNESS
Kenya,2013,"61,477,992.09",DISASTER PREVENTION AND PREPAREDNESS
Kyrgyz Republic,2013,"435,422,109.15",DISASTER PREVENTION AND PREPAREDNESS
Kyrgyz Republic,2013,"451,202,258.72",DISASTER PREVENTION AND PREPAREDNESS
Kyrgyz Republic,2013,"11,280,365.52",DEVELOPMENTAL FOOD AID/FOOD SECURITY ASSISTANCE
Kyrgyz Republic,2013,"36,886,795.26",DEVELOPMENTAL FOOD AID/FOOD SECURITY ASSISTANCE
Kyrgyz Republic,2013,"338,410,965.66",DEVELOPMENTAL FOOD AID/FOOD SECURITY ASSISTANCE
Lao People's Democratic Republic,2013,"18,345,975.64",DEVELOPMENTAL FOOD AID/FOOD SECURITY ASSISTANCE
Lao People's Democratic Republic,2013,"55,037,926.93",DEVELOPMENTAL FOOD AID/FOOD SECURITY ASSISTANCE
Lao People's Democratic Republic,2013,"36,691,951.28",GOVERNMENT AND CIVIL SOCIETY
Lao People's Democratic Republic,2013,"105,122,440.43",DISASTER PREVENTION AND PREPAREDNESS
Lao People's Democratic Republic,2013,"225,607.31",DISASTER PREVENTION AND PREPAREDNESS
Lao People's Democratic Republic,2013,"11,280.37",DISASTER PREVENTION AND PREPAREDNESS
Lao People's Democratic Republic,2013,"744,504,124.45",DISASTER PREVENTION AND PREPAREDNESS
Lao People's Democratic Republic,2013,"40,287,020.04",DISASTER PREVENTION AND PREPAREDNESS
Lao People's Democratic Republic,2013,"36,691,951.28",DEVELOPMENTAL FOOD AID/FOOD SECURITY ASSISTANCE
Lao People's Democratic Republic,2013,"33,274,258.20",DEVELOPMENTAL FOOD AID/FOOD SECURITY ASSISTANCE
Lao People's Democratic Republic,2013,"7,760,347.70",DEVELOPMENTAL FOOD AID/FOOD SECURITY ASSISTANCE
Lebanon,2013,"5,391,864.92",DEVELOPMENTAL FOOD AID/FOOD SECURITY ASSISTANCE
Lebanon,2013,"9,172,987.82",DEVELOPMENTAL FOOD AID/FOOD SECURITY ASSISTANCE
Lebanon,2013,"9,172,987.82",DISASTER PREVENTION AND PREPAREDNESS
Lebanon,2013,"676,821.93",DISASTER PREVENTION AND PREPAREDNESS
Liberia,2013,"19,176,621.39",DISASTER PREVENTION AND PREPAREDNESS
Liberia,2013,"56,401.83",DISASTER PREVENTION AND PREPAREDNESS
Liberia,2013,"338,410.97",DISASTER PREVENTION AND PREPAREDNESS
Liberia,2013,"564,018.28",DEVELOPMENTAL FOOD AID/FOOD SECURITY ASSISTANCE
Liberia,2013,"20,304,657.94",DEVELOPMENTAL FOOD AID/FOOD SECURITY ASSISTANCE
Liberia,2013,"564,018,276.09",DEVELOPMENTAL FOOD AID/FOOD SECURITY ASSISTANCE
Madagascar,2013,"22,015,170.77",DEVELOPMENTAL FOOD AID/FOOD SECURITY ASSISTANCE
Malawi,2013,"81,417,238.38",DEVELOPMENTAL FOOD AID/FOOD SECURITY ASSISTANCE
Malawi,2013,"20,427.72",GOVERNMENT AND CIVIL SOCIETY
Malawi,2013,"92,853.29",DISASTER PREVENTION AND PREPAREDNESS
Malaysia,2013,"191,766,213.87",DISASTER PREVENTION AND PREPAREDNESS
Malaysia,2013,"1,128,036,552.19",DISASTER PREVENTION AND PREPAREDNESS
Maldives,2013,"9,172,987.82",DISASTER PREVENTION AND PREPAREDNESS
Maldives,2013,"4,403,034.15",DISASTER PREVENTION AND PREPAREDNESS
Mali,2013,"63,703,036.61",DEVELOPMENTAL FOOD AID/FOOD SECURITY ASSISTANCE
Mali,2013,"9,133,051.84",DEVELOPMENTAL FOOD AID/FOOD SECURITY ASSISTANCE
Mali,2013,"390,095,476.88",DEVELOPMENTAL FOOD AID/FOOD SECURITY ASSISTANCE
Mali,2013,"11,416.31",DEVELOPMENTAL FOOD AID/FOOD SECURITY ASSISTANCE
Mali,2013,"594,791.43",DEVELOPMENTAL FOOD AID/FOOD SECURITY ASSISTANCE
Mali,2013,"17,318,601.01",DISASTER PREVENTION AND PREPAREDNESS
Marshall Islands,2013,"67,682,193.13",DISASTER PREVENTION AND PREPAREDNESS
Marshall Islands,2013,"13,536,438.63",DISASTER PREVENTION AND PREPAREDNESS
Marshall Islands,2013,"13,536,438.63",DISASTER PREVENTION AND PREPAREDNESS
Marshall Islands,2013,"77,834,522.10",DISASTER PREVENTION AND PREPAREDNESS
Marshall Islands,2013,"45,121,462.09",DISASTER PREVENTION AND PREPAREDNESS
Marshall Islands,2013,"45,121,462.09",DISASTER PREVENTION AND PREPAREDNESS
Mauritania,2013,"145,516,715.23",DISASTER PREVENTION AND PREPAREDNESS
Mauritania,2013,"147,772,788.34",DISASTER PREVENTION AND PREPAREDNESS
Mauritania,2013,"156,007,455.17",DISASTER PREVENTION AND PREPAREDNESS
Mauritania,2013,"36,691,951.28",DEVELOPMENTAL FOOD AID/FOOD SECURITY ASSISTANCE
Mauritania,2013,"25,684,365.90",DEVELOPMENTAL FOOD AID/FOOD SECURITY ASSISTANCE
Mauritania,2013,"18,345,975.64",DEVELOPMENTAL FOOD AID/FOOD SECURITY ASSISTANCE
Mauritania,2013,"53,203,329.36",DEVELOPMENTAL FOOD AID/FOOD SECURITY ASSISTANCE
Mauritania,2013,"28,426,521.12",DEVELOPMENTAL FOOD AID/FOOD SECURITY ASSISTANCE
Mauritius,2013,"192,632.74",GOVERNMENT AND CIVIL SOCIETY
Mauritius,2013,"9,172,987.82",DISASTER PREVENTION AND PREPAREDNESS
Mexico,2013,"1,128,036,552.19",DISASTER PREVENTION AND PREPAREDNESS
Micronesia,2013,"11,062,623.31",DISASTER PREVENTION AND PREPAREDNESS
Moldova,2013,"3,669,195.13",DISASTER PREVENTION AND PREPAREDNESS
Moldova,2013,"9,172,987.82",DISASTER PREVENTION AND PREPAREDNESS
Mongolia,2013,"1,100,758,538.53",DEVELOPMENTAL FOOD AID/FOOD SECURITY ASSISTANCE
Mongolia,2013,"56,401,827.61",DEVELOPMENTAL FOOD AID/FOOD SECURITY ASSISTANCE
Mongolia,2013,"85,617,974.31",DEVELOPMENTAL FOOD AID/FOOD SECURITY ASSISTANCE
Montenegro,2013,"52,340,896.02",DEVELOPMENTAL FOOD AID/FOOD SECURITY ASSISTANCE
Montenegro,2013,"1,742,867.69",DEVELOPMENTAL FOOD AID/FOOD SECURITY ASSISTANCE
Montenegro,2013,"1,834,597.56",DISASTER PREVENTION AND PREPAREDNESS
Morocco,2013,"3,669,195.13",DISASTER PREVENTION AND PREPAREDNESS
Morocco,2013,"7,338,390.26",DISASTER PREVENTION AND PREPAREDNESS
Mozambique,2013,"1,804,858.48",DISASTER PREVENTION AND PREPAREDNESS
Mozambique,2013,"25,944,840.70",DISASTER PREVENTION AND PREPAREDNESS
Mozambique,2013,"120,349,600.21",DEVELOPMENTAL FOOD AID/FOOD SECURITY ASSISTANCE
Mozambique,2013,"5,611,097.72",DEVELOPMENTAL FOOD AID/FOOD SECURITY ASSISTANCE
Mozambique,2013,"221,095,164.23",DEVELOPMENTAL FOOD AID/FOOD SECURITY ASSISTANCE
Mozambique,2013,"207,558,725.60",DEVELOPMENTAL FOOD AID/FOOD SECURITY ASSISTANCE
Mozambique,2013,"156,797,080.75",DEVELOPMENTAL FOOD AID/FOOD SECURITY ASSISTANCE
Mozambique,2013,"135,364,386.26",GOVERNMENT AND CIVIL SOCIETY
Mozambique,2013,"133,108,313.16",DISASTER PREVENTION AND PREPAREDNESS
Mozambique,2013,"81,050,725.77",DISASTER PREVENTION AND PREPAREDNESS
Mozambique,2013,"564,018.28",DISASTER PREVENTION AND PREPAREDNESS
Mozambique,2013,"1,804,858.48",DISASTER PREVENTION AND PREPAREDNESS
Multi-Region,2013,"3,384,109,656.57",DISASTER PREVENTION AND PREPAREDNESS
Myanmar,2013,"36,097,169.67",DEVELOPMENTAL FOOD AID/FOOD SECURITY ASSISTANCE
Myanmar,2013,"33,841.10",DEVELOPMENTAL FOOD AID/FOOD SECURITY ASSISTANCE
Myanmar,2013,"54,893,642.74",DEVELOPMENTAL FOOD AID/FOOD SECURITY ASSISTANCE
Myanmar,2013,"115,037,167.59",DEVELOPMENTAL FOOD AID/FOOD SECURITY ASSISTANCE
Myanmar,2013,"48,645,448.28",DEVELOPMENTAL FOOD AID/FOOD SECURITY ASSISTANCE
Myanmar,2013,"18,508,823.75",DISASTER PREVENTION AND PREPAREDNESS
Myanmar,2013,"16,920.55",DISASTER PREVENTION AND PREPAREDNESS
Myanmar,2013,"112,803,655.22",DISASTER PREVENTION AND PREPAREDNESS
Myanmar,2013,"64,298,083.47",DISASTER PREVENTION AND PREPAREDNESS
Namibia,2013,"87,659.08",DISASTER PREVENTION AND PREPAREDNESS
Namibia,2013,"27,518,963.46",DEVELOPMENTAL FOOD AID/FOOD SECURITY ASSISTANCE
Namibia,2013,"90,242,924.18",DEVELOPMENTAL FOOD AID/FOOD SECURITY ASSISTANCE
Namibia,2013,"13,550.94",DEVELOPMENTAL FOOD AID/FOOD SECURITY ASSISTANCE
Namibia,2013,"7,977.48",DEVELOPMENTAL FOOD AID/FOOD SECURITY ASSISTANCE
Namibia,2013,"11,593.81",DEVELOPMENTAL FOOD AID/FOOD SECURITY ASSISTANCE
Namibia,2013,"225,607.31",GOVERNMENT AND CIVIL SOCIETY
Nepal,2013,"1,834,597.56",DISASTER PREVENTION AND PREPAREDNESS
Nepal,2013,"10,824,125.63",DISASTER PREVENTION AND PREPAREDNESS
Nepal,2013,"40,140,994.71",DISASTER PREVENTION AND PREPAREDNESS
Nepal,2013,"33,022,756.16",DISASTER PREVENTION AND PREPAREDNESS
Nepal,2013,"36,691,951.28",DISASTER PREVENTION AND PREPAREDNESS
Nicaragua,2013,"5,640,182.76",DEVELOPMENTAL FOOD AID/FOOD SECURITY ASSISTANCE
Niger,2013,"56,872,524.49",DEVELOPMENTAL FOOD AID/FOOD SECURITY ASSISTANCE
Niger,2013,"1,128,036,552.19",DEVELOPMENTAL FOOD AID/FOOD SECURITY ASSISTANCE
Niger,2013,"165,113.78",DEVELOPMENTAL FOOD AID/FOOD SECURITY ASSISTANCE
Niger,2013,"84,852,927.58",DEVELOPMENTAL FOOD AID/FOOD SECURITY ASSISTANCE
Niger,2013,"225,607,310.44",DISASTER PREVENTION AND PREPAREDNESS
Niger,2013,"43,381,996.26",DISASTER PREVENTION AND PREPAREDNESS
Niger,2013,"45,864,939.11",DISASTER PREVENTION AND PREPAREDNESS
Nigeria,2013,"112,803,655.22",DISASTER PREVENTION AND PREPAREDNESS
Nigeria,2013,"564,018,276.09",DISASTER PREVENTION AND PREPAREDNESS
Nigeria,2013,"1,110,348,939.05",DEVELOPMENTAL FOOD AID/FOOD SECURITY ASSISTANCE
Nigeria,2013,"6,768,219,313.14",DEVELOPMENTAL FOOD AID/FOOD SECURITY ASSISTANCE
Nigeria,2013,"14,167.33",DEVELOPMENTAL FOOD AID/FOOD SECURITY ASSISTANCE
Nigeria,2013,"112,803,655.22",DEVELOPMENTAL FOOD AID/FOOD SECURITY ASSISTANCE
Nigeria,2013,"564,018,276.09",DEVELOPMENTAL FOOD AID/FOOD SECURITY ASSISTANCE
Nigeria,2013,"338,410,965.66",GOVERNMENT AND CIVIL SOCIETY
Nigeria,2013,"112,803,655.22",DISASTER PREVENTION AND PREPAREDNESS
Nigeria,2013,"112,803,655.22",DISASTER PREVENTION AND PREPAREDNESS
Nigeria,2013,"112,803,655.22",DISASTER PREVENTION AND PREPAREDNESS
Nigeria,2013,"1,128,036.55",DISASTER PREVENTION AND PREPAREDNESS
North Macedonia,2013,"314,016,128.38",DISASTER PREVENTION AND PREPAREDNESS
North Macedonia,2013,"569,709,183.25",DEVELOPMENTAL FOOD AID/FOOD SECURITY ASSISTANCE
Pakistan,2013,"1,192,488,416.74",DEVELOPMENTAL FOOD AID/FOOD SECURITY ASSISTANCE
Pakistan,2013,"564,018,276.09",DEVELOPMENTAL FOOD AID/FOOD SECURITY ASSISTANCE
Pakistan,2013,"505,360,375.38",DEVELOPMENTAL FOOD AID/FOOD SECURITY ASSISTANCE
Pakistan,2013,"1,692,054.83",DEVELOPMENTAL FOOD AID/FOOD SECURITY ASSISTANCE
Pakistan,2013,"5,503,792.69",DISASTER PREVENTION AND PREPAREDNESS
Pakistan,2013,"3,669,195.13",DISASTER PREVENTION AND PREPAREDNESS
Pakistan,2013,"1,692,054.83",DISASTER PREVENTION AND PREPAREDNESS
Pakistan,2013,"450,650,602.60",DISASTER PREVENTION AND PREPAREDNESS
Pakistan,2013,"121,600,949.46",DISASTER PREVENTION AND PREPAREDNESS
Pakistan,2013,"91,729,878.21",DEVELOPMENTAL FOOD AID/FOOD SECURITY ASSISTANCE
Panama,2013,"66,663,237.71",DEVELOPMENTAL FOOD AID/FOOD SECURITY ASSISTANCE
Papua New Guinea,2013,"1,834,597.56",DEVELOPMENTAL FOOD AID/FOOD SECURITY ASSISTANCE
Papua New Guinea,2013,"87,242,215.53",DEVELOPMENTAL FOOD AID/FOOD SECURITY ASSISTANCE
Papua New Guinea,2013,"135,364,386.26",DEVELOPMENTAL FOOD AID/FOOD SECURITY ASSISTANCE
Papua New Guinea,2013,"28,595,726.60",GOVERNMENT AND CIVIL SOCIETY
Papua New Guinea,2013,"12,842,182.95",DISASTER PREVENTION AND PREPAREDNESS
Papua New Guinea,2013,"421,885.67",DISASTER PREVENTION AND PREPAREDNESS
Papua New Guinea,2013,"129,941,302.91",DISASTER PREVENTION AND PREPAREDNESS
Peru,2013,"472,647,315.37",DISASTER PREVENTION AND PREPAREDNESS
Peru,2013,"7,338,390.26",DISASTER PREVENTION AND PREPAREDNESS
Peru,2013,"100,902.87",DEVELOPMENTAL FOOD AID/FOOD SECURITY ASSISTANCE
Peru,2013,"3,852,654.88",DEVELOPMENTAL FOOD AID/FOOD SECURITY ASSISTANCE
Peru,2013,"20,865.25",DEVELOPMENTAL FOOD AID/FOOD SECURITY ASSISTANCE
Peru,2013,"13,536,438.63",DEVELOPMENTAL FOOD AID/FOOD SECURITY ASSISTANCE
Peru,2013,"10,152,328.97",DEVELOPMENTAL FOOD AID/FOOD SECURITY ASSISTANCE
Philippines,2013,"112,803.66",DISASTER PREVENTION AND PREPAREDNESS
Philippines,2013,"1,834,597.56",DISASTER PREVENTION AND PREPAREDNESS
Philippines,2013,"112,803.66",DISASTER PREVENTION AND PREPAREDNESS
Philippines,2013,"10,434,338.11",DISASTER PREVENTION AND PREPAREDNESS
Philippines,2013,"63,170,046.92",DISASTER PREVENTION AND PREPAREDNESS
Romania,2013,"74,887,012.72",DISASTER PREVENTION AND PREPAREDNESS
Romania,2013,"78,337,315.99",DISASTER PREVENTION AND PREPAREDNESS
Romania,2013,"56,914,129.66",DISASTER PREVENTION AND PREPAREDNESS
Russia,2013,"2,256,073,104.38",DISASTER PREVENTION AND PREPAREDNESS
Russia,2013,"1,001,978,467.48",DISASTER PREVENTION AND PREPAREDNESS
Russia,2013,"789,625,586.53",DEVELOPMENTAL FOOD AID/FOOD SECURITY ASSISTANCE
Russia,2013,"902,429,241.75",DEVELOPMENTAL FOOD AID/FOOD SECURITY ASSISTANCE
Russia,2013,"65,426,120.03",DEVELOPMENTAL FOOD AID/FOOD SECURITY ASSISTANCE
Russia,2013,"2,256,073,104.38",DEVELOPMENTAL FOOD AID/FOOD SECURITY ASSISTANCE
Russia,2013,"161,148,077.92",DEVELOPMENTAL FOOD AID/FOOD SECURITY ASSISTANCE
Russia,2013,"5,640,182,760.95",GOVERNMENT AND CIVIL SOCIETY
Russia,2013,"450,963,068.72",DISASTER PREVENTION AND PREPAREDNESS
Russia,2013,"37,225,206,222.26",DISASTER PREVENTION AND PREPAREDNESS
Russia,2013,"161,148,077.92",DISASTER PREVENTION AND PREPAREDNESS
Russia,2013,"37,601,218.40",DISASTER PREVENTION AND PREPAREDNESS
Russia,2013,"37,601,218.40",DISASTER PREVENTION AND PREPAREDNESS
Russia,2013,"95,178,084.09",DEVELOPMENTAL FOOD AID/FOOD SECURITY ASSISTANCE
Russia,2013,"25,637,194.37",DEVELOPMENTAL FOOD AID/FOOD SECURITY ASSISTANCE
Russia,2013,"902,429,241.75",DEVELOPMENTAL FOOD AID/FOOD SECURITY ASSISTANCE
Rwanda,2013,"8,679,302.55",DEVELOPMENTAL FOOD AID/FOOD SECURITY ASSISTANCE
Rwanda,2013,"1,831,931.36",DEVELOPMENTAL FOOD AID/FOOD SECURITY ASSISTANCE
Rwanda,2013,"9,172,987.82",DISASTER PREVENTION AND PREPAREDNESS
Rwanda,2013,"724,542.39",DISASTER PREVENTION AND PREPAREDNESS
Rwanda,2013,"36,548.38",DISASTER PREVENTION AND PREPAREDNESS
Samoa,2013,"1,466,447.52",DISASTER PREVENTION AND PREPAREDNESS
Senegal,2013,"18,712,895.16",DISASTER PREVENTION AND PREPAREDNESS
Senegal,2013,"156,007,455.17",DEVELOPMENTAL FOOD AID/FOOD SECURITY ASSISTANCE
Senegal,2013,"273,991.56",DEVELOPMENTAL FOOD AID/FOOD SECURITY ASSISTANCE
Senegal,2013,"913,305.18",DEVELOPMENTAL FOOD AID/FOOD SECURITY ASSISTANCE
Senegal,2013,"1,369,957.78",DEVELOPMENTAL FOOD AID/FOOD SECURITY ASSISTANCE
Serbia,2013,"5,503,792.69",DEVELOPMENTAL FOOD AID/FOOD SECURITY ASSISTANCE
Serbia,2013,"339,539,002.21",GOVERNMENT AND CIVIL SOCIETY
Serbia,2013,"23,963,844.07",DISASTER PREVENTION AND PREPAREDNESS
Seychelles,2013,"5,604,088.51",DISASTER PREVENTION AND PREPAREDNESS
Seychelles,2013,"3,384.11",DISASTER PREVENTION AND PREPAREDNESS
Sierra Leone,2013,"1,804,858.48",DISASTER PREVENTION AND PREPAREDNESS
Sierra Leone,2013,"3,384.11",DISASTER PREVENTION AND PREPAREDNESS
Sierra Leone,2013,"366,919.51",DEVELOPMENTAL FOOD AID/FOOD SECURITY ASSISTANCE
Sierra Leone,2013,"45,864,939.11",DEVELOPMENTAL FOOD AID/FOOD SECURITY ASSISTANCE
Sierra Leone,2013,"50,761,644.85",DEVELOPMENTAL FOOD AID/FOOD SECURITY ASSISTANCE
Sierra Leone,2013,"3,260,716.69",DEVELOPMENTAL FOOD AID/FOOD SECURITY ASSISTANCE
South Africa,2013,"5,640,182,760.95",DEVELOPMENTAL FOOD AID/FOOD SECURITY ASSISTANCE
South Africa,2013,"1,168,787,743.75",DISASTER PREVENTION AND PREPAREDNESS
South Africa,2013,"507,616,448.49",DISASTER PREVENTION AND PREPAREDNESS
South Africa,2013,"59,898,740.92",DISASTER PREVENTION AND PREPAREDNESS
South Africa,2013,"4,219,574.40",DISASTER PREVENTION AND PREPAREDNESS
South Africa,2013,"84,602,741.41",DISASTER PREVENTION AND PREPAREDNESS
South Sudan,2013,"564,018.28",DEVELOPMENTAL FOOD AID/FOOD SECURITY ASSISTANCE
South Sudan,2013,"169,205,482.83",DEVELOPMENTAL FOOD AID/FOOD SECURITY ASSISTANCE
South Sudan,2013,"56,401.83",DEVELOPMENTAL FOOD AID/FOOD SECURITY ASSISTANCE
South Sudan,2013,"48,505,571.74",DEVELOPMENTAL FOOD AID/FOOD SECURITY ASSISTANCE
South Sudan,2013,"26,508,858.98",DEVELOPMENTAL FOOD AID/FOOD SECURITY ASSISTANCE
South Sudan,2013,"57,529,864.16",GOVERNMENT AND CIVIL SOCIETY
South Sudan,2013,"225,607,310.44",DISASTER PREVENTION AND PREPAREDNESS
Sri Lanka,2013,"225,607,310.44",DISASTER PREVENTION AND PREPAREDNESS
Sri Lanka,2013,"93,197,556.26",DISASTER PREVENTION AND PREPAREDNESS
Sri Lanka,2013,"18,048,584.84",DISASTER PREVENTION AND PREPAREDNESS
Sri Lanka,2013,"158,253,283.56",DISASTER PREVENTION AND PREPAREDNESS
Sri Lanka,2013,"55,273,791.06",DEVELOPMENTAL FOOD AID/FOOD SECURITY ASSISTANCE
Sri Lanka,2013,"78,624,147.69",DEVELOPMENTAL FOOD AID/FOOD SECURITY ASSISTANCE
Sri Lanka,2013,"174,708.58",DEVELOPMENTAL FOOD AID/FOOD SECURITY ASSISTANCE
Sri Lanka,2013,"89,347,983.50",DEVELOPMENTAL FOOD AID/FOOD SECURITY ASSISTANCE
Sri Lanka,2013,"36,691,951.28",DEVELOPMENTAL FOOD AID/FOOD SECURITY ASSISTANCE
Sudan,2013,"72,253.88",DISASTER PREVENTION AND PREPAREDNESS
Sudan,2013,"12,042.31",DISASTER PREVENTION AND PREPAREDNESS
Sudan,2013,"56,401,827.61",DISASTER PREVENTION AND PREPAREDNESS
Suriname,2013,"56,401,827.61",DISASTER PREVENTION AND PREPAREDNESS
Suriname,2013,"1,917,662.14",DISASTER PREVENTION AND PREPAREDNESS
Suriname,2013,"550,379.27",DEVELOPMENTAL FOOD AID/FOOD SECURITY ASSISTANCE
Syrian Arab Republic,2013,"2,256,073.10",DEVELOPMENTAL FOOD AID/FOOD SECURITY ASSISTANCE
Tajikistan,2013,"157,925,117.31",DEVELOPMENTAL FOOD AID/FOOD SECURITY ASSISTANCE
Tajikistan,2013,"36,691,951.28",DEVELOPMENTAL FOOD AID/FOOD SECURITY ASSISTANCE
Tajikistan,2013,"39,530,144.74",DEVELOPMENTAL FOOD AID/FOOD SECURITY ASSISTANCE
Tajikistan,2013,"9,430,385.58",GOVERNMENT AND CIVIL SOCIETY
Tajikistan,2013,"1,379,860.56",DISASTER PREVENTION AND PREPAREDNESS
Tajikistan,2013,"6,054,171.96",DISASTER PREVENTION AND PREPAREDNESS
Tajikistan,2013,"14,145,578.36",DISASTER PREVENTION AND PREPAREDNESS
Tajikistan,2013,"10,714,049.78",DISASTER PREVENTION AND PREPAREDNESS
Tajikistan,2013,"13,388,893.02",DISASTER PREVENTION AND PREPAREDNESS
Tajikistan,2013,"22,560,731.04",DEVELOPMENTAL FOOD AID/FOOD SECURITY ASSISTANCE
Tajikistan,2013,"3,669,195.13",DEVELOPMENTAL FOOD AID/FOOD SECURITY ASSISTANCE
Tanzania,2013,"5,580.39",DEVELOPMENTAL FOOD AID/FOOD SECURITY ASSISTANCE
Tanzania,2013,"105,775,987.50",DEVELOPMENTAL FOOD AID/FOOD SECURITY ASSISTANCE
Tanzania,2013,"4,060,931.59",DEVELOPMENTAL FOOD AID/FOOD SECURITY ASSISTANCE
Tanzania,2013,"225,607,310.44",DISASTER PREVENTION AND PREPAREDNESS
Tanzania,2013,"36,272,540.93",DISASTER PREVENTION AND PREPAREDNESS
Tanzania,2013,"18,136,270.47",DISASTER PREVENTION AND PREPAREDNESS
Tanzania,2013,"906,813.52",DISASTER PREVENTION AND PREPAREDNESS
Tanzania,2013,"27,901.95",DISASTER PREVENTION AND PREPAREDNESS
Tanzania,2013,"21,432,694.49",DEVELOPMENTAL FOOD AID/FOOD SECURITY ASSISTANCE
Tanzania,2013,"338,410.97",DEVELOPMENTAL FOOD AID/FOOD SECURITY ASSISTANCE
Tanzania,2013,"39,902,497.02",DEVELOPMENTAL FOOD AID/FOOD SECURITY ASSISTANCE
Tanzania,2013,"7,605,532.91",DEVELOPMENTAL FOOD AID/FOOD SECURITY ASSISTANCE
Tanzania,2013,"18,345,975.64",DEVELOPMENTAL FOOD AID/FOOD SECURITY ASSISTANCE
Thailand,2013,"91,729,878.21",GOVERNMENT AND CIVIL SOCIETY
Thailand,2013,"425,908,423.04",DISASTER PREVENTION AND PREPAREDNESS
Thailand,2013,"20,733,311.83",DISASTER PREVENTION AND PREPAREDNESS
Timor-Leste,2013,"239,603.86",DISASTER PREVENTION AND PREPAREDNESS
Timor-Leste,2013,"14,676,780.51",DISASTER PREVENTION AND PREPAREDNESS
Timor-Leste,2013,"2,583,437.83",DISASTER PREVENTION AND PREPAREDNESS
Togo,2013,"33,022,756.16",DEVELOPMENTAL FOOD AID/FOOD SECURITY ASSISTANCE
Togo,2013,"9,172,987.82",DEVELOPMENTAL FOOD AID/FOOD SECURITY ASSISTANCE
Togo,2013,"275,189.63",DEVELOPMENTAL FOOD AID/FOOD SECURITY ASSISTANCE
Tonga,2013,"15,927,876.12",DEVELOPMENTAL FOOD AID/FOOD SECURITY ASSISTANCE
Tonga,2013,"18,345,975.64",DEVELOPMENTAL FOOD AID/FOOD SECURITY ASSISTANCE
Tonga,2013,"9,172,987.82",DISASTER PREVENTION AND PREPAREDNESS
Tonga,2013,"91,729.88",DISASTER PREVENTION AND PREPAREDNESS
Trinidad and Tobago,2013,"183,459.76",DISASTER PREVENTION AND PREPAREDNESS
Trinidad and Tobago,2013,"181,625,158.86",DISASTER PREVENTION AND PREPAREDNESS
Trinidad and Tobago,2013,"147,228,729.80",DISASTER PREVENTION AND PREPAREDNESS
Trinidad and Tobago,2013,"95,883,106.94",DISASTER PREVENTION AND PREPAREDNESS
Trinidad and Tobago,2013,"9,172,987.82",DISASTER PREVENTION AND PREPAREDNESS
Tunisia,2013,"14,676,780.51",DISASTER PREVENTION AND PREPAREDNESS
Tunisia,2013,"25,681,424.39",DISASTER PREVENTION AND PREPAREDNESS
Turkey,2013,"141,004,569.02",DISASTER PREVENTION AND PREPAREDNESS
Turkey,2013,"1,128,036.55",DEVELOPMENTAL FOOD AID/FOOD SECURITY ASSISTANCE
Uganda,2013,"9,172,987.82",DEVELOPMENTAL FOOD AID/FOOD SECURITY ASSISTANCE
Ukraine,2013,"1,834,597.56",DEVELOPMENTAL FOOD AID/FOOD SECURITY ASSISTANCE
Ukraine,2013,"16,920,548,282.85",DEVELOPMENTAL FOOD AID/FOOD SECURITY ASSISTANCE
Ukraine,2013,"3,669,195.13",DEVELOPMENTAL FOOD AID/FOOD SECURITY ASSISTANCE
Ukraine,2013,"14,676,780.51",GOVERNMENT AND CIVIL SOCIETY
Uruguay,2013,"564,018.28",DISASTER PREVENTION AND PREPAREDNESS
Uzbekistan,2013,"124,084,020.74",DISASTER PREVENTION AND PREPAREDNESS
Uzbekistan,2013,"112,803,655.22",DISASTER PREVENTION AND PREPAREDNESS
Uzbekistan,2013,"421,660,063.21",DISASTER PREVENTION AND PREPAREDNESS
Uzbekistan,2013,"394,812,793.27",DISASTER PREVENTION AND PREPAREDNESS
Uzbekistan,2013,"1,353,643,862.63",DEVELOPMENTAL FOOD AID/FOOD SECURITY ASSISTANCE
Uzbekistan,2013,"225,607,310.44",DEVELOPMENTAL FOOD AID/FOOD SECURITY ASSISTANCE
Vanuatu,2013,"16,480,614.03",DEVELOPMENTAL FOOD AID/FOOD SECURITY ASSISTANCE
Vanuatu,2013,"1,353,643.86",DEVELOPMENTAL FOOD AID/FOOD SECURITY ASSISTANCE
Vanuatu,2013,"91,370.96",DEVELOPMENTAL FOOD AID/FOOD SECURITY ASSISTANCE
Venezuela,2013,"4,529,066,757.04",DISASTER PREVENTION AND PREPAREDNESS
Venezuela,2013,"5,640,182,760.95",DISASTER PREVENTION AND PREPAREDNESS
Venezuela,2013,"441,062,291.91",DISASTER PREVENTION AND PREPAREDNESS
Venezuela,2013,"789,625,586.53",DISASTER PREVENTION AND PREPAREDNESS
Venezuela,2013,"5,640,182,760.95",DISASTER PREVENTION AND PREPAREDNESS
Viet Nam,2013,"33,841,096.57",DEVELOPMENTAL FOOD AID/FOOD SECURITY ASSISTANCE
Viet Nam,2013,"31,585,023.46",DEVELOPMENTAL FOOD AID/FOOD SECURITY ASSISTANCE
Viet Nam,2013,"55,037,926.93",DEVELOPMENTAL FOOD AID/FOOD SECURITY ASSISTANCE
Viet Nam,2013,"30,456,986.91",DEVELOPMENTAL FOOD AID/FOOD SECURITY ASSISTANCE
Viet Nam,2013,"30,456,986.91",DEVELOPMENTAL FOOD AID/FOOD SECURITY ASSISTANCE
Viet Nam,2013,"30,456,986.91",GOVERNMENT AND CIVIL SOCIETY
Viet Nam,2013,"64,241,681.65",DISASTER PREVENTION AND PREPAREDNESS
Yemen,2013,"5,640,182.76",DISASTER PREVENTION AND PREPAREDNESS
Yemen,2013,"18,345,975.64",DISASTER PREVENTION AND PREPAREDNESS
Yemen,2013,"36,691,951.28",DISASTER PREVENTION AND PREPAREDNESS
Yemen,2013,"573,042,568.51",DISASTER PREVENTION AND PREPAREDNESS
Zambia,2013,"49,859,215.61",DEVELOPMENTAL FOOD AID/FOOD SECURITY ASSISTANCE
Zambia,2013,"205,108,007.68",DEVELOPMENTAL FOOD AID/FOOD SECURITY ASSISTANCE
Zambia,2013,"1,651,137.81",DEVELOPMENTAL FOOD AID/FOOD SECURITY ASSISTANCE
Zambia,2013,"12,475,263.44",DEVELOPMENTAL FOOD AID/FOOD SECURITY ASSISTANCE
Zambia,2013,"198,444,190.26",DEVELOPMENTAL FOOD AID/FOOD SECURITY ASSISTANCE
Zambia,2013,"333,673,212.14",DISASTER PREVENTION AND PREPAREDNESS
Zambia,2013,"9,024,292.42",DISASTER PREVENTION AND PREPAREDNESS
Zambia,2013,"5,235.04",DISASTER PREVENTION AND PREPAREDNESS
Zambia,2013,"18,345,975.64",DISASTER PREVENTION AND PREPAREDNESS
Zimbabwe,2013,"18,048,584.84",DISASTER PREVENTION AND PREPAREDNESS
Zimbabwe,2013,"11,007,585.39",DEVELOPMENTAL FOOD AID/FOOD SECURITY ASSISTANCE
Zimbabwe,2013,"2,256,073.10",DEVELOPMENTAL FOOD AID/FOOD SECURITY ASSISTANCE
Zimbabwe,2013,"18,048,584.84",DEVELOPMENTAL FOOD AID/FOOD SECURITY ASSISTANCE
Zimbabwe,2013,"67,682.19",DEVELOPMENTAL FOOD AID/FOOD SECURITY ASSISTANCE
Zimbabwe,2013,"11,844,383.80",DEVELOPMENTAL FOOD AID/FOOD SECURITY ASSISTANCE
Zimbabwe,2013,"11,280.37",GOVERNMENT AND CIVIL SOCIETY
Zimbabwe,2013,"112,803,655.22",DISASTER PREVENTION AND PREPAREDNESS
Zimbabwe,2013,"360,357,955.70",DISASTER PREVENTION AND PREPAREDNESS
Zimbabwe,2013,"5,640,182.76",DISASTER PREVENTION AND PREPAREDNESS
Zimbabwe,2013,"1,466,447,517.85",DISASTER PREVENTION AND PREPAREDNESS
Afghanistan,2012,"27,917,085.32",DISASTER PREVENTION AND PREPAREDNESS
Afghanistan,2012,"800,289.78",DEVELOPMENTAL FOOD AID/FOOD SECURITY ASSISTANCE
"Africa, regional",2012,"111,668,341.27",DEVELOPMENTAL FOOD AID/FOOD SECURITY ASSISTANCE
"Africa, regional",2012,"27,591,903.61",DEVELOPMENTAL FOOD AID/FOOD SECURITY ASSISTANCE
"Africa, regional",2012,"13,027,973.15",DEVELOPMENTAL FOOD AID/FOOD SECURITY ASSISTANCE
"Africa, regional",2012,"9,392,988.46",DEVELOPMENTAL FOOD AID/FOOD SECURITY ASSISTANCE
"Africa, regional",2012,"50,250,753.57",DISASTER PREVENTION AND PREPAREDNESS
"Africa, regional",2012,"352,237.07",DISASTER PREVENTION AND PREPAREDNESS
"Africa, regional",2012,"399,202.01",DISASTER PREVENTION AND PREPAREDNESS
"Africa, regional",2012,"14,889,112.17",DISASTER PREVENTION AND PREPAREDNESS
Albania,2012,"93,056.95",DISASTER PREVENTION AND PREPAREDNESS
Algeria,2012,"18,611,390.21",DEVELOPMENTAL FOOD AID/FOOD SECURITY ASSISTANCE
Angola,2012,"25,830,718.27",DEVELOPMENTAL FOOD AID/FOOD SECURITY ASSISTANCE
Angola,2012,"587,061,778.96",DEVELOPMENTAL FOOD AID/FOOD SECURITY ASSISTANCE
Angola,2012,"1,174,123,557.93",DEVELOPMENTAL FOOD AID/FOOD SECURITY ASSISTANCE
Angola,2012,"104,071,963.93",DEVELOPMENTAL FOOD AID/FOOD SECURITY ASSISTANCE
Angola,2012,"102,735,811.32",GOVERNMENT AND CIVIL SOCIETY
Angola,2012,"89,910,859.70",DISASTER PREVENTION AND PREPAREDNESS
Angola,2012,"46,964,942.32",DISASTER PREVENTION AND PREPAREDNESS
Angola,2012,"23,482,471.16",DISASTER PREVENTION AND PREPAREDNESS
Angola,2012,"29,353,088.95",DISASTER PREVENTION AND PREPAREDNESS
Angola,2012,"18,611,390.21",DISASTER PREVENTION AND PREPAREDNESS
Antigua and Barbuda,2012,"1,191,128.97",DEVELOPMENTAL FOOD AID/FOOD SECURITY ASSISTANCE
Antigua and Barbuda,2012,"5,583,417.06",DEVELOPMENTAL FOOD AID/FOOD SECURITY ASSISTANCE
Antigua and Barbuda,2012,"558,341.71",DEVELOPMENTAL FOOD AID/FOOD SECURITY ASSISTANCE
Antigua and Barbuda,2012,"5,583,417.06",DEVELOPMENTAL FOOD AID/FOOD SECURITY ASSISTANCE
Antigua and Barbuda,2012,"10,436,653.85",DEVELOPMENTAL FOOD AID/FOOD SECURITY ASSISTANCE
Argentina,2012,"2,230,794,644.95",DISASTER PREVENTION AND PREPAREDNESS
Argentina,2012,"93,929,884.63",DISASTER PREVENTION AND PREPAREDNESS
Argentina,2012,"234,824,711.59",DISASTER PREVENTION AND PREPAREDNESS
Argentina,2012,"306,446,248.62",DISASTER PREVENTION AND PREPAREDNESS
Argentina,2012,"234,824,711.59",DISASTER PREVENTION AND PREPAREDNESS
Armenia,2012,"13,027,973.15",DEVELOPMENTAL FOOD AID/FOOD SECURITY ASSISTANCE
Armenia,2012,"3,522,370.67",DEVELOPMENTAL FOOD AID/FOOD SECURITY ASSISTANCE
Armenia,2012,"269,865.16",DEVELOPMENTAL FOOD AID/FOOD SECURITY ASSISTANCE
"Asia, regional",2012,"3,052,721.25",DEVELOPMENTAL FOOD AID/FOOD SECURITY ASSISTANCE
"Asia, regional",2012,"352,237.07",DEVELOPMENTAL FOOD AID/FOOD SECURITY ASSISTANCE
"Asia, regional",2012,"352,237.07",GOVERNMENT AND CIVIL SOCIETY
"Asia, regional",2012,"469,649.42",DISASTER PREVENTION AND PREPAREDNESS
"Asia, regional",2012,"352,237.07",DISASTER PREVENTION AND PREPAREDNESS
"Asia, regional",2012,"352,237.07",DISASTER PREVENTION AND PREPAREDNESS
"Asia, regional",2012,"469,649.42",DISASTER PREVENTION AND PREPAREDNESS
"Asia, regional",2012,"469,649.42",DISASTER PREVENTION AND PREPAREDNESS
"Asia, regional",2012,"422,684.48",DEVELOPMENTAL FOOD AID/FOOD SECURITY ASSISTANCE
"Asia, regional",2012,"352,237.07",DEVELOPMENTAL FOOD AID/FOOD SECURITY ASSISTANCE
"Asia, regional",2012,"410,943.25",DEVELOPMENTAL FOOD AID/FOOD SECURITY ASSISTANCE
Azerbaijan,2012,"11,166,834.13",DEVELOPMENTAL FOOD AID/FOOD SECURITY ASSISTANCE
Azerbaijan,2012,"35,223,706.74",DEVELOPMENTAL FOOD AID/FOOD SECURITY ASSISTANCE
Bahamas,2012,"7,631,803.13",DISASTER PREVENTION AND PREPAREDNESS
Bahamas,2012,"47,868,495.62",DISASTER PREVENTION AND PREPAREDNESS
Bangladesh,2012,"297,782,243.38",DISASTER PREVENTION AND PREPAREDNESS
Bangladesh,2012,"274,518,005.61",DISASTER PREVENTION AND PREPAREDNESS
Bangladesh,2012,"27,917,085.32",DISASTER PREVENTION AND PREPAREDNESS
Belarus,2012,"1,761,185,336.89",DISASTER PREVENTION AND PREPAREDNESS
Belarus,2012,"329,773,148.41",DISASTER PREVENTION AND PREPAREDNESS
Belarus,2012,"1,174,123,557.93",DISASTER PREVENTION AND PREPAREDNESS
Belarus,2012,"403,781,091.57",DISASTER PREVENTION AND PREPAREDNESS
Belarus,2012,"61,152,421.91",DISASTER PREVENTION AND PREPAREDNESS
Belarus,2012,"347,949,461.68",DEVELOPMENTAL FOOD AID/FOOD SECURITY ASSISTANCE
Benin,2012,"2,299,884.38",DEVELOPMENTAL FOOD AID/FOOD SECURITY ASSISTANCE
Benin,2012,"93,056,951.06",DEVELOPMENTAL FOOD AID/FOOD SECURITY ASSISTANCE
Benin,2012,"33,808,300.39",DEVELOPMENTAL FOOD AID/FOOD SECURITY ASSISTANCE
Benin,2012,"558,341.71",DEVELOPMENTAL FOOD AID/FOOD SECURITY ASSISTANCE
Bolivia,2012,"27,944,140.68",GOVERNMENT AND CIVIL SOCIETY
Bolivia,2012,"5,583,417.06",DISASTER PREVENTION AND PREPAREDNESS
Bolivia,2012,"83,751.26",DISASTER PREVENTION AND PREPAREDNESS
Bosnia and Herzegovina,2012,"528,005,156.50",DISASTER PREVENTION AND PREPAREDNESS
Bosnia and Herzegovina,2012,"49,313,189.43",DISASTER PREVENTION AND PREPAREDNESS
Bosnia and Herzegovina,2012,"314,829.30",DISASTER PREVENTION AND PREPAREDNESS
Botswana,2012,"603,061,735.71",DEVELOPMENTAL FOOD AID/FOOD SECURITY ASSISTANCE
Brazil,2012,"293,530,889.48",DEVELOPMENTAL FOOD AID/FOOD SECURITY ASSISTANCE
Brazil,2012,"65,750,919.24",DEVELOPMENTAL FOOD AID/FOOD SECURITY ASSISTANCE
Brazil,2012,"206,176,096.77",DEVELOPMENTAL FOOD AID/FOOD SECURITY ASSISTANCE
Brazil,2012,"93,342,822.86",DEVELOPMENTAL FOOD AID/FOOD SECURITY ASSISTANCE
Brazil,2012,"40,836,017.34",DISASTER PREVENTION AND PREPAREDNESS
Brazil,2012,"212,516,363.98",DISASTER PREVENTION AND PREPAREDNESS
Brazil,2012,"92,755,761.08",DISASTER PREVENTION AND PREPAREDNESS
Brazil,2012,"57,297,229.63",DISASTER PREVENTION AND PREPAREDNESS
Brazil,2012,"62,698,197.99",DISASTER PREVENTION AND PREPAREDNESS
Brazil,2012,"293,530,889.48",DEVELOPMENTAL FOOD AID/FOOD SECURITY ASSISTANCE
Brazil,2012,"158,506,680.32",DEVELOPMENTAL FOOD AID/FOOD SECURITY ASSISTANCE
Brazil,2012,"587,061.78",DEVELOPMENTAL FOOD AID/FOOD SECURITY ASSISTANCE
Brazil,2012,"94,516.95",DEVELOPMENTAL FOOD AID/FOOD SECURITY ASSISTANCE
Brazil,2012,"28,413.79",DEVELOPMENTAL FOOD AID/FOOD SECURITY ASSISTANCE
Brazil,2012,"1,602,678,656.57",GOVERNMENT AND CIVIL SOCIETY
Bulgaria,2012,"11,575.72",DISASTER PREVENTION AND PREPAREDNESS
Bulgaria,2012,"155,384,374.63",DISASTER PREVENTION AND PREPAREDNESS
Bulgaria,2012,"39,509,871.57",DISASTER PREVENTION AND PREPAREDNESS
Bulgaria,2012,"159,680,803.88",DISASTER PREVENTION AND PREPAREDNESS
Burundi,2012,"1,581,968.17",DISASTER PREVENTION AND PREPAREDNESS
Burundi,2012,"234,824.71",DEVELOPMENTAL FOOD AID/FOOD SECURITY ASSISTANCE
Burundi,2012,"10,794,606.32",DEVELOPMENTAL FOOD AID/FOOD SECURITY ASSISTANCE
Burundi,2012,"9,305,695.11",DEVELOPMENTAL FOOD AID/FOOD SECURITY ASSISTANCE
Burundi,2012,"9,305,695.11",DEVELOPMENTAL FOOD AID/FOOD SECURITY ASSISTANCE
Cabo Verde,2012,"14,274,936.29",DEVELOPMENTAL FOOD AID/FOOD SECURITY ASSISTANCE
Cabo Verde,2012,"60,728,966.26",DISASTER PREVENTION AND PREPAREDNESS
Cabo Verde,2012,"939,298.85",DISASTER PREVENTION AND PREPAREDNESS
Cabo Verde,2012,"17,611,853.37",DISASTER PREVENTION AND PREPAREDNESS
Cabo Verde,2012,"19,043,014.09",DISASTER PREVENTION AND PREPAREDNESS
Cambodia,2012,"104,818,002.04",DISASTER PREVENTION AND PREPAREDNESS
Cambodia,2012,"354,585,314.49",DEVELOPMENTAL FOOD AID/FOOD SECURITY ASSISTANCE
Cambodia,2012,"133,194,777.89",DEVELOPMENTAL FOOD AID/FOOD SECURITY ASSISTANCE
Cambodia,2012,"680,991.66",DEVELOPMENTAL FOOD AID/FOOD SECURITY ASSISTANCE
Cambodia,2012,"27,917,085.32",DEVELOPMENTAL FOOD AID/FOOD SECURITY ASSISTANCE
Cambodia,2012,"58,706,177.90",DEVELOPMENTAL FOOD AID/FOOD SECURITY ASSISTANCE
Cambodia,2012,"64,939,599.87",GOVERNMENT AND CIVIL SOCIETY
Cambodia,2012,"25,830,718.27",DISASTER PREVENTION AND PREPAREDNESS
Cambodia,2012,"185,511.52",DISASTER PREVENTION AND PREPAREDNESS
Cambodia,2012,"38,897,805.54",DISASTER PREVENTION AND PREPAREDNESS
Cambodia,2012,"116,593,991.67",DISASTER PREVENTION AND PREPAREDNESS
Cambodia,2012,"284,453,740.26",DISASTER PREVENTION AND PREPAREDNESS
Cambodia,2012,"91,807,069.24",DEVELOPMENTAL FOOD AID/FOOD SECURITY ASSISTANCE
Cambodia,2012,"116,571,213.68",DEVELOPMENTAL FOOD AID/FOOD SECURITY ASSISTANCE
Cambodia,2012,"9,392,988.46",DEVELOPMENTAL FOOD AID/FOOD SECURITY ASSISTANCE
Cambodia,2012,"78,666,278.38",DEVELOPMENTAL FOOD AID/FOOD SECURITY ASSISTANCE
Cambodia,2012,"545,967.45",DEVELOPMENTAL FOOD AID/FOOD SECURITY ASSISTANCE
Cambodia,2012,"558,341,706.33",DISASTER PREVENTION AND PREPAREDNESS
Cameroon,2012,"14,889,112.17",DISASTER PREVENTION AND PREPAREDNESS
Cameroon,2012,"3,357,831.20",DISASTER PREVENTION AND PREPAREDNESS
Cameroon,2012,"1,839,907.50",DISASTER PREVENTION AND PREPAREDNESS
Cameroon,2012,"18,611,390.21",DISASTER PREVENTION AND PREPAREDNESS
Cameroon,2012,"566,866,853.77",DEVELOPMENTAL FOOD AID/FOOD SECURITY ASSISTANCE
Cameroon,2012,"197,604,994.80",DEVELOPMENTAL FOOD AID/FOOD SECURITY ASSISTANCE
Cameroon,2012,"1,284,185.92",DEVELOPMENTAL FOOD AID/FOOD SECURITY ASSISTANCE
Cameroon,2012,"744,455.61",DEVELOPMENTAL FOOD AID/FOOD SECURITY ASSISTANCE
Cameroon,2012,"9,305,695.11",DEVELOPMENTAL FOOD AID/FOOD SECURITY ASSISTANCE
Cameroon,2012,"224,551,130.45",GOVERNMENT AND CIVIL SOCIETY
Cameroon,2012,"37,375,281.11",DISASTER PREVENTION AND PREPAREDNESS
Central African Republic,2012,"78,196,068.93",DISASTER PREVENTION AND PREPAREDNESS
Chad,2012,"133,393,294.06",DISASTER PREVENTION AND PREPAREDNESS
Chad,2012,"117,294.10",DISASTER PREVENTION AND PREPAREDNESS
Chad,2012,"117,294.10",DISASTER PREVENTION AND PREPAREDNESS
Colombia,2012,"3,722,278.04",DEVELOPMENTAL FOOD AID/FOOD SECURITY ASSISTANCE
Colombia,2012,"3,722,278.04",DEVELOPMENTAL FOOD AID/FOOD SECURITY ASSISTANCE
Colombia,2012,"3,722,278.04",DEVELOPMENTAL FOOD AID/FOOD SECURITY ASSISTANCE
Comoros,2012,"16,750,251.19",DEVELOPMENTAL FOOD AID/FOOD SECURITY ASSISTANCE
Comoros,2012,"613,578.57",DEVELOPMENTAL FOOD AID/FOOD SECURITY ASSISTANCE
Comoros,2012,"234,824.71",DISASTER PREVENTION AND PREPAREDNESS
Congo,2012,"1,174,123,557.93",DISASTER PREVENTION AND PREPAREDNESS
Congo,2012,"91,995.38",DISASTER PREVENTION AND PREPAREDNESS
Congo,2012,"57,497.11",DISASTER PREVENTION AND PREPAREDNESS
Congo,2012,"11,741,235.58",DISASTER PREVENTION AND PREPAREDNESS
Congo,2012,"9,305,695.11",DEVELOPMENTAL FOOD AID/FOOD SECURITY ASSISTANCE
Congo,2012,"81,824,635.01",DEVELOPMENTAL FOOD AID/FOOD SECURITY ASSISTANCE
Congo,2012,"3,522,370.67",DEVELOPMENTAL FOOD AID/FOOD SECURITY ASSISTANCE
Congo,2012,"73,554,880.47",DEVELOPMENTAL FOOD AID/FOOD SECURITY ASSISTANCE
Congo,2012,"38,301,291.23",DEVELOPMENTAL FOOD AID/FOOD SECURITY ASSISTANCE
Congo,2012,"1,174,123,557.93",GOVERNMENT AND CIVIL SOCIETY
Congo,2012,"12,483,085.59",DISASTER PREVENTION AND PREPAREDNESS
Congo,2012,"6,539,330.47",DISASTER PREVENTION AND PREPAREDNESS
Congo,2012,"16,437,729.81",DISASTER PREVENTION AND PREPAREDNESS
Cook Islands,2012,"21,905,606.28",DISASTER PREVENTION AND PREPAREDNESS
Cook Islands,2012,"950,930.98",DISASTER PREVENTION AND PREPAREDNESS
Cook Islands,2012,"3,722,278.04",DEVELOPMENTAL FOOD AID/FOOD SECURITY ASSISTANCE
Costa Rica,2012,"11,271,586.16",DEVELOPMENTAL FOOD AID/FOOD SECURITY ASSISTANCE
Costa Rica,2012,"104,496,996.66",DEVELOPMENTAL FOOD AID/FOOD SECURITY ASSISTANCE
Cote d'Ivoire,2012,"112,040,569.07",DEVELOPMENTAL FOOD AID/FOOD SECURITY ASSISTANCE
Cote d'Ivoire,2012,"11,260,233.93",DEVELOPMENTAL FOOD AID/FOOD SECURITY ASSISTANCE
Cote d'Ivoire,2012,"25,215,525.71",DISASTER PREVENTION AND PREPAREDNESS
Cote d'Ivoire,2012,"6,886,214.38",DISASTER PREVENTION AND PREPAREDNESS
Cote d'Ivoire,2012,"7,725,311.63",DISASTER PREVENTION AND PREPAREDNESS
Cote d'Ivoire,2012,"1,976,463.14",DISASTER PREVENTION AND PREPAREDNESS
Cote d'Ivoire,2012,"11,499.42",DISASTER PREVENTION AND PREPAREDNESS
Cote d'Ivoire,2012,"3,647,616.63",DISASTER PREVENTION AND PREPAREDNESS
Cote d'Ivoire,2012,"18,169,086.60",DISASTER PREVENTION AND PREPAREDNESS
Cote d'Ivoire,2012,"1,251,137.10",DISASTER PREVENTION AND PREPAREDNESS
Cote d'Ivoire,2012,"11,942,556.87",DISASTER PREVENTION AND PREPAREDNESS
Cuba,2012,"469,649.42",DISASTER PREVENTION AND PREPAREDNESS
Democratic People's Republic of Korea,2012,"111,668,341.27",DEVELOPMENTAL FOOD AID/FOOD SECURITY ASSISTANCE
Democratic People's Republic of Korea,2012,"3,722,278.04",DEVELOPMENTAL FOOD AID/FOOD SECURITY ASSISTANCE
Democratic People's Republic of Korea,2012,"52,111,892.59",DEVELOPMENTAL FOOD AID/FOOD SECURITY ASSISTANCE
Democratic People's Republic of Korea,2012,"1,174,123.56",DEVELOPMENTAL FOOD AID/FOOD SECURITY ASSISTANCE
Democratic People's Republic of Korea,2012,"1,174,123.56",DEVELOPMENTAL FOOD AID/FOOD SECURITY ASSISTANCE
Democratic People's Republic of Korea,2012,"404,712,465.08",GOVERNMENT AND CIVIL SOCIETY
Democratic People's Republic of Korea,2012,"12,705,191.02",DISASTER PREVENTION AND PREPAREDNESS
Democratic People's Republic of Korea,2012,"70,521,024.37",DISASTER PREVENTION AND PREPAREDNESS
Democratic Republic of the Congo,2012,"5,561,900.47",DISASTER PREVENTION AND PREPAREDNESS
Democratic Republic of the Congo,2012,"820,369.76",DISASTER PREVENTION AND PREPAREDNESS
Democratic Republic of the Congo,2012,"75,552,456.71",DISASTER PREVENTION AND PREPAREDNESS
Democratic Republic of the Congo,2012,"1,471,102.34",DEVELOPMENTAL FOOD AID/FOOD SECURITY ASSISTANCE
Democratic Republic of the Congo,2012,"275,831.69",DEVELOPMENTAL FOOD AID/FOOD SECURITY ASSISTANCE
Democratic Republic of the Congo,2012,"24,242,999.17",DEVELOPMENTAL FOOD AID/FOOD SECURITY ASSISTANCE
Democratic Republic of the Congo,2012,"275,831.69",DEVELOPMENTAL FOOD AID/FOOD SECURITY ASSISTANCE
Democratic Republic of the Congo,2012,"82,749.50",DEVELOPMENTAL FOOD AID/FOOD SECURITY ASSISTANCE
Democratic Republic of the Congo,2012,"790,717.51",DISASTER PREVENTION AND PREPAREDNESS
Democratic Republic of the Congo,2012,"367,775.58",DISASTER PREVENTION AND PREPAREDNESS
Democratic Republic of the Congo,2012,"1,174,123.56",DISASTER PREVENTION AND PREPAREDNESS
Djibouti,2012,"7,444,556.08",DISASTER PREVENTION AND PREPAREDNESS
Djibouti,2012,"79,284,522.30",DISASTER PREVENTION AND PREPAREDNESS
Djibouti,2012,"11,741,235.58",DEVELOPMENTAL FOOD AID/FOOD SECURITY ASSISTANCE
Djibouti,2012,"356,753.97",DEVELOPMENTAL FOOD AID/FOOD SECURITY ASSISTANCE
Djibouti,2012,"3,761,187.41",DEVELOPMENTAL FOOD AID/FOOD SECURITY ASSISTANCE
Djibouti,2012,"1,313,116.30",DEVELOPMENTAL FOOD AID/FOOD SECURITY ASSISTANCE
Djibouti,2012,"936,997.56",DEVELOPMENTAL FOOD AID/FOOD SECURITY ASSISTANCE
Dominica,2012,"2,465,659.47",GOVERNMENT AND CIVIL SOCIETY
Dominica,2012,"1,643,772.98",DISASTER PREVENTION AND PREPAREDNESS
Dominica,2012,"869,721.15",DISASTER PREVENTION AND PREPAREDNESS
Dominica,2012,"21,743.03",DISASTER PREVENTION AND PREPAREDNESS
Dominica,2012,"46,964,942.32",DISASTER PREVENTION AND PREPAREDNESS
Dominica,2012,"808,290.14",DISASTER PREVENTION AND PREPAREDNESS
Ecuador,2012,"1,996,010,048.47",DEVELOPMENTAL FOOD AID/FOOD SECURITY ASSISTANCE
Ecuador,2012,"1,861,139.02",DEVELOPMENTAL FOOD AID/FOOD SECURITY ASSISTANCE
Ecuador,2012,"353,616,414.01",DEVELOPMENTAL FOOD AID/FOOD SECURITY ASSISTANCE
Ecuador,2012,"7,816,783.89",DEVELOPMENTAL FOOD AID/FOOD SECURITY ASSISTANCE
Ecuador,2012,"5,583,417.06",DEVELOPMENTAL FOOD AID/FOOD SECURITY ASSISTANCE
Ecuador,2012,"1,488,911.22",DISASTER PREVENTION AND PREPAREDNESS
Ecuador,2012,"878,127.01",DISASTER PREVENTION AND PREPAREDNESS
Egypt,2012,"234,824,711.59",DISASTER PREVENTION AND PREPAREDNESS
Egypt,2012,"5,955,644.87",DISASTER PREVENTION AND PREPAREDNESS
Egypt,2012,"16,750,251.19",DISASTER PREVENTION AND PREPAREDNESS
Egypt,2012,"27,917,085.32",DEVELOPMENTAL FOOD AID/FOOD SECURITY ASSISTANCE
Egypt,2012,"65,750,919.24",DEVELOPMENTAL FOOD AID/FOOD SECURITY ASSISTANCE
Egypt,2012,"183,163,275.04",DEVELOPMENTAL FOOD AID/FOOD SECURITY ASSISTANCE
Equatorial Guinea,2012,"387,460,774.12",DEVELOPMENTAL FOOD AID/FOOD SECURITY ASSISTANCE
Equatorial Guinea,2012,"204,297,499.08",DEVELOPMENTAL FOOD AID/FOOD SECURITY ASSISTANCE
Eritrea,2012,"4,461,669.52",GOVERNMENT AND CIVIL SOCIETY
Eritrea,2012,"72,255,563.75",DISASTER PREVENTION AND PREPAREDNESS
Eritrea,2012,"117,251,758.33",DISASTER PREVENTION AND PREPAREDNESS
Ethiopia,2012,"18,611,390.21",DISASTER PREVENTION AND PREPAREDNESS
Ethiopia,2012,"11,892,336.30",DISASTER PREVENTION AND PREPAREDNESS
Ethiopia,2012,"18,611,390.21",DISASTER PREVENTION AND PREPAREDNESS
Ethiopia,2012,"186,113.90",DEVELOPMENTAL FOOD AID/FOOD SECURITY ASSISTANCE
Ethiopia,2012,"16,896,631.43",DEVELOPMENTAL FOOD AID/FOOD SECURITY ASSISTANCE
Ethiopia,2012,"13,200,493.31",DEVELOPMENTAL FOOD AID/FOOD SECURITY ASSISTANCE
Ethiopia,2012,"99,003.70",DEVELOPMENTAL FOOD AID/FOOD SECURITY ASSISTANCE
Ethiopia,2012,"117,412,355.79",DEVELOPMENTAL FOOD AID/FOOD SECURITY ASSISTANCE
Ethiopia,2012,"17,680,820.70",DISASTER PREVENTION AND PREPAREDNESS
Ethiopia,2012,"29,353,088.95",DISASTER PREVENTION AND PREPAREDNESS
Ethiopia,2012,"30,097,124.74",DISASTER PREVENTION AND PREPAREDNESS
Ethiopia,2012,"3,300.12",DISASTER PREVENTION AND PREPAREDNESS
Ethiopia,2012,"11,741.24",DISASTER PREVENTION AND PREPAREDNESS
Ethiopia,2012,"58,706.18",DEVELOPMENTAL FOOD AID/FOOD SECURITY ASSISTANCE
Ethiopia,2012,"1,226,779.86",DEVELOPMENTAL FOOD AID/FOOD SECURITY ASSISTANCE
Ethiopia,2012,"18,611,390.21",DEVELOPMENTAL FOOD AID/FOOD SECURITY ASSISTANCE
Ethiopia,2012,"42,240,412.52",DEVELOPMENTAL FOOD AID/FOOD SECURITY ASSISTANCE
"Europe, regional",2012,"11,741,235,579.26",DEVELOPMENTAL FOOD AID/FOOD SECURITY ASSISTANCE
Fiji,2012,"1,554,051.08",GOVERNMENT AND CIVIL SOCIETY
Fiji,2012,"4,652,847.55",DISASTER PREVENTION AND PREPAREDNESS
Fiji,2012,"119,562,757.73",DISASTER PREVENTION AND PREPAREDNESS
Fiji,2012,"1,101,178.65",DISASTER PREVENTION AND PREPAREDNESS
Georgia,2012,"11,166,834.13",DISASTER PREVENTION AND PREPAREDNESS
Georgia,2012,"56,357,930.78",DISASTER PREVENTION AND PREPAREDNESS
Georgia,2012,"35,223,706.74",DEVELOPMENTAL FOOD AID/FOOD SECURITY ASSISTANCE
Ghana,2012,"119,760,602.91",DEVELOPMENTAL FOOD AID/FOOD SECURITY ASSISTANCE
Ghana,2012,"190,208,016.38",DEVELOPMENTAL FOOD AID/FOOD SECURITY ASSISTANCE
Ghana,2012,"88,473,804.08",DEVELOPMENTAL FOOD AID/FOOD SECURITY ASSISTANCE
Ghana,2012,"37,222,780.42",DEVELOPMENTAL FOOD AID/FOOD SECURITY ASSISTANCE
Ghana,2012,"44,135,304.54",DISASTER PREVENTION AND PREPAREDNESS
Ghana,2012,"1,761,185.34",DISASTER PREVENTION AND PREPAREDNESS
Ghana,2012,"89,476,362.36",DISASTER PREVENTION AND PREPAREDNESS
Ghana,2012,"19,514,042.64",DISASTER PREVENTION AND PREPAREDNESS
Ghana,2012,"352,237.07",DISASTER PREVENTION AND PREPAREDNESS
Ghana,2012,"998,005,024.24",DEVELOPMENTAL FOOD AID/FOOD SECURITY ASSISTANCE
Grenada,2012,"9,980,050.24",DEVELOPMENTAL FOOD AID/FOOD SECURITY ASSISTANCE
Grenada,2012,"64,576,795.69",DEVELOPMENTAL FOOD AID/FOOD SECURITY ASSISTANCE
Grenada,2012,"27,910.09",DEVELOPMENTAL FOOD AID/FOOD SECURITY ASSISTANCE
Grenada,2012,"352,237.07",DEVELOPMENTAL FOOD AID/FOOD SECURITY ASSISTANCE
Grenada,2012,"3,346,252.14",GOVERNMENT AND CIVIL SOCIETY
Grenada,2012,"3,522,370.67",DISASTER PREVENTION AND PREPAREDNESS
Grenada,2012,"3,522,370.67",DISASTER PREVENTION AND PREPAREDNESS
Guinea,2012,"824,234,737.66",DISASTER PREVENTION AND PREPAREDNESS
Guyana,2012,"169,051,537.91",DISASTER PREVENTION AND PREPAREDNESS
Guyana,2012,"2,817,896.54",DISASTER PREVENTION AND PREPAREDNESS
Guyana,2012,"5,583,417.06",DEVELOPMENTAL FOOD AID/FOOD SECURITY ASSISTANCE
Guyana,2012,"82,188,649.05",DEVELOPMENTAL FOOD AID/FOOD SECURITY ASSISTANCE
Guyana,2012,"16,907,379.23",DEVELOPMENTAL FOOD AID/FOOD SECURITY ASSISTANCE
Guyana,2012,"143,635.39",DEVELOPMENTAL FOOD AID/FOOD SECURITY ASSISTANCE
India,2012,"3,522,370,673.78",DEVELOPMENTAL FOOD AID/FOOD SECURITY ASSISTANCE
India,2012,"362,099,705.26",DISASTER PREVENTION AND PREPAREDNESS
India,2012,"362,099,705.26",DISASTER PREVENTION AND PREPAREDNESS
India,2012,"362,099,705.26",DISASTER PREVENTION AND PREPAREDNESS
Indonesia,2012,"155,207,034.46",DISASTER PREVENTION AND PREPAREDNESS
Indonesia,2012,"373,371,291.42",DISASTER PREVENTION AND PREPAREDNESS
Indonesia,2012,"78,989,741.20",DISASTER PREVENTION AND PREPAREDNESS
Indonesia,2012,"109,193,357.81",DISASTER PREVENTION AND PREPAREDNESS
Indonesia,2012,"45,777,324.38",DISASTER PREVENTION AND PREPAREDNESS
Indonesia,2012,"143,747,845.05",DISASTER PREVENTION AND PREPAREDNESS
Indonesia,2012,"704,474,134.76",DISASTER PREVENTION AND PREPAREDNESS
Indonesia,2012,"28,178,965.39",DEVELOPMENTAL FOOD AID/FOOD SECURITY ASSISTANCE
Indonesia,2012,"15,008,958.81",DEVELOPMENTAL FOOD AID/FOOD SECURITY ASSISTANCE
Indonesia,2012,"7,044,741.35",DEVELOPMENTAL FOOD AID/FOOD SECURITY ASSISTANCE
Indonesia,2012,"31,231,686.64",DEVELOPMENTAL FOOD AID/FOOD SECURITY ASSISTANCE
Indonesia,2012,"11,256,719.11",DEVELOPMENTAL FOOD AID/FOOD SECURITY ASSISTANCE
Indonesia,2012,"3,752,239.70",GOVERNMENT AND CIVIL SOCIETY
Indonesia,2012,"11,741,235.58",DISASTER PREVENTION AND PREPAREDNESS
Indonesia,2012,"7,504,479.41",DISASTER PREVENTION AND PREPAREDNESS
Indonesia,2012,"22,513,438.22",DISASTER PREVENTION AND PREPAREDNESS
Indonesia,2012,"12,507,465.68",DISASTER PREVENTION AND PREPAREDNESS
Indonesia,2012,"3,752,239.70",DISASTER PREVENTION AND PREPAREDNESS
Indonesia,2012,"5,002,986.27",DEVELOPMENTAL FOOD AID/FOOD SECURITY ASSISTANCE
Indonesia,2012,"750,447.94",DEVELOPMENTAL FOOD AID/FOOD SECURITY ASSISTANCE
Indonesia,2012,"625,373.28",DEVELOPMENTAL FOOD AID/FOOD SECURITY ASSISTANCE
Indonesia,2012,"20,612,391.40",DEVELOPMENTAL FOOD AID/FOOD SECURITY ASSISTANCE
Indonesia,2012,"20,612,391.40",DEVELOPMENTAL FOOD AID/FOOD SECURITY ASSISTANCE
Iran,2012,"223,828,928.77",DISASTER PREVENTION AND PREPAREDNESS
Jamaica,2012,"5,609,944.86",DISASTER PREVENTION AND PREPAREDNESS
Jamaica,2012,"596,802.65",DISASTER PREVENTION AND PREPAREDNESS
Jamaica,2012,"291,770.18",DISASTER PREVENTION AND PREPAREDNESS
Jamaica,2012,"2,785.08",DISASTER PREVENTION AND PREPAREDNESS
Jamaica,2012,"23,482.47",DEVELOPMENTAL FOOD AID/FOOD SECURITY ASSISTANCE
Jamaica,2012,"26,524.56",DEVELOPMENTAL FOOD AID/FOOD SECURITY ASSISTANCE
Jamaica,2012,"172,409.65",DEVELOPMENTAL FOOD AID/FOOD SECURITY ASSISTANCE
Jordan,2012,"2,791,708.53",DEVELOPMENTAL FOOD AID/FOOD SECURITY ASSISTANCE
Jordan,2012,"1,658,104.92",DEVELOPMENTAL FOOD AID/FOOD SECURITY ASSISTANCE
Kazakhstan,2012,"1,327,239,416.66",GOVERNMENT AND CIVIL SOCIETY
Kazakhstan,2012,"2,113,422,404.27",DISASTER PREVENTION AND PREPAREDNESS
Kazakhstan,2012,"2,759,190,361.13",DISASTER PREVENTION AND PREPAREDNESS
Kazakhstan,2012,"234,237,649.81",DISASTER PREVENTION AND PREPAREDNESS
Kazakhstan,2012,"74,791.67",DISASTER PREVENTION AND PREPAREDNESS
Kazakhstan,2012,"4,652,847.55",DISASTER PREVENTION AND PREPAREDNESS
Kazakhstan,2012,"1,052,014,707.90",DEVELOPMENTAL FOOD AID/FOOD SECURITY ASSISTANCE
Kazakhstan,2012,"2,759,190,361.13",DEVELOPMENTAL FOOD AID/FOOD SECURITY ASSISTANCE
Kazakhstan,2012,"234,824,711.59",DEVELOPMENTAL FOOD AID/FOOD SECURITY ASSISTANCE
Kazakhstan,2012,"234,824,711.59",DEVELOPMENTAL FOOD AID/FOOD SECURITY ASSISTANCE
Kazakhstan,2012,"117,412,355.79",DEVELOPMENTAL FOOD AID/FOOD SECURITY ASSISTANCE
Kazakhstan,2012,"117,412,355.79",DISASTER PREVENTION AND PREPAREDNESS
Kenya,2012,"117,412,355.79",DISASTER PREVENTION AND PREPAREDNESS
Kenya,2012,"82,483,365.15",DISASTER PREVENTION AND PREPAREDNESS
Kenya,2012,"55,599.36",DISASTER PREVENTION AND PREPAREDNESS
Kenya,2012,"589,125,456.41",DISASTER PREVENTION AND PREPAREDNESS
Kenya,2012,"234,824,711.59",DEVELOPMENTAL FOOD AID/FOOD SECURITY ASSISTANCE
Kenya,2012,"23,275,825.41",DEVELOPMENTAL FOOD AID/FOOD SECURITY ASSISTANCE
Kenya,2012,"108,690,518.83",DEVELOPMENTAL FOOD AID/FOOD SECURITY ASSISTANCE
Kenya,2012,"23,170,623.94",DEVELOPMENTAL FOOD AID/FOOD SECURITY ASSISTANCE
Kenya,2012,"631,208.82",DEVELOPMENTAL FOOD AID/FOOD SECURITY ASSISTANCE
Kenya,2012,"431,829,097.03",GOVERNMENT AND CIVIL SOCIETY
Kenya,2012,"69,262,908.00",DISASTER PREVENTION AND PREPAREDNESS
Kenya,2012,"1,768,082.07",DISASTER PREVENTION AND PREPAREDNESS
Kyrgyz Republic,2012,"457,667,492.26",DISASTER PREVENTION AND PREPAREDNESS
Kyrgyz Republic,2012,"33,686,616.28",DISASTER PREVENTION AND PREPAREDNESS
Kyrgyz Republic,2012,"152,431,666.40",DISASTER PREVENTION AND PREPAREDNESS
Kyrgyz Republic,2012,"1,861,139.02",DEVELOPMENTAL FOOD AID/FOOD SECURITY ASSISTANCE
Kyrgyz Republic,2012,"2,348,247.12",DEVELOPMENTAL FOOD AID/FOOD SECURITY ASSISTANCE
Kyrgyz Republic,2012,"2,583,071.83",DEVELOPMENTAL FOOD AID/FOOD SECURITY ASSISTANCE
Kyrgyz Republic,2012,"9,392,988.46",DEVELOPMENTAL FOOD AID/FOOD SECURITY ASSISTANCE
Kyrgyz Republic,2012,"326,451.41",DEVELOPMENTAL FOOD AID/FOOD SECURITY ASSISTANCE
Lao People's Democratic Republic,2012,"25,830,718.27",DISASTER PREVENTION AND PREPAREDNESS
Lao People's Democratic Republic,2012,"27,917,085.32",DISASTER PREVENTION AND PREPAREDNESS
Lao People's Democratic Republic,2012,"372,227.80",DISASTER PREVENTION AND PREPAREDNESS
Lao People's Democratic Republic,2012,"96,865,193.53",DISASTER PREVENTION AND PREPAREDNESS
Lao People's Democratic Republic,2012,"149,113,691.86",DISASTER PREVENTION AND PREPAREDNESS
Lao People's Democratic Republic,2012,"65,139,865.74",DEVELOPMENTAL FOOD AID/FOOD SECURITY ASSISTANCE
Lao People's Democratic Republic,2012,"11,166,834.13",DEVELOPMENTAL FOOD AID/FOOD SECURITY ASSISTANCE
Lao People's Democratic Republic,2012,"9,305,695.11",DEVELOPMENTAL FOOD AID/FOOD SECURITY ASSISTANCE
Lao People's Democratic Republic,2012,"45,597,906.02",DEVELOPMENTAL FOOD AID/FOOD SECURITY ASSISTANCE
Lao People's Democratic Republic,2012,"257,485,296.25",DEVELOPMENTAL FOOD AID/FOOD SECURITY ASSISTANCE
Lao People's Democratic Republic,2012,"24,950,125.61",GOVERNMENT AND CIVIL SOCIETY
Lao People's Democratic Republic,2012,"17,611.85",DISASTER PREVENTION AND PREPAREDNESS
Lao People's Democratic Republic,2012,"46,528,475.53",DISASTER PREVENTION AND PREPAREDNESS
Lebanon,2012,"2,791,708.53",DISASTER PREVENTION AND PREPAREDNESS
Lebanon,2012,"9,305,695.11",DISASTER PREVENTION AND PREPAREDNESS
Lesotho,2012,"10,567,112.02",DISASTER PREVENTION AND PREPAREDNESS
Lesotho,2012,"1,563,356.78",DEVELOPMENTAL FOOD AID/FOOD SECURITY ASSISTANCE
Lesotho,2012,"1,488,911.22",DEVELOPMENTAL FOOD AID/FOOD SECURITY ASSISTANCE
Lesotho,2012,"13,902,708.49",DEVELOPMENTAL FOOD AID/FOOD SECURITY ASSISTANCE
Lesotho,2012,"15,736,794.05",DEVELOPMENTAL FOOD AID/FOOD SECURITY ASSISTANCE
Lesotho,2012,"9,392,988.46",DEVELOPMENTAL FOOD AID/FOOD SECURITY ASSISTANCE
Lesotho,2012,"128,688.64",DISASTER PREVENTION AND PREPAREDNESS
Lesotho,2012,"346,234.95",DISASTER PREVENTION AND PREPAREDNESS
Lesotho,2012,"68,517.15",DISASTER PREVENTION AND PREPAREDNESS
Lesotho,2012,"4,858.52",DISASTER PREVENTION AND PREPAREDNESS
Lesotho,2012,"34,514.54",DISASTER PREVENTION AND PREPAREDNESS
Lesotho,2012,"3,719.62",DEVELOPMENTAL FOOD AID/FOOD SECURITY ASSISTANCE
Liberia,2012,"46,528,475.53",DEVELOPMENTAL FOOD AID/FOOD SECURITY ASSISTANCE
Liberia,2012,"1,643,772.98",DEVELOPMENTAL FOOD AID/FOOD SECURITY ASSISTANCE
Liberia,2012,"1,761,185.34",DEVELOPMENTAL FOOD AID/FOOD SECURITY ASSISTANCE
Liberia,2012,"366,186.83",DEVELOPMENTAL FOOD AID/FOOD SECURITY ASSISTANCE
Liberia,2012,"17,611,853.37",GOVERNMENT AND CIVIL SOCIETY
Liberia,2012,"821,886.49",DISASTER PREVENTION AND PREPAREDNESS
Madagascar,2012,"15,263,606.25",DISASTER PREVENTION AND PREPAREDNESS
Madagascar,2012,"2,202,237.81",DISASTER PREVENTION AND PREPAREDNESS
Malawi,2012,"9,392,988.46",DISASTER PREVENTION AND PREPAREDNESS
Malawi,2012,"1,761,185.34",DISASTER PREVENTION AND PREPAREDNESS
Malawi,2012,"258,307,182.74",DEVELOPMENTAL FOOD AID/FOOD SECURITY ASSISTANCE
Malaysia,2012,"205,471,622.64",DEVELOPMENTAL FOOD AID/FOOD SECURITY ASSISTANCE
Maldives,2012,"18,611,390.21",DEVELOPMENTAL FOOD AID/FOOD SECURITY ASSISTANCE
Maldives,2012,"182,856,908.82",DEVELOPMENTAL FOOD AID/FOOD SECURITY ASSISTANCE
Maldives,2012,"66,925,042.80",DEVELOPMENTAL FOOD AID/FOOD SECURITY ASSISTANCE
Mali,2012,"4,652,847.55",DISASTER PREVENTION AND PREPAREDNESS
Mali,2012,"558,341.71",DISASTER PREVENTION AND PREPAREDNESS
Mali,2012,"10,236,264.62",DISASTER PREVENTION AND PREPAREDNESS
Mali,2012,"251,262.44",DISASTER PREVENTION AND PREPAREDNESS
Mali,2012,"38,638,057.59",DISASTER PREVENTION AND PREPAREDNESS
Mali,2012,"919,953.75",DISASTER PREVENTION AND PREPAREDNESS
Mali,2012,"23,482.47",DISASTER PREVENTION AND PREPAREDNESS
Marshall Islands,2012,"51,458,160.54",DISASTER PREVENTION AND PREPAREDNESS
Marshall Islands,2012,"262,768,852.26",DISASTER PREVENTION AND PREPAREDNESS
Marshall Islands,2012,"122,335,455.87",DISASTER PREVENTION AND PREPAREDNESS
Marshall Islands,2012,"11,741,235.58",DEVELOPMENTAL FOOD AID/FOOD SECURITY ASSISTANCE
Marshall Islands,2012,"9,847,374.28",DEVELOPMENTAL FOOD AID/FOOD SECURITY ASSISTANCE
Marshall Islands,2012,"11,192,332.82",DEVELOPMENTAL FOOD AID/FOOD SECURITY ASSISTANCE
Mauritania,2012,"1,822,341.95",DEVELOPMENTAL FOOD AID/FOOD SECURITY ASSISTANCE
Mauritius,2012,"107,946,063.22",DEVELOPMENTAL FOOD AID/FOOD SECURITY ASSISTANCE
Mauritius,2012,"10,531,990.06",GOVERNMENT AND CIVIL SOCIETY
Mauritius,2012,"27,305,159.41",DISASTER PREVENTION AND PREPAREDNESS
Mauritius,2012,"193,476.56",DISASTER PREVENTION AND PREPAREDNESS
Mauritius,2012,"26,329.98",DISASTER PREVENTION AND PREPAREDNESS
Mauritius,2012,"1,170.22",DISASTER PREVENTION AND PREPAREDNESS
Mauritius,2012,"2,730.52",DISASTER PREVENTION AND PREPAREDNESS
Mauritius,2012,"9,266.95",DEVELOPMENTAL FOOD AID/FOOD SECURITY ASSISTANCE
Mauritius,2012,"18,970.42",DEVELOPMENTAL FOOD AID/FOOD SECURITY ASSISTANCE
Mauritius,2012,"1,357,456.50",DEVELOPMENTAL FOOD AID/FOOD SECURITY ASSISTANCE
Mexico,2012,"64,224,558.62",DEVELOPMENTAL FOOD AID/FOOD SECURITY ASSISTANCE
Micronesia,2012,"11,166,834.13",DEVELOPMENTAL FOOD AID/FOOD SECURITY ASSISTANCE
Micronesia,2012,"58,706.18",DISASTER PREVENTION AND PREPAREDNESS
Micronesia,2012,"1,174,123.56",DISASTER PREVENTION AND PREPAREDNESS
Moldova,2012,"79,470,636.20",DISASTER PREVENTION AND PREPAREDNESS
Moldova,2012,"93,056.95",DISASTER PREVENTION AND PREPAREDNESS
Moldova,2012,"1,302,797.31",DISASTER PREVENTION AND PREPAREDNESS
Mongolia,2012,"390,839,194.43",DEVELOPMENTAL FOOD AID/FOOD SECURITY ASSISTANCE
Montenegro,2012,"1,508,586.16",DEVELOPMENTAL FOOD AID/FOOD SECURITY ASSISTANCE
Mozambique,2012,"23,482,471.16",DEVELOPMENTAL FOOD AID/FOOD SECURITY ASSISTANCE
Mozambique,2012,"800,271,536.77",DEVELOPMENTAL FOOD AID/FOOD SECURITY ASSISTANCE
Mozambique,2012,"3,722,278.04",DEVELOPMENTAL FOOD AID/FOOD SECURITY ASSISTANCE
Mozambique,2012,"352,237,067.38",GOVERNMENT AND CIVIL SOCIETY
Mozambique,2012,"2,348,247.12",DISASTER PREVENTION AND PREPAREDNESS
Mozambique,2012,"11,036,761.44",DISASTER PREVENTION AND PREPAREDNESS
Mozambique,2012,"16,789,966.88",DISASTER PREVENTION AND PREPAREDNESS
Mozambique,2012,"71,021,065.05",DISASTER PREVENTION AND PREPAREDNESS
Mozambique,2012,"326,406,349.10",DISASTER PREVENTION AND PREPAREDNESS
Mozambique,2012,"85,123,957.95",DEVELOPMENTAL FOOD AID/FOOD SECURITY ASSISTANCE
Mozambique,2012,"92,755,761.08",DEVELOPMENTAL FOOD AID/FOOD SECURITY ASSISTANCE
Mozambique,2012,"17,259,616.30",DEVELOPMENTAL FOOD AID/FOOD SECURITY ASSISTANCE
Multi-Region,2012,"352,237.07",DEVELOPMENTAL FOOD AID/FOOD SECURITY ASSISTANCE
Multi-Region,2012,"410,943.25",DEVELOPMENTAL FOOD AID/FOOD SECURITY ASSISTANCE
Multi-Region,2012,"352,237.07",DISASTER PREVENTION AND PREPAREDNESS
Multi-Region,2012,"469,649.42",DISASTER PREVENTION AND PREPAREDNESS
Multi-Region,2012,"352,237.07",DISASTER PREVENTION AND PREPAREDNESS
Multi-Region,2012,"352,237.07",DISASTER PREVENTION AND PREPAREDNESS
Myanmar,2012,"1,174,123.56",DISASTER PREVENTION AND PREPAREDNESS
Myanmar,2012,"7,444,556.08",DEVELOPMENTAL FOOD AID/FOOD SECURITY ASSISTANCE
Myanmar,2012,"7,455,684.59",DEVELOPMENTAL FOOD AID/FOOD SECURITY ASSISTANCE
Myanmar,2012,"39,456,147.25",DEVELOPMENTAL FOOD AID/FOOD SECURITY ASSISTANCE
Myanmar,2012,"5,583,417.06",DEVELOPMENTAL FOOD AID/FOOD SECURITY ASSISTANCE
Myanmar,2012,"11,741.24",DEVELOPMENTAL FOOD AID/FOOD SECURITY ASSISTANCE
Myanmar,2012,"27,490.45",GOVERNMENT AND CIVIL SOCIETY
Myanmar,2012,"2,086.71",DISASTER PREVENTION AND PREPAREDNESS
Myanmar,2012,"70,447,413.48",DISASTER PREVENTION AND PREPAREDNESS
Myanmar,2012,"6,607,043.52",DISASTER PREVENTION AND PREPAREDNESS
Myanmar,2012,"1,174,123.56",DISASTER PREVENTION AND PREPAREDNESS
Myanmar,2012,"181,030,339.37",DISASTER PREVENTION AND PREPAREDNESS
Myanmar,2012,"160,050,065.74",DEVELOPMENTAL FOOD AID/FOOD SECURITY ASSISTANCE
Myanmar,2012,"158,506,680.32",DEVELOPMENTAL FOOD AID/FOOD SECURITY ASSISTANCE
Myanmar,2012,"35,223,706.74",DEVELOPMENTAL FOOD AID/FOOD SECURITY ASSISTANCE
Myanmar,2012,"35,223,706.74",DEVELOPMENTAL FOOD AID/FOOD SECURITY ASSISTANCE
Namibia,2012,"2,145,926.46",DEVELOPMENTAL FOOD AID/FOOD SECURITY ASSISTANCE
Namibia,2012,"54,714,157.80",DISASTER PREVENTION AND PREPAREDNESS
Namibia,2012,"3,722,278.04",DISASTER PREVENTION AND PREPAREDNESS
Namibia,2012,"71,530.88",DISASTER PREVENTION AND PREPAREDNESS
Namibia,2012,"252,343,017.83",DISASTER PREVENTION AND PREPAREDNESS
Namibia,2012,"21,459.26",DISASTER PREVENTION AND PREPAREDNESS
Namibia,2012,"3,350,050.24",DEVELOPMENTAL FOOD AID/FOOD SECURITY ASSISTANCE
Namibia,2012,"1,379,595,180.56",DEVELOPMENTAL FOOD AID/FOOD SECURITY ASSISTANCE
Namibia,2012,"1,123,967.57",DEVELOPMENTAL FOOD AID/FOOD SECURITY ASSISTANCE
Nepal,2012,"1,878,597,692.68",DEVELOPMENTAL FOOD AID/FOOD SECURITY ASSISTANCE
Nepal,2012,"102,362,646.16",DEVELOPMENTAL FOOD AID/FOOD SECURITY ASSISTANCE
Nepal,2012,"11,166,834.13",GOVERNMENT AND CIVIL SOCIETY
Nepal,2012,"37,222,780.42",DISASTER PREVENTION AND PREPAREDNESS
Nepal,2012,"23,482,471.16",DISASTER PREVENTION AND PREPAREDNESS
Nepal,2012,"148,891.12",DISASTER PREVENTION AND PREPAREDNESS
Nepal,2012,"136,350,968.78",DISASTER PREVENTION AND PREPAREDNESS
Niger,2012,"2,230,834.76",DISASTER PREVENTION AND PREPAREDNESS
Niger,2012,"336,933.06",DEVELOPMENTAL FOOD AID/FOOD SECURITY ASSISTANCE
Niger,2012,"1,977,900.57",DEVELOPMENTAL FOOD AID/FOOD SECURITY ASSISTANCE
Niger,2012,"9,305,695.11",DEVELOPMENTAL FOOD AID/FOOD SECURITY ASSISTANCE
Niger,2012,"1,174,123.56",DEVELOPMENTAL FOOD AID/FOOD SECURITY ASSISTANCE
Niger,2012,"146,765.44",DEVELOPMENTAL FOOD AID/FOOD SECURITY ASSISTANCE
Nigeria,2012,"587,061,778.96",DISASTER PREVENTION AND PREPAREDNESS
Nigeria,2012,"35,928,180.87",DISASTER PREVENTION AND PREPAREDNESS
Nigeria,2012,"234,824,711.59",DISASTER PREVENTION AND PREPAREDNESS
Nigeria,2012,"1,848,088.79",DISASTER PREVENTION AND PREPAREDNESS
Pakistan,2012,"587,061,778.96",DISASTER PREVENTION AND PREPAREDNESS
Pakistan,2012,"930,569,510.55",DEVELOPMENTAL FOOD AID/FOOD SECURITY ASSISTANCE
Pakistan,2012,"8,468,182.55",DEVELOPMENTAL FOOD AID/FOOD SECURITY ASSISTANCE
Pakistan,2012,"3,722,278.04",DEVELOPMENTAL FOOD AID/FOOD SECURITY ASSISTANCE
Papua New Guinea,2012,"11,404,983.02",DEVELOPMENTAL FOOD AID/FOOD SECURITY ASSISTANCE
Papua New Guinea,2012,"2,280,996.60",DEVELOPMENTAL FOOD AID/FOOD SECURITY ASSISTANCE
Papua New Guinea,2012,"882,940.92",GOVERNMENT AND CIVIL SOCIETY
Papua New Guinea,2012,"1,861,139.02",DISASTER PREVENTION AND PREPAREDNESS
Peru,2012,"5,583,417.06",DISASTER PREVENTION AND PREPAREDNESS
Peru,2012,"321,709,854.87",DISASTER PREVENTION AND PREPAREDNESS
Peru,2012,"97,452,255.31",DISASTER PREVENTION AND PREPAREDNESS
Peru,2012,"558,341.71",DISASTER PREVENTION AND PREPAREDNESS
Peru,2012,"41,094,324.53",DEVELOPMENTAL FOOD AID/FOOD SECURITY ASSISTANCE
Peru,2012,"13,354,688.64",DEVELOPMENTAL FOOD AID/FOOD SECURITY ASSISTANCE
Philippines,2012,"234,824.71",DEVELOPMENTAL FOOD AID/FOOD SECURITY ASSISTANCE
Philippines,2012,"410,943,245.27",DEVELOPMENTAL FOOD AID/FOOD SECURITY ASSISTANCE
Philippines,2012,"150,529.68",DEVELOPMENTAL FOOD AID/FOOD SECURITY ASSISTANCE
Russia,2012,"1,678,996,687.83",DISASTER PREVENTION AND PREPAREDNESS
Russia,2012,"998,005,024.24",DISASTER PREVENTION AND PREPAREDNESS
Russia,2012,"50,319,581.10",DISASTER PREVENTION AND PREPAREDNESS
Russia,2012,"50,319,581.10",DISASTER PREVENTION AND PREPAREDNESS
Russia,2012,"29,353,088.95",DISASTER PREVENTION AND PREPAREDNESS
Russia,2012,"106,738,505.27",DISASTER PREVENTION AND PREPAREDNESS
Rwanda,2012,"22,333,668.25",DISASTER PREVENTION AND PREPAREDNESS
Rwanda,2012,"134,002,009.52",DISASTER PREVENTION AND PREPAREDNESS
Rwanda,2012,"9,305,695.11",DISASTER PREVENTION AND PREPAREDNESS
Rwanda,2012,"9,305,695.11",DISASTER PREVENTION AND PREPAREDNESS
Rwanda,2012,"14,889,112.17",DEVELOPMENTAL FOOD AID/FOOD SECURITY ASSISTANCE
Rwanda,2012,"25,830,718.27",DEVELOPMENTAL FOOD AID/FOOD SECURITY ASSISTANCE
Rwanda,2012,"10,567,112.02",DEVELOPMENTAL FOOD AID/FOOD SECURITY ASSISTANCE
Rwanda,2012,"21,134,224.04",DEVELOPMENTAL FOOD AID/FOOD SECURITY ASSISTANCE
Samoa,2012,"25,311,490.69",DEVELOPMENTAL FOOD AID/FOOD SECURITY ASSISTANCE
Samoa,2012,"5,988,030.15",GOVERNMENT AND CIVIL SOCIETY
Samoa,2012,"17,357,949.78",DISASTER PREVENTION AND PREPAREDNESS
Samoa,2012,"2,559,589.36",DISASTER PREVENTION AND PREPAREDNESS
Samoa,2012,"2,698,651.58",DISASTER PREVENTION AND PREPAREDNESS
Samoa,2012,"15,434,079.96",DISASTER PREVENTION AND PREPAREDNESS
Samoa,2012,"38,153,349.93",DISASTER PREVENTION AND PREPAREDNESS
Samoa,2012,"464,883.27",DEVELOPMENTAL FOOD AID/FOOD SECURITY ASSISTANCE
Senegal,2012,"58,706,177.90",DEVELOPMENTAL FOOD AID/FOOD SECURITY ASSISTANCE
Senegal,2012,"41,875,627.97",DEVELOPMENTAL FOOD AID/FOOD SECURITY ASSISTANCE
Senegal,2012,"159,680,803.88",DEVELOPMENTAL FOOD AID/FOOD SECURITY ASSISTANCE
Senegal,2012,"4,024,797.67",DEVELOPMENTAL FOOD AID/FOOD SECURITY ASSISTANCE
Serbia,2012,"754,293.08",DISASTER PREVENTION AND PREPAREDNESS
Serbia,2012,"968,512,315.64",DISASTER PREVENTION AND PREPAREDNESS
Serbia,2012,"2,791,708.53",DISASTER PREVENTION AND PREPAREDNESS
Serbia,2012,"1,861,139.02",DISASTER PREVENTION AND PREPAREDNESS
Seychelles,2012,"4,473,607.07",DISASTER PREVENTION AND PREPAREDNESS
Seychelles,2012,"6,060,179.00",DEVELOPMENTAL FOOD AID/FOOD SECURITY ASSISTANCE
Seychelles,2012,"7,444,556.08",DEVELOPMENTAL FOOD AID/FOOD SECURITY ASSISTANCE
Seychelles,2012,"2,133,865.84",DEVELOPMENTAL FOOD AID/FOOD SECURITY ASSISTANCE
Sierra Leone,2012,"1,408,948,269.51",DEVELOPMENTAL FOOD AID/FOOD SECURITY ASSISTANCE
Sierra Leone,2012,"18,053,048.50",DEVELOPMENTAL FOOD AID/FOOD SECURITY ASSISTANCE
Sierra Leone,2012,"186,113.90",GOVERNMENT AND CIVIL SOCIETY
South Africa,2012,"117,412,355.79",DISASTER PREVENTION AND PREPAREDNESS
South Africa,2012,"117,412,355.79",DISASTER PREVENTION AND PREPAREDNESS
South Africa,2012,"313,725,814.68",DISASTER PREVENTION AND PREPAREDNESS
South Africa,2012,"49,349,880.79",DISASTER PREVENTION AND PREPAREDNESS
South Africa,2012,"49,349,880.79",DISASTER PREVENTION AND PREPAREDNESS
South Africa,2012,"49,349,880.79",DEVELOPMENTAL FOOD AID/FOOD SECURITY ASSISTANCE
South Africa,2012,"49,349,880.79",DEVELOPMENTAL FOOD AID/FOOD SECURITY ASSISTANCE
South Sudan,2012,"7,044,741.35",DEVELOPMENTAL FOOD AID/FOOD SECURITY ASSISTANCE
Sri Lanka,2012,"104,097,794.65",DEVELOPMENTAL FOOD AID/FOOD SECURITY ASSISTANCE
Sri Lanka,2012,"186,113.90",DEVELOPMENTAL FOOD AID/FOOD SECURITY ASSISTANCE
Sri Lanka,2012,"58,706,177.90",DISASTER PREVENTION AND PREPAREDNESS
Sri Lanka,2012,"950,276,901.61",DISASTER PREVENTION AND PREPAREDNESS
Sri Lanka,2012,"704,474,134.76",DISASTER PREVENTION AND PREPAREDNESS
Sri Lanka,2012,"130,347,756.67",DISASTER PREVENTION AND PREPAREDNESS
Sri Lanka,2012,"59,880,301.45",DISASTER PREVENTION AND PREPAREDNESS
Sri Lanka,2012,"251,497,266.11",DEVELOPMENTAL FOOD AID/FOOD SECURITY ASSISTANCE
Sri Lanka,2012,"38,057,828.49",DEVELOPMENTAL FOOD AID/FOOD SECURITY ASSISTANCE
Sri Lanka,2012,"55,834,170.63",DEVELOPMENTAL FOOD AID/FOOD SECURITY ASSISTANCE
Sudan,2012,"1,761,185,336.89",DEVELOPMENTAL FOOD AID/FOOD SECURITY ASSISTANCE
Sudan,2012,"2,327,852,555.60",DEVELOPMENTAL FOOD AID/FOOD SECURITY ASSISTANCE
Sudan,2012,"33,500,502.38",GOVERNMENT AND CIVIL SOCIETY
Sudan,2012,"22,333,668.25",DISASTER PREVENTION AND PREPAREDNESS
Suriname,2012,"5,583,417.06",DISASTER PREVENTION AND PREPAREDNESS
Suriname,2012,"55,834,170.63",DISASTER PREVENTION AND PREPAREDNESS
Suriname,2012,"37,222.78",DISASTER PREVENTION AND PREPAREDNESS
Syrian Arab Republic,2012,"2,348,247.12",DISASTER PREVENTION AND PREPAREDNESS
Syrian Arab Republic,2012,"2,348,247.12",DEVELOPMENTAL FOOD AID/FOOD SECURITY ASSISTANCE
Tajikistan,2012,"27,917,085.32",DEVELOPMENTAL FOOD AID/FOOD SECURITY ASSISTANCE
Tajikistan,2012,"59,340,204.62",DEVELOPMENTAL FOOD AID/FOOD SECURITY ASSISTANCE
Tajikistan,2012,"11,741,235.58",DEVELOPMENTAL FOOD AID/FOOD SECURITY ASSISTANCE
Tajikistan,2012,"98,640,368.12",DEVELOPMENTAL FOOD AID/FOOD SECURITY ASSISTANCE
Tajikistan,2012,"91,581,637.52",DISASTER PREVENTION AND PREPAREDNESS
Tajikistan,2012,"210,168,116.87",DISASTER PREVENTION AND PREPAREDNESS
Tanzania,2012,"689,621,471.75",DISASTER PREVENTION AND PREPAREDNESS
Tanzania,2012,"352,237.07",DISASTER PREVENTION AND PREPAREDNESS
Tanzania,2012,"11,098.53",DISASTER PREVENTION AND PREPAREDNESS
Tanzania,2012,"287,660,271.69",DEVELOPMENTAL FOOD AID/FOOD SECURITY ASSISTANCE
Tanzania,2012,"1,080,193,673.29",DEVELOPMENTAL FOOD AID/FOOD SECURITY ASSISTANCE
Thailand,2012,"94,482.90",DEVELOPMENTAL FOOD AID/FOOD SECURITY ASSISTANCE
Thailand,2012,"14,333,055.41",DEVELOPMENTAL FOOD AID/FOOD SECURITY ASSISTANCE
Thailand,2012,"28,178,965.39",DEVELOPMENTAL FOOD AID/FOOD SECURITY ASSISTANCE
Timor-Leste,2012,"377,289.06",GOVERNMENT AND CIVIL SOCIETY
Timor-Leste,2012,"9,432,226.52",DISASTER PREVENTION AND PREPAREDNESS
Timor-Leste,2012,"6,105,442.50",DISASTER PREVENTION AND PREPAREDNESS
Togo,2012,"18,611,390.21",DISASTER PREVENTION AND PREPAREDNESS
Togo,2012,"88,059,266.84",DISASTER PREVENTION AND PREPAREDNESS
Togo,2012,"7,444,556.08",DISASTER PREVENTION AND PREPAREDNESS
Togo,2012,"38,339,463.83",DEVELOPMENTAL FOOD AID/FOOD SECURITY ASSISTANCE
Togo,2012,"5,583,417.06",DEVELOPMENTAL FOOD AID/FOOD SECURITY ASSISTANCE
Togo,2012,"24,194,807.27",DEVELOPMENTAL FOOD AID/FOOD SECURITY ASSISTANCE
Togo,2012,"27,248,251.63",DEVELOPMENTAL FOOD AID/FOOD SECURITY ASSISTANCE
Togo,2012,"2,977,822.43",DEVELOPMENTAL FOOD AID/FOOD SECURITY ASSISTANCE
Togo,2012,"88,059,266.84",DISASTER PREVENTION AND PREPAREDNESS
Tonga,2012,"15,341,368.95",DISASTER PREVENTION AND PREPAREDNESS
Tonga,2012,"129,153.59",DISASTER PREVENTION AND PREPAREDNESS
Tonga,2012,683.59,DISASTER PREVENTION AND PREPAREDNESS
Tonga,2012,"8,886,623.56",DISASTER PREVENTION AND PREPAREDNESS
Tonga,2012,"1,174,123.56",DEVELOPMENTAL FOOD AID/FOOD SECURITY ASSISTANCE
Tunisia,2012,"1,526,360.63",DEVELOPMENTAL FOOD AID/FOOD SECURITY ASSISTANCE
Tunisia,2012,"3,458,319.44",DEVELOPMENTAL FOOD AID/FOOD SECURITY ASSISTANCE
Tunisia,2012,"14,889,112.17",DEVELOPMENTAL FOOD AID/FOOD SECURITY ASSISTANCE
Turkey,2012,"234,824,711.59",DEVELOPMENTAL FOOD AID/FOOD SECURITY ASSISTANCE
Turkey,2012,"469,649,423.17",GOVERNMENT AND CIVIL SOCIETY
Turkey,2012,"704,474,134.76",DISASTER PREVENTION AND PREPAREDNESS
Uganda,2012,"105,671.12",DISASTER PREVENTION AND PREPAREDNESS
Uganda,2012,"9,381,754.61",DISASTER PREVENTION AND PREPAREDNESS
Uganda,2012,"12,196,281.00",DISASTER PREVENTION AND PREPAREDNESS
Uganda,2012,"939,298.85",DISASTER PREVENTION AND PREPAREDNESS
Uganda,2012,"895,856.27",DEVELOPMENTAL FOOD AID/FOOD SECURITY ASSISTANCE
Uganda,2012,"17,590.79",DEVELOPMENTAL FOOD AID/FOOD SECURITY ASSISTANCE
Ukraine,2012,"3,522,370,673.78",DEVELOPMENTAL FOOD AID/FOOD SECURITY ASSISTANCE
Ukraine,2012,"83,599,945.57",DEVELOPMENTAL FOOD AID/FOOD SECURITY ASSISTANCE
Ukraine,2012,"1,423,771.35",DEVELOPMENTAL FOOD AID/FOOD SECURITY ASSISTANCE
Ukraine,2012,"4,292,595,727.78",DISASTER PREVENTION AND PREPAREDNESS
Ukraine,2012,"1,761,185,336.89",DISASTER PREVENTION AND PREPAREDNESS
Uzbekistan,2012,"258,307,182.74",DISASTER PREVENTION AND PREPAREDNESS
Uzbekistan,2012,"38,768,679.29",DISASTER PREVENTION AND PREPAREDNESS
Uzbekistan,2012,"43,677,396.35",DISASTER PREVENTION AND PREPAREDNESS
Uzbekistan,2012,"293,530,889.48",DISASTER PREVENTION AND PREPAREDNESS
Uzbekistan,2012,"12,455,102.70",DISASTER PREVENTION AND PREPAREDNESS
Uzbekistan,2012,"31,936,160.78",DISASTER PREVENTION AND PREPAREDNESS
Uzbekistan,2012,"86,709,024.75",DISASTER PREVENTION AND PREPAREDNESS
Uzbekistan,2012,"186,098,583.93",DISASTER PREVENTION AND PREPAREDNESS
Vanuatu,2012,"4,987.63",DEVELOPMENTAL FOOD AID/FOOD SECURITY ASSISTANCE
Venezuela,2012,"4,696,494,231.70",DEVELOPMENTAL FOOD AID/FOOD SECURITY ASSISTANCE
Venezuela,2012,"587,061,778.96",DEVELOPMENTAL FOOD AID/FOOD SECURITY ASSISTANCE
Venezuela,2012,"4,696,494,231.70",DEVELOPMENTAL FOOD AID/FOOD SECURITY ASSISTANCE
Venezuela,2012,"587,061,778.96",DEVELOPMENTAL FOOD AID/FOOD SECURITY ASSISTANCE
Venezuela,2012,"1,761,185,336.89",GOVERNMENT AND CIVIL SOCIETY
Venezuela,2012,"1,861,139.02",DISASTER PREVENTION AND PREPAREDNESS
Viet Nam,2012,"11,741.24",DISASTER PREVENTION AND PREPAREDNESS
Viet Nam,2012,"87,996,576.87",DISASTER PREVENTION AND PREPAREDNESS
Viet Nam,2012,"1,175,177,922.05",DISASTER PREVENTION AND PREPAREDNESS
Viet Nam,2012,"111,125,877.54",DISASTER PREVENTION AND PREPAREDNESS
Viet Nam,2012,"37,222,780.42",DEVELOPMENTAL FOOD AID/FOOD SECURITY ASSISTANCE
Yemen,2012,"19,255,626.35",DEVELOPMENTAL FOOD AID/FOOD SECURITY ASSISTANCE
Yemen,2012,"35,223,706.74",DEVELOPMENTAL FOOD AID/FOOD SECURITY ASSISTANCE
Zambia,2012,"7,044,741.35",DEVELOPMENTAL FOOD AID/FOOD SECURITY ASSISTANCE
Zambia,2012,"3,707,863.36",DEVELOPMENTAL FOOD AID/FOOD SECURITY ASSISTANCE
Zambia,2012,"15,179,065.62",DISASTER PREVENTION AND PREPAREDNESS
Zimbabwe,2012,"190,766,749.66",DISASTER PREVENTION AND PREPAREDNESS
Zimbabwe,2012,"14,889,112.17",DISASTER PREVENTION AND PREPAREDNESS
Zimbabwe,2012,"9,392,988.46",DISASTER PREVENTION AND PREPAREDNESS
Zimbabwe,2012,"59,880,301.45",DISASTER PREVENTION AND PREPAREDNESS
Zimbabwe,2012,"837,512.56",DEVELOPMENTAL FOOD AID/FOOD SECURITY ASSISTANCE
Zimbabwe,2012,"5,862,587.92",DEVELOPMENTAL FOOD AID/FOOD SECURITY ASSISTANCE
Zimbabwe,2012,"1,014,442,754.05",DEVELOPMENTAL FOOD AID/FOOD SECURITY ASSISTANCE
Zimbabwe,2012,"58,706.18",DEVELOPMENTAL FOOD AID/FOOD SECURITY ASSISTANCE
Zimbabwe,2012,"25,830,718.27",DEVELOPMENTAL FOOD AID/FOOD SECURITY ASSISTANCE
Zimbabwe,2012,"158,506,680.32",GOVERNMENT AND CIVIL SOCIETY
Zimbabwe,2012,"64,396,845.04",DISASTER PREVENTION AND PREPAREDNESS
Afghanistan,2011,"28,537,451.40",DISASTER PREVENTION AND PREPAREDNESS
Afghanistan,2011,"4,919,520.73",DISASTER PREVENTION AND PREPAREDNESS
Afghanistan,2011,"14,858,499.69",DISASTER PREVENTION AND PREPAREDNESS
"Africa, regional",2011,"24,597,603.63",DISASTER PREVENTION AND PREPAREDNESS
"Africa, regional",2011,"153,735,022.67",DEVELOPMENTAL FOOD AID/FOOD SECURITY ASSISTANCE
"Africa, regional",2011,"102,581,911.41",DEVELOPMENTAL FOOD AID/FOOD SECURITY ASSISTANCE
"Africa, regional",2011,"122,988.02",DEVELOPMENTAL FOOD AID/FOOD SECURITY ASSISTANCE
"Africa, regional",2011,"95,124.84",DEVELOPMENTAL FOOD AID/FOOD SECURITY ASSISTANCE
Albania,2011,"1,902,496.76",DEVELOPMENTAL FOOD AID/FOOD SECURITY ASSISTANCE
Angola,2011,"380,499.35",DISASTER PREVENTION AND PREPAREDNESS
Angola,2011,"104,539,815.41",DISASTER PREVENTION AND PREPAREDNESS
Angola,2011,"2,459,760,362.68",DISASTER PREVENTION AND PREPAREDNESS
Angola,2011,"143,895,981.22",DISASTER PREVENTION AND PREPAREDNESS
Angola,2011,"9,512,483.80",DISASTER PREVENTION AND PREPAREDNESS
Angola,2011,935.71,DEVELOPMENTAL FOOD AID/FOOD SECURITY ASSISTANCE
Angola,2011,"56,574,488.34",DEVELOPMENTAL FOOD AID/FOOD SECURITY ASSISTANCE
Antigua and Barbuda,2011,"39,952,431.96",DEVELOPMENTAL FOOD AID/FOOD SECURITY ASSISTANCE
Antigua and Barbuda,2011,"5,422,115.77",DEVELOPMENTAL FOOD AID/FOOD SECURITY ASSISTANCE
Antigua and Barbuda,2011,"4,181,592.62",DEVELOPMENTAL FOOD AID/FOOD SECURITY ASSISTANCE
Antigua and Barbuda,2011,"1,475,856.22",GOVERNMENT AND CIVIL SOCIETY
Antigua and Barbuda,2011,"5,707,490.28",DISASTER PREVENTION AND PREPAREDNESS
Antigua and Barbuda,2011,"17,122,470.84",DISASTER PREVENTION AND PREPAREDNESS
Argentina,2011,"1,844,820,272.01",DISASTER PREVENTION AND PREPAREDNESS
Argentina,2011,"82,273,880.13",DISASTER PREVENTION AND PREPAREDNESS
Argentina,2011,"82,273,880.13",DISASTER PREVENTION AND PREPAREDNESS
Argentina,2011,"82,273,880.13",DEVELOPMENTAL FOOD AID/FOOD SECURITY ASSISTANCE
"Asia, regional",2011,"1,598,844.24",DEVELOPMENTAL FOOD AID/FOOD SECURITY ASSISTANCE
Bahamas,2011,"368,964.05",DEVELOPMENTAL FOOD AID/FOOD SECURITY ASSISTANCE
Bahamas,2011,"12,298.80",DEVELOPMENTAL FOOD AID/FOOD SECURITY ASSISTANCE
Bahamas,2011,"12,298.80",DEVELOPMENTAL FOOD AID/FOOD SECURITY ASSISTANCE
Bahamas,2011,"12,298.80",DISASTER PREVENTION AND PREPAREDNESS
Bangladesh,2011,"259,504,718.26",DISASTER PREVENTION AND PREPAREDNESS
Bangladesh,2011,"1,778,834.47",DISASTER PREVENTION AND PREPAREDNESS
Bangladesh,2011,"114,149,805.59",DISASTER PREVENTION AND PREPAREDNESS
Bangladesh,2011,"399,711,058.94",DISASTER PREVENTION AND PREPAREDNESS
Barbados,2011,"2,078,497.51",DEVELOPMENTAL FOOD AID/FOOD SECURITY ASSISTANCE
Barbados,2011,"3,804,993.52",DEVELOPMENTAL FOOD AID/FOOD SECURITY ASSISTANCE
Belarus,2011,"402,271,666.40",DEVELOPMENTAL FOOD AID/FOOD SECURITY ASSISTANCE
Belarus,2011,"418,159,261.66",DEVELOPMENTAL FOOD AID/FOOD SECURITY ASSISTANCE
Belarus,2011,"13,317,477.32",DEVELOPMENTAL FOOD AID/FOOD SECURITY ASSISTANCE
Belarus,2011,"3,972,512.99",GOVERNMENT AND CIVIL SOCIETY
Belarus,2011,"78,681,526.18",DISASTER PREVENTION AND PREPAREDNESS
Belarus,2011,"402,271,666.40",DISASTER PREVENTION AND PREPAREDNESS
Benin,2011,"11,470,675.53",DISASTER PREVENTION AND PREPAREDNESS
Benin,2011,"7,609,987.04",DISASTER PREVENTION AND PREPAREDNESS
Benin,2011,"9,512,483.80",DISASTER PREVENTION AND PREPAREDNESS
Benin,2011,"15,219,974.08",DEVELOPMENTAL FOOD AID/FOOD SECURITY ASSISTANCE
Benin,2011,"7,299,520.79",DEVELOPMENTAL FOOD AID/FOOD SECURITY ASSISTANCE
Bolivia,2011,"12,298,801.81",DEVELOPMENTAL FOOD AID/FOOD SECURITY ASSISTANCE
Bolivia,2011,"380,499,351.98",DEVELOPMENTAL FOOD AID/FOOD SECURITY ASSISTANCE
Bolivia,2011,"4,304,580.63",DEVELOPMENTAL FOOD AID/FOOD SECURITY ASSISTANCE
Bolivia,2011,"9,322,234.12",DISASTER PREVENTION AND PREPAREDNESS
Bolivia,2011,"78,192,616.83",DISASTER PREVENTION AND PREPAREDNESS
Bolivia,2011,"7,674,452.33",DISASTER PREVENTION AND PREPAREDNESS
Bolivia,2011,"5,707,490.28",DISASTER PREVENTION AND PREPAREDNESS
Bolivia,2011,"3,804,993.52",DISASTER PREVENTION AND PREPAREDNESS
Bolivia,2011,"190,249.68",DEVELOPMENTAL FOOD AID/FOOD SECURITY ASSISTANCE
Bolivia,2011,"5,534,460.82",DEVELOPMENTAL FOOD AID/FOOD SECURITY ASSISTANCE
Bolivia,2011,"11,414,980.56",DEVELOPMENTAL FOOD AID/FOOD SECURITY ASSISTANCE
Bosnia and Herzegovina,2011,"581,297,497.98",DEVELOPMENTAL FOOD AID/FOOD SECURITY ASSISTANCE
Botswana,2011,"3,237.28",DEVELOPMENTAL FOOD AID/FOOD SECURITY ASSISTANCE
Botswana,2011,"3,740,860.58",GOVERNMENT AND CIVIL SOCIETY
Botswana,2011,"25,178.87",DISASTER PREVENTION AND PREPAREDNESS
Brazil,2011,"122,988.02",DISASTER PREVENTION AND PREPAREDNESS
Brazil,2011,"73,792,810.88",DISASTER PREVENTION AND PREPAREDNESS
Brazil,2011,"614,940,090.67",DISASTER PREVENTION AND PREPAREDNESS
Brazil,2011,"136,653,353.48",DISASTER PREVENTION AND PREPAREDNESS
Bulgaria,2011,"18,448.20",DEVELOPMENTAL FOOD AID/FOOD SECURITY ASSISTANCE
Bulgaria,2011,"162,421,359.73",DEVELOPMENTAL FOOD AID/FOOD SECURITY ASSISTANCE
Bulgaria,2011,"17,488.72",DEVELOPMENTAL FOOD AID/FOOD SECURITY ASSISTANCE
Burundi,2011,"38,774,432.48",DEVELOPMENTAL FOOD AID/FOOD SECURITY ASSISTANCE
Burundi,2011,"9,512,483.80",DEVELOPMENTAL FOOD AID/FOOD SECURITY ASSISTANCE
Burundi,2011,"19,024,967.60",DISASTER PREVENTION AND PREPAREDNESS
Burundi,2011,"38,774,432.48",DISASTER PREVENTION AND PREPAREDNESS
Burundi,2011,"760,998.70",DISASTER PREVENTION AND PREPAREDNESS
Burundi,2011,"122,988.02",DISASTER PREVENTION AND PREPAREDNESS
Cabo Verde,2011,"1,807,371.92",DISASTER PREVENTION AND PREPAREDNESS
Cabo Verde,2011,"17,065,101.46",DISASTER PREVENTION AND PREPAREDNESS
Cabo Verde,2011,"2,094,353.36",DISASTER PREVENTION AND PREPAREDNESS
Cambodia,2011,"513,674.13",DISASTER PREVENTION AND PREPAREDNESS
Cambodia,2011,"95,124.84",DISASTER PREVENTION AND PREPAREDNESS
Cambodia,2011,"1,902.50",DISASTER PREVENTION AND PREPAREDNESS
Cambodia,2011,"62,580,731.20",DEVELOPMENTAL FOOD AID/FOOD SECURITY ASSISTANCE
Cambodia,2011,"9,512,483.80",DEVELOPMENTAL FOOD AID/FOOD SECURITY ASSISTANCE
Cambodia,2011,"570,749.03",DEVELOPMENTAL FOOD AID/FOOD SECURITY ASSISTANCE
Cambodia,2011,"11,414,980.56",DEVELOPMENTAL FOOD AID/FOOD SECURITY ASSISTANCE
Cambodia,2011,"15,373,502.27",DEVELOPMENTAL FOOD AID/FOOD SECURITY ASSISTANCE
Cambodia,2011,"1,844,820.27",GOVERNMENT AND CIVIL SOCIETY
Cambodia,2011,"64,009,114.04",DISASTER PREVENTION AND PREPAREDNESS
Cambodia,2011,"84,114,703.29",DISASTER PREVENTION AND PREPAREDNESS
Cambodia,2011,"8,816,169.99",DISASTER PREVENTION AND PREPAREDNESS
Cambodia,2011,"76,099.87",DISASTER PREVENTION AND PREPAREDNESS
Cameroon,2011,"85,612,354.19",DISASTER PREVENTION AND PREPAREDNESS
Cameroon,2011,"520,239,316.71",DEVELOPMENTAL FOOD AID/FOOD SECURITY ASSISTANCE
Cameroon,2011,"1,902,496.76",DEVELOPMENTAL FOOD AID/FOOD SECURITY ASSISTANCE
Cameroon,2011,"82,378,109.70",DEVELOPMENTAL FOOD AID/FOOD SECURITY ASSISTANCE
Cameroon,2011,"9,512,483.80",DEVELOPMENTAL FOOD AID/FOOD SECURITY ASSISTANCE
Cameroon,2011,"19,024,967.60",DEVELOPMENTAL FOOD AID/FOOD SECURITY ASSISTANCE
Cameroon,2011,"285,374.51",DISASTER PREVENTION AND PREPAREDNESS
Central African Republic,2011,"41,711,547.37",DISASTER PREVENTION AND PREPAREDNESS
Central African Republic,2011,"18,248,801.97",DISASTER PREVENTION AND PREPAREDNESS
Central African Republic,2011,"55,836,560.23",DISASTER PREVENTION AND PREPAREDNESS
Chad,2011,"14,377,168.01",DISASTER PREVENTION AND PREPAREDNESS
Chad,2011,"2,459,760,362.68",DEVELOPMENTAL FOOD AID/FOOD SECURITY ASSISTANCE
Chad,2011,"159,884,423.57",DEVELOPMENTAL FOOD AID/FOOD SECURITY ASSISTANCE
Chad,2011,"405,860,459.84",DEVELOPMENTAL FOOD AID/FOOD SECURITY ASSISTANCE
Chad,2011,"86,091,612.69",DEVELOPMENTAL FOOD AID/FOOD SECURITY ASSISTANCE
Chile,2011,"12,298,801.81",DEVELOPMENTAL FOOD AID/FOOD SECURITY ASSISTANCE
Chile,2011,"16,398,402.01",GOVERNMENT AND CIVIL SOCIETY
Colombia,2011,"53,241.09",DISASTER PREVENTION AND PREPAREDNESS
Colombia,2011,"3,804,993.52",DISASTER PREVENTION AND PREPAREDNESS
Congo,2011,"88,551,373.06",DISASTER PREVENTION AND PREPAREDNESS
Congo,2011,"10,333,723.02",DISASTER PREVENTION AND PREPAREDNESS
Congo,2011,"213,771.68",DISASTER PREVENTION AND PREPAREDNESS
Congo,2011,"118,515,402.23",DEVELOPMENTAL FOOD AID/FOOD SECURITY ASSISTANCE
Congo,2011,"12,290,129.07",DEVELOPMENTAL FOOD AID/FOOD SECURITY ASSISTANCE
Costa Rica,2011,"79,904,863.92",DEVELOPMENTAL FOOD AID/FOOD SECURITY ASSISTANCE
Costa Rica,2011,"1,721,832.25",DEVELOPMENTAL FOOD AID/FOOD SECURITY ASSISTANCE
Cote d'Ivoire,2011,"2,841,599.16",DEVELOPMENTAL FOOD AID/FOOD SECURITY ASSISTANCE
Cote d'Ivoire,2011,"3,419,397.05",DISASTER PREVENTION AND PREPAREDNESS
Cote d'Ivoire,2011,"1,042,788.68",DISASTER PREVENTION AND PREPAREDNESS
Cote d'Ivoire,2011,"141,162,301.94",DISASTER PREVENTION AND PREPAREDNESS
Cote d'Ivoire,2011,"14,268,725.70",DISASTER PREVENTION AND PREPAREDNESS
Cote d'Ivoire,2011,"15,224,714.79",DISASTER PREVENTION AND PREPAREDNESS
Cote d'Ivoire,2011,"3,806,178.70",DEVELOPMENTAL FOOD AID/FOOD SECURITY ASSISTANCE
Cuba,2011,"5,707,490.28",DEVELOPMENTAL FOOD AID/FOOD SECURITY ASSISTANCE
Democratic People's Republic of Korea,2011,"705,967.04",DEVELOPMENTAL FOOD AID/FOOD SECURITY ASSISTANCE
Democratic People's Republic of Korea,2011,"1,229,880.18",DEVELOPMENTAL FOOD AID/FOOD SECURITY ASSISTANCE
Democratic People's Republic of Korea,2011,"95,407,955.07",DEVELOPMENTAL FOOD AID/FOOD SECURITY ASSISTANCE
Democratic People's Republic of Korea,2011,"116,961,605.25",GOVERNMENT AND CIVIL SOCIETY
Democratic People's Republic of Korea,2011,"427,672,630.83",DISASTER PREVENTION AND PREPAREDNESS
Democratic People's Republic of Korea,2011,"190,249.68",DISASTER PREVENTION AND PREPAREDNESS
Democratic Republic of the Congo,2011,"9,512,483.80",DISASTER PREVENTION AND PREPAREDNESS
Democratic Republic of the Congo,2011,"442,756,865.28",DISASTER PREVENTION AND PREPAREDNESS
Democratic Republic of the Congo,2011,"287,847,759.77",DISASTER PREVENTION AND PREPAREDNESS
Democratic Republic of the Congo,2011,"245,976,036.27",DEVELOPMENTAL FOOD AID/FOOD SECURITY ASSISTANCE
Democratic Republic of the Congo,2011,"119,913,317.68",DEVELOPMENTAL FOOD AID/FOOD SECURITY ASSISTANCE
Democratic Republic of the Congo,2011,"4,673,544.69",DEVELOPMENTAL FOOD AID/FOOD SECURITY ASSISTANCE
Democratic Republic of the Congo,2011,"11,806,849.74",DEVELOPMENTAL FOOD AID/FOOD SECURITY ASSISTANCE
Democratic Republic of the Congo,2011,"12,298,801.81",DEVELOPMENTAL FOOD AID/FOOD SECURITY ASSISTANCE
Democratic Republic of the Congo,2011,"84,000,816.39",DISASTER PREVENTION AND PREPAREDNESS
Democratic Republic of the Congo,2011,"23,490,711.46",DISASTER PREVENTION AND PREPAREDNESS
Democratic Republic of the Congo,2011,"2,090,796.31",DISASTER PREVENTION AND PREPAREDNESS
Democratic Republic of the Congo,2011,"64,684,889.84",DISASTER PREVENTION AND PREPAREDNESS
Democratic Republic of the Congo,2011,"19,024,967.60",DISASTER PREVENTION AND PREPAREDNESS
Democratic Republic of the Congo,2011,"65,270.37",DEVELOPMENTAL FOOD AID/FOOD SECURITY ASSISTANCE
Democratic Republic of the Congo,2011,"876,487.78",DEVELOPMENTAL FOOD AID/FOOD SECURITY ASSISTANCE
Democratic Republic of the Congo,2011,"1,827,570.24",DEVELOPMENTAL FOOD AID/FOOD SECURITY ASSISTANCE
Democratic Republic of the Congo,2011,"1,864,867.60",DEVELOPMENTAL FOOD AID/FOOD SECURITY ASSISTANCE
Democratic Republic of the Congo,2011,"1,977,267.53",DEVELOPMENTAL FOOD AID/FOOD SECURITY ASSISTANCE
Democratic Republic of the Congo,2011,"1,364,785.17",GOVERNMENT AND CIVIL SOCIETY
Democratic Republic of the Congo,2011,"372,973.53",DISASTER PREVENTION AND PREPAREDNESS
Democratic Republic of the Congo,2011,"9,214,582.09",DISASTER PREVENTION AND PREPAREDNESS
Democratic Republic of the Congo,2011,"23,787,363.72",DISASTER PREVENTION AND PREPAREDNESS
Democratic Republic of the Congo,2011,"6,970,641.10",DISASTER PREVENTION AND PREPAREDNESS
Democratic Republic of the Congo,2011,"210,616,981.05",DISASTER PREVENTION AND PREPAREDNESS
Djibouti,2011,"1,902,496.76",DEVELOPMENTAL FOOD AID/FOOD SECURITY ASSISTANCE
Djibouti,2011,"1,617,122.25",DEVELOPMENTAL FOOD AID/FOOD SECURITY ASSISTANCE
Djibouti,2011,"7,895,361.55",DEVELOPMENTAL FOOD AID/FOOD SECURITY ASSISTANCE
Dominica,2011,"899,664.19",DEVELOPMENTAL FOOD AID/FOOD SECURITY ASSISTANCE
Ecuador,2011,"1,229,880,181.34",DEVELOPMENTAL FOOD AID/FOOD SECURITY ASSISTANCE
Ecuador,2011,"1,721,832,253.88",DISASTER PREVENTION AND PREPAREDNESS
Ecuador,2011,"681,663,001.69",DISASTER PREVENTION AND PREPAREDNESS
Ecuador,2011,"760,998,703.95",DISASTER PREVENTION AND PREPAREDNESS
Ecuador,2011,"5,707,490.28",DISASTER PREVENTION AND PREPAREDNESS
Ecuador,2011,"185,176.25",DISASTER PREVENTION AND PREPAREDNESS
Ecuador,2011,"122,877.92",DEVELOPMENTAL FOOD AID/FOOD SECURITY ASSISTANCE
Egypt,2011,"11,414,980.56",DEVELOPMENTAL FOOD AID/FOOD SECURITY ASSISTANCE
Egypt,2011,"16,553,089.65",DEVELOPMENTAL FOOD AID/FOOD SECURITY ASSISTANCE
Egypt,2011,"95,124.84",DEVELOPMENTAL FOOD AID/FOOD SECURITY ASSISTANCE
Equatorial Guinea,2011,"145,193,582.56",DEVELOPMENTAL FOOD AID/FOOD SECURITY ASSISTANCE
Equatorial Guinea,2011,"81,669,012.76",GOVERNMENT AND CIVIL SOCIETY
Equatorial Guinea,2011,"246,785,162.26",DISASTER PREVENTION AND PREPAREDNESS
Eritrea,2011,"122,988,018.13",DISASTER PREVENTION AND PREPAREDNESS
Eritrea,2011,"28,287,244.17",DISASTER PREVENTION AND PREPAREDNESS
Ethiopia,2011,"44,275,686.53",DISASTER PREVENTION AND PREPAREDNESS
Ethiopia,2011,"19,024,967.60",DISASTER PREVENTION AND PREPAREDNESS
Ethiopia,2011,"5,707,490.28",DEVELOPMENTAL FOOD AID/FOOD SECURITY ASSISTANCE
Ethiopia,2011,"7,245.09",DEVELOPMENTAL FOOD AID/FOOD SECURITY ASSISTANCE
Ethiopia,2011,"9,512,483.80",DEVELOPMENTAL FOOD AID/FOOD SECURITY ASSISTANCE
Ethiopia,2011,"368,964,054.40",DEVELOPMENTAL FOOD AID/FOOD SECURITY ASSISTANCE
Ethiopia,2011,"120,618,294.58",DEVELOPMENTAL FOOD AID/FOOD SECURITY ASSISTANCE
Ethiopia,2011,"496,564,123.22",DISASTER PREVENTION AND PREPAREDNESS
Ethiopia,2011,"304,293,877.28",DISASTER PREVENTION AND PREPAREDNESS
Ethiopia,2011,"151,275,262.30",DISASTER PREVENTION AND PREPAREDNESS
Ethiopia,2011,"9,512,483.80",DISASTER PREVENTION AND PREPAREDNESS
Ethiopia,2011,"78,192,616.83",DISASTER PREVENTION AND PREPAREDNESS
Ethiopia,2011,"184,482,027.20",DISASTER PREVENTION AND PREPAREDNESS
Ethiopia,2011,"122,729,743.30",DISASTER PREVENTION AND PREPAREDNESS
Ethiopia,2011,"108,856,694.85",DISASTER PREVENTION AND PREPAREDNESS
Ethiopia,2011,"38,049.94",DISASTER PREVENTION AND PREPAREDNESS
Ethiopia,2011,"43,470.55",DISASTER PREVENTION AND PREPAREDNESS
Ethiopia,2011,"131,136.17",DEVELOPMENTAL FOOD AID/FOOD SECURITY ASSISTANCE
Ethiopia,2011,"7,609,987.04",DEVELOPMENTAL FOOD AID/FOOD SECURITY ASSISTANCE
Ethiopia,2011,"94,015.43",DEVELOPMENTAL FOOD AID/FOOD SECURITY ASSISTANCE
Ethiopia,2011,"3,832,189.50",DEVELOPMENTAL FOOD AID/FOOD SECURITY ASSISTANCE
Ethiopia,2011,"1,703,582.39",DEVELOPMENTAL FOOD AID/FOOD SECURITY ASSISTANCE
Fiji,2011,"2,378,120.95",GOVERNMENT AND CIVIL SOCIETY
Fiji,2011,"184,482.03",DISASTER PREVENTION AND PREPAREDNESS
Fiji,2011,"1,029,343.90",DISASTER PREVENTION AND PREPAREDNESS
Fiji,2011,"18,448.20",DISASTER PREVENTION AND PREPAREDNESS
Fiji,2011,"2,813,540.00",DISASTER PREVENTION AND PREPAREDNESS
Fiji,2011,"3,804,993.52",DISASTER PREVENTION AND PREPAREDNESS
Gabon,2011,"9,839,041.45",DEVELOPMENTAL FOOD AID/FOOD SECURITY ASSISTANCE
Gabon,2011,"161,712,224.59",DEVELOPMENTAL FOOD AID/FOOD SECURITY ASSISTANCE
Gabon,2011,"156,418,302.62",DEVELOPMENTAL FOOD AID/FOOD SECURITY ASSISTANCE
Georgia,2011,"11,414,980.56",DEVELOPMENTAL FOOD AID/FOOD SECURITY ASSISTANCE
Ghana,2011,"1,844,820,272.01",DEVELOPMENTAL FOOD AID/FOOD SECURITY ASSISTANCE
Ghana,2011,"1,844,820.27",DISASTER PREVENTION AND PREPAREDNESS
Ghana,2011,"16,791,436.40",DISASTER PREVENTION AND PREPAREDNESS
Ghana,2011,"13,590,176.00",DISASTER PREVENTION AND PREPAREDNESS
Ghana,2011,"36,896,405.44",DISASTER PREVENTION AND PREPAREDNESS
Ghana,2011,"1,902,496.76",DISASTER PREVENTION AND PREPAREDNESS
Ghana,2011,"165,517.22",DEVELOPMENTAL FOOD AID/FOOD SECURITY ASSISTANCE
Ghana,2011,"33,612,625.36",DEVELOPMENTAL FOOD AID/FOOD SECURITY ASSISTANCE
Ghana,2011,"156,809,723.12",DEVELOPMENTAL FOOD AID/FOOD SECURITY ASSISTANCE
Ghana,2011,"570,749.03",DEVELOPMENTAL FOOD AID/FOOD SECURITY ASSISTANCE
Ghana,2011,"33,612,625.36",DEVELOPMENTAL FOOD AID/FOOD SECURITY ASSISTANCE
Ghana,2011,"1,844,820,272.01",GOVERNMENT AND CIVIL SOCIETY
Guinea,2011,"28,537,451.40",DISASTER PREVENTION AND PREPAREDNESS
Guinea,2011,"3,804,993.52",DISASTER PREVENTION AND PREPAREDNESS
Guinea,2011,"15,219,974.08",DISASTER PREVENTION AND PREPAREDNESS
Guinea,2011,"570,749.03",DISASTER PREVENTION AND PREPAREDNESS
Guinea-Bissau,2011,"855,808.33",DISASTER PREVENTION AND PREPAREDNESS
Guyana,2011,"5,707,490.28",DEVELOPMENTAL FOOD AID/FOOD SECURITY ASSISTANCE
Guyana,2011,"5,780,436.85",DEVELOPMENTAL FOOD AID/FOOD SECURITY ASSISTANCE
Guyana,2011,"40,903,680.34",DEVELOPMENTAL FOOD AID/FOOD SECURITY ASSISTANCE
Guyana,2011,"535,735,806.99",DEVELOPMENTAL FOOD AID/FOOD SECURITY ASSISTANCE
Guyana,2011,"9,839,041.45",DEVELOPMENTAL FOOD AID/FOOD SECURITY ASSISTANCE
Guyana,2011,"860,916.13",DISASTER PREVENTION AND PREPAREDNESS
Guyana,2011,"96,452.92",DISASTER PREVENTION AND PREPAREDNESS
Guyana,2011,"6,028.31",DISASTER PREVENTION AND PREPAREDNESS
India,2011,"368,964,054.40",DISASTER PREVENTION AND PREPAREDNESS
India,2011,"1,635,740,641.18",DISASTER PREVENTION AND PREPAREDNESS
India,2011,"368,964,054.40",DEVELOPMENTAL FOOD AID/FOOD SECURITY ASSISTANCE
India,2011,"245,976,036.27",DEVELOPMENTAL FOOD AID/FOOD SECURITY ASSISTANCE
India,2011,"12,298,801.81",DEVELOPMENTAL FOOD AID/FOOD SECURITY ASSISTANCE
Indonesia,2011,"1,229,880,181.34",DEVELOPMENTAL FOOD AID/FOOD SECURITY ASSISTANCE
Indonesia,2011,"9,839,041,450.73",DEVELOPMENTAL FOOD AID/FOOD SECURITY ASSISTANCE
Indonesia,2011,"190,249,675.99",GOVERNMENT AND CIVIL SOCIETY
Indonesia,2011,"30,747,004.53",DISASTER PREVENTION AND PREPAREDNESS
Indonesia,2011,"84,523,263.34",DISASTER PREVENTION AND PREPAREDNESS
Indonesia,2011,"62,723,889.25",DISASTER PREVENTION AND PREPAREDNESS
Indonesia,2011,"105,208,070.82",DISASTER PREVENTION AND PREPAREDNESS
Indonesia,2011,"491,952,072.54",DISASTER PREVENTION AND PREPAREDNESS
Indonesia,2011,"430,458,063.47",DEVELOPMENTAL FOOD AID/FOOD SECURITY ASSISTANCE
Indonesia,2011,"2,336,772.34",DEVELOPMENTAL FOOD AID/FOOD SECURITY ASSISTANCE
Indonesia,2011,"6,518,364.96",DEVELOPMENTAL FOOD AID/FOOD SECURITY ASSISTANCE
Indonesia,2011,"295,171,243.52",DEVELOPMENTAL FOOD AID/FOOD SECURITY ASSISTANCE
Indonesia,2011,"98,390,414.51",DEVELOPMENTAL FOOD AID/FOOD SECURITY ASSISTANCE
Indonesia,2011,"98,390,414.51",DISASTER PREVENTION AND PREPAREDNESS
Indonesia,2011,"4,919,520.73",DISASTER PREVENTION AND PREPAREDNESS
Indonesia,2011,"10,453,981.54",DISASTER PREVENTION AND PREPAREDNESS
Indonesia,2011,"61,494,009.07",DISASTER PREVENTION AND PREPAREDNESS
Indonesia,2011,"61,494,009.07",DISASTER PREVENTION AND PREPAREDNESS
Indonesia,2011,"76,867,511.33",DEVELOPMENTAL FOOD AID/FOOD SECURITY ASSISTANCE
Indonesia,2011,"76,867,511.33",DEVELOPMENTAL FOOD AID/FOOD SECURITY ASSISTANCE
Indonesia,2011,"15,373,502.27",DEVELOPMENTAL FOOD AID/FOOD SECURITY ASSISTANCE
Indonesia,2011,"15,373,502.27",DEVELOPMENTAL FOOD AID/FOOD SECURITY ASSISTANCE
Indonesia,2011,"2,803,339.35",DEVELOPMENTAL FOOD AID/FOOD SECURITY ASSISTANCE
Indonesia,2011,"12,298,801.81",GOVERNMENT AND CIVIL SOCIETY
Indonesia,2011,"11,213,357.38",DISASTER PREVENTION AND PREPAREDNESS
Indonesia,2011,"7,008,348.36",DISASTER PREVENTION AND PREPAREDNESS
Iran,2011,"604,240,133.09",DISASTER PREVENTION AND PREPAREDNESS
Israel,2011,"1,180,684,974.09",DISASTER PREVENTION AND PREPAREDNESS
Israel,2011,"122,988,018.13",DISASTER PREVENTION AND PREPAREDNESS
Israel,2011,"1,627,632,994.33",DEVELOPMENTAL FOOD AID/FOOD SECURITY ASSISTANCE
Jamaica,2011,"3,995,243.20",DEVELOPMENTAL FOOD AID/FOOD SECURITY ASSISTANCE
Jamaica,2011,"5,707,490.28",DEVELOPMENTAL FOOD AID/FOOD SECURITY ASSISTANCE
Jamaica,2011,"3,995,243.20",DEVELOPMENTAL FOOD AID/FOOD SECURITY ASSISTANCE
Jamaica,2011,"6,149,400.91",DEVELOPMENTAL FOOD AID/FOOD SECURITY ASSISTANCE
Jamaica,2011,"4,289.70",DISASTER PREVENTION AND PREPAREDNESS
Jamaica,2011,"6,434.55",DISASTER PREVENTION AND PREPAREDNESS
Jordan,2011,"14,268,725.70",DISASTER PREVENTION AND PREPAREDNESS
Jordan,2011,"9,512,483.80",DISASTER PREVENTION AND PREPAREDNESS
Jordan,2011,"3,424,494.17",DISASTER PREVENTION AND PREPAREDNESS
Jordan,2011,"2,336,772.34",DEVELOPMENTAL FOOD AID/FOOD SECURITY ASSISTANCE
Jordan,2011,"38,049.94",DEVELOPMENTAL FOOD AID/FOOD SECURITY ASSISTANCE
Kazakhstan,2011,"190,249,675.99",DEVELOPMENTAL FOOD AID/FOOD SECURITY ASSISTANCE
Kazakhstan,2011,"60,510,104.92",DEVELOPMENTAL FOOD AID/FOOD SECURITY ASSISTANCE
Kazakhstan,2011,"1,721,832,253.88",DEVELOPMENTAL FOOD AID/FOOD SECURITY ASSISTANCE
Kazakhstan,2011,"1,648,039,443.00",GOVERNMENT AND CIVIL SOCIETY
Kazakhstan,2011,"78,343.37",DISASTER PREVENTION AND PREPAREDNESS
Kazakhstan,2011,"122,988,018.13",DISASTER PREVENTION AND PREPAREDNESS
Kazakhstan,2011,"614,940,090.67",DISASTER PREVENTION AND PREPAREDNESS
Kazakhstan,2011,"614,940,090.67",DISASTER PREVENTION AND PREPAREDNESS
Kenya,2011,"136,405,917.32",DISASTER PREVENTION AND PREPAREDNESS
Kenya,2011,"20,774,779.87",DEVELOPMENTAL FOOD AID/FOOD SECURITY ASSISTANCE
Kenya,2011,"217,121,155.09",DEVELOPMENTAL FOOD AID/FOOD SECURITY ASSISTANCE
Kenya,2011,"152,348.39",DEVELOPMENTAL FOOD AID/FOOD SECURITY ASSISTANCE
Kenya,2011,"22,875,771.37",DEVELOPMENTAL FOOD AID/FOOD SECURITY ASSISTANCE
Kenya,2011,"56,343,173.27",DEVELOPMENTAL FOOD AID/FOOD SECURITY ASSISTANCE
Kenya,2011,"35,835,367.69",DISASTER PREVENTION AND PREPAREDNESS
Kenya,2011,"9,512,483.80",DISASTER PREVENTION AND PREPAREDNESS
Kenya,2011,"5,707,490.28",DISASTER PREVENTION AND PREPAREDNESS
Kenya,2011,"19,024,967.60",DISASTER PREVENTION AND PREPAREDNESS
Kyrgyz Republic,2011,"6,149,400.91",DISASTER PREVENTION AND PREPAREDNESS
Kyrgyz Republic,2011,"5,707,490.28",DISASTER PREVENTION AND PREPAREDNESS
Kyrgyz Republic,2011,"255,815,077.72",DISASTER PREVENTION AND PREPAREDNESS
Kyrgyz Republic,2011,"6,106,021.80",DISASTER PREVENTION AND PREPAREDNESS
Kyrgyz Republic,2011,"4,919,520.73",DISASTER PREVENTION AND PREPAREDNESS
Kyrgyz Republic,2011,"3,812,628.56",DISASTER PREVENTION AND PREPAREDNESS
Kyrgyz Republic,2011,"429,013.02",DEVELOPMENTAL FOOD AID/FOOD SECURITY ASSISTANCE
Lao People's Democratic Republic,2011,"36,896.41",DEVELOPMENTAL FOOD AID/FOOD SECURITY ASSISTANCE
Lao People's Democratic Republic,2011,"39,390,602.45",DEVELOPMENTAL FOOD AID/FOOD SECURITY ASSISTANCE
Lao People's Democratic Republic,2011,"16,603.38",DEVELOPMENTAL FOOD AID/FOOD SECURITY ASSISTANCE
Lao People's Democratic Republic,2011,"298,491,920.01",DEVELOPMENTAL FOOD AID/FOOD SECURITY ASSISTANCE
Lao People's Democratic Republic,2011,"149,430,442.03",GOVERNMENT AND CIVIL SOCIETY
Lao People's Democratic Republic,2011,"9,931,282.46",DISASTER PREVENTION AND PREPAREDNESS
Lao People's Democratic Republic,2011,"39,865,336.20",DISASTER PREVENTION AND PREPAREDNESS
Lao People's Democratic Republic,2011,"106,907,334.76",DISASTER PREVENTION AND PREPAREDNESS
Lao People's Democratic Republic,2011,"43,186,676.45",DISASTER PREVENTION AND PREPAREDNESS
Lao People's Democratic Republic,2011,"152,199.74",DISASTER PREVENTION AND PREPAREDNESS
Lao People's Democratic Republic,2011,"84,578,860.07",DEVELOPMENTAL FOOD AID/FOOD SECURITY ASSISTANCE
Lebanon,2011,"926,099.78",DEVELOPMENTAL FOOD AID/FOOD SECURITY ASSISTANCE
Lebanon,2011,"3,804,993.52",DEVELOPMENTAL FOOD AID/FOOD SECURITY ASSISTANCE
Lebanon,2011,"8,561,235.42",DEVELOPMENTAL FOOD AID/FOOD SECURITY ASSISTANCE
Lebanon,2011,"4,565,992.22",DEVELOPMENTAL FOOD AID/FOOD SECURITY ASSISTANCE
Lebanon,2011,"380,499.35",DISASTER PREVENTION AND PREPAREDNESS
Lesotho,2011,"9,512,483.80",DISASTER PREVENTION AND PREPAREDNESS
Lesotho,2011,"9,512,483.80",DISASTER PREVENTION AND PREPAREDNESS
Lesotho,2011,"846,651.95",DISASTER PREVENTION AND PREPAREDNESS
Lesotho,2011,"38,049,935.20",DISASTER PREVENTION AND PREPAREDNESS
Lesotho,2011,"25,399.56",DEVELOPMENTAL FOOD AID/FOOD SECURITY ASSISTANCE
Liberia,2011,"11,068,921.63",DEVELOPMENTAL FOOD AID/FOOD SECURITY ASSISTANCE
Liberia,2011,"9,512,483.80",DEVELOPMENTAL FOOD AID/FOOD SECURITY ASSISTANCE
Liberia,2011,"1,864,446.82",DEVELOPMENTAL FOOD AID/FOOD SECURITY ASSISTANCE
Liberia,2011,"570,749.03",DEVELOPMENTAL FOOD AID/FOOD SECURITY ASSISTANCE
Liberia,2011,"19,678,082.90",GOVERNMENT AND CIVIL SOCIETY
Liberia,2011,"7,379,281.09",DISASTER PREVENTION AND PREPAREDNESS
Liberia,2011,"1,229,880.18",DISASTER PREVENTION AND PREPAREDNESS
Libya,2011,"3,804,993.52",DISASTER PREVENTION AND PREPAREDNESS
Madagascar,2011,"2,856,289.72",DISASTER PREVENTION AND PREPAREDNESS
Malawi,2011,"102,553,589.20",DISASTER PREVENTION AND PREPAREDNESS
Malawi,2011,"3,919.18",DEVELOPMENTAL FOOD AID/FOOD SECURITY ASSISTANCE
Malawi,2011,"15,676.72",DEVELOPMENTAL FOOD AID/FOOD SECURITY ASSISTANCE
Malawi,2011,"195,958.98",DEVELOPMENTAL FOOD AID/FOOD SECURITY ASSISTANCE
Malawi,2011,"15,676.72",DEVELOPMENTAL FOOD AID/FOOD SECURITY ASSISTANCE
Maldives,2011,"5,904,031.95",DEVELOPMENTAL FOOD AID/FOOD SECURITY ASSISTANCE
Mali,2011,"18,248,801.97",DISASTER PREVENTION AND PREPAREDNESS
Mali,2011,"13,317,477.32",DISASTER PREVENTION AND PREPAREDNESS
Mali,2011,"9,512,483.80",DISASTER PREVENTION AND PREPAREDNESS
Mali,2011,"52,661,110.31",DISASTER PREVENTION AND PREPAREDNESS
Mali,2011,"76,480,369.75",DISASTER PREVENTION AND PREPAREDNESS
Mali,2011,"13,317,477.32",DEVELOPMENTAL FOOD AID/FOOD SECURITY ASSISTANCE
Mali,2011,"9,512,483.80",DEVELOPMENTAL FOOD AID/FOOD SECURITY ASSISTANCE
Mali,2011,"185,094.99",DEVELOPMENTAL FOOD AID/FOOD SECURITY ASSISTANCE
Mali,2011,"114,149.81",DEVELOPMENTAL FOOD AID/FOOD SECURITY ASSISTANCE
Mali,2011,"152,199.74",DEVELOPMENTAL FOOD AID/FOOD SECURITY ASSISTANCE
Mali,2011,"5,513,435.61",GOVERNMENT AND CIVIL SOCIETY
Mali,2011,"2,867,668.88",DISASTER PREVENTION AND PREPAREDNESS
Marshall Islands,2011,"40,094,093.91",DISASTER PREVENTION AND PREPAREDNESS
Mauritania,2011,"11,414,980.56",DISASTER PREVENTION AND PREPAREDNESS
Mauritania,2011,"15,219,974.08",DISASTER PREVENTION AND PREPAREDNESS
Mauritania,2011,"38,049,935.20",DISASTER PREVENTION AND PREPAREDNESS
Mauritania,2011,"11,414,980.56",DEVELOPMENTAL FOOD AID/FOOD SECURITY ASSISTANCE
Mauritania,2011,"9,512,483.80",DEVELOPMENTAL FOOD AID/FOOD SECURITY ASSISTANCE
Mauritius,2011,"7,379,281.09",DEVELOPMENTAL FOOD AID/FOOD SECURITY ASSISTANCE
Mauritius,2011,"3,689,640.54",DEVELOPMENTAL FOOD AID/FOOD SECURITY ASSISTANCE
Mauritius,2011,"3,804,993.52",DEVELOPMENTAL FOOD AID/FOOD SECURITY ASSISTANCE
Mauritius,2011,"7,134,362.85",DISASTER PREVENTION AND PREPAREDNESS
Mexico,2011,"461,205,068.00",DISASTER PREVENTION AND PREPAREDNESS
Micronesia,2011,"1,902,496.76",DISASTER PREVENTION AND PREPAREDNESS
Micronesia,2011,"3,804,993.52",DISASTER PREVENTION AND PREPAREDNESS
Micronesia,2011,"1,902,496.76",DISASTER PREVENTION AND PREPAREDNESS
Moldova,2011,"11,683,861.72",DEVELOPMENTAL FOOD AID/FOOD SECURITY ASSISTANCE
Moldova,2011,"5,707,490.28",DEVELOPMENTAL FOOD AID/FOOD SECURITY ASSISTANCE
Mongolia,2011,"171,224.71",DEVELOPMENTAL FOOD AID/FOOD SECURITY ASSISTANCE
Mongolia,2011,"614,940,090.67",DEVELOPMENTAL FOOD AID/FOOD SECURITY ASSISTANCE
Mongolia,2011,"443,966.64",DEVELOPMENTAL FOOD AID/FOOD SECURITY ASSISTANCE
Mongolia,2011,"430,458,063.47",GOVERNMENT AND CIVIL SOCIETY
Mongolia,2011,"122,875,070.37",DISASTER PREVENTION AND PREPAREDNESS
Mongolia,2011,"28,225,750.16",DISASTER PREVENTION AND PREPAREDNESS
Mongolia,2011,"245,976,036.27",DISASTER PREVENTION AND PREPAREDNESS
Montenegro,2011,"1,902,496.76",DISASTER PREVENTION AND PREPAREDNESS
Morocco,2011,"226,297,953.37",DISASTER PREVENTION AND PREPAREDNESS
Morocco,2011,"4,193,088.25",DEVELOPMENTAL FOOD AID/FOOD SECURITY ASSISTANCE
Morocco,2011,"61,494,009.07",DEVELOPMENTAL FOOD AID/FOOD SECURITY ASSISTANCE
Morocco,2011,"91,154.09",DEVELOPMENTAL FOOD AID/FOOD SECURITY ASSISTANCE
Mozambique,2011,"98,390,414.51",DEVELOPMENTAL FOOD AID/FOOD SECURITY ASSISTANCE
Mozambique,2011,"120,533,745.90",DEVELOPMENTAL FOOD AID/FOOD SECURITY ASSISTANCE
Mozambique,2011,"951,248.38",DISASTER PREVENTION AND PREPAREDNESS
Mozambique,2011,"5,707,490.28",DISASTER PREVENTION AND PREPAREDNESS
Myanmar,2011,"466,111.71",DISASTER PREVENTION AND PREPAREDNESS
Myanmar,2011,"338,865.46",DISASTER PREVENTION AND PREPAREDNESS
Myanmar,2011,"614,940.09",DISASTER PREVENTION AND PREPAREDNESS
Myanmar,2011,"9,839.04",DEVELOPMENTAL FOOD AID/FOOD SECURITY ASSISTANCE
Myanmar,2011,"923,237,202.67",DEVELOPMENTAL FOOD AID/FOOD SECURITY ASSISTANCE
Myanmar,2011,"245,976,036.27",DEVELOPMENTAL FOOD AID/FOOD SECURITY ASSISTANCE
Myanmar,2011,"59,415,511.56",DEVELOPMENTAL FOOD AID/FOOD SECURITY ASSISTANCE
Myanmar,2011,"24,597,603.63",DEVELOPMENTAL FOOD AID/FOOD SECURITY ASSISTANCE
Myanmar,2011,"55,552,905.39",GOVERNMENT AND CIVIL SOCIETY
Myanmar,2011,"34,498,139.09",DISASTER PREVENTION AND PREPAREDNESS
Myanmar,2011,"7,379,281.09",DISASTER PREVENTION AND PREPAREDNESS
Myanmar,2011,"5,707,490,279.65",DISASTER PREVENTION AND PREPAREDNESS
Myanmar,2011,"71,714,313.37",DISASTER PREVENTION AND PREPAREDNESS
Myanmar,2011,"5,707,490.28",DISASTER PREVENTION AND PREPAREDNESS
Myanmar,2011,"836,318.52",DEVELOPMENTAL FOOD AID/FOOD SECURITY ASSISTANCE
Myanmar,2011,"101,320.77",DEVELOPMENTAL FOOD AID/FOOD SECURITY ASSISTANCE
Namibia,2011,"575,723.32",DEVELOPMENTAL FOOD AID/FOOD SECURITY ASSISTANCE
Namibia,2011,"5,707,490.28",DEVELOPMENTAL FOOD AID/FOOD SECURITY ASSISTANCE
Namibia,2011,"18,834,717.92",DEVELOPMENTAL FOOD AID/FOOD SECURITY ASSISTANCE
Namibia,2011,"2,201.30",DISASTER PREVENTION AND PREPAREDNESS
Namibia,2011,"4,825.92",DISASTER PREVENTION AND PREPAREDNESS
Nepal,2011,"9,512,483.80",DISASTER PREVENTION AND PREPAREDNESS
Nepal,2011,"40,775,532.39",DISASTER PREVENTION AND PREPAREDNESS
Nepal,2011,"24,732,457.88",DISASTER PREVENTION AND PREPAREDNESS
Nepal,2011,"28,537,451.40",DISASTER PREVENTION AND PREPAREDNESS
Nepal,2011,"49,413.21",DISASTER PREVENTION AND PREPAREDNESS
Nepal,2011,"29,298,450.10",DISASTER PREVENTION AND PREPAREDNESS
Nepal,2011,"32,942.14",DISASTER PREVENTION AND PREPAREDNESS
Nepal,2011,"16,471.07",DISASTER PREVENTION AND PREPAREDNESS
Nepal,2011,"47,562.42",DEVELOPMENTAL FOOD AID/FOOD SECURITY ASSISTANCE
Nepal,2011,"122,988.02",DEVELOPMENTAL FOOD AID/FOOD SECURITY ASSISTANCE
Nepal,2011,"183,717,704.63",DEVELOPMENTAL FOOD AID/FOOD SECURITY ASSISTANCE
Niger,2011,"123,662,289.39",DEVELOPMENTAL FOOD AID/FOOD SECURITY ASSISTANCE
Niger,2011,"3,910,457.57",DEVELOPMENTAL FOOD AID/FOOD SECURITY ASSISTANCE
Niger,2011,"2,663,495.46",GOVERNMENT AND CIVIL SOCIETY
Niger,2011,"249,665,676.81",DISASTER PREVENTION AND PREPAREDNESS
Niger,2011,"24,870.51",DISASTER PREVENTION AND PREPAREDNESS
Niger,2011,"15,219,974.08",DISASTER PREVENTION AND PREPAREDNESS
Niue,2011,"1,457,941.96",DISASTER PREVENTION AND PREPAREDNESS
North Macedonia,2011,"3,761,336.75",DISASTER PREVENTION AND PREPAREDNESS
North Macedonia,2011,"1,623,441.84",DEVELOPMENTAL FOOD AID/FOOD SECURITY ASSISTANCE
North Macedonia,2011,"6,087,989.63",DEVELOPMENTAL FOOD AID/FOOD SECURITY ASSISTANCE
North Macedonia,2011,"2,179,865,617.41",DEVELOPMENTAL FOOD AID/FOOD SECURITY ASSISTANCE
"Oceania, regional",2011,"491,952.07",DEVELOPMENTAL FOOD AID/FOOD SECURITY ASSISTANCE
Pakistan,2011,"12,298,801.81",DEVELOPMENTAL FOOD AID/FOOD SECURITY ASSISTANCE
Pakistan,2011,"1,331,747.73",DISASTER PREVENTION AND PREPAREDNESS
Pakistan,2011,"5,707,490.28",DISASTER PREVENTION AND PREPAREDNESS
Pakistan,2011,"190,249.68",DISASTER PREVENTION AND PREPAREDNESS
Pakistan,2011,"14,244.63",DISASTER PREVENTION AND PREPAREDNESS
Pakistan,2011,"318,538,966.97",DISASTER PREVENTION AND PREPAREDNESS
Pakistan,2011,"1,475,856.22",DEVELOPMENTAL FOOD AID/FOOD SECURITY ASSISTANCE
Pakistan,2011,"6,149,400.91",DEVELOPMENTAL FOOD AID/FOOD SECURITY ASSISTANCE
Pakistan,2011,"242,187,837.53",DEVELOPMENTAL FOOD AID/FOOD SECURITY ASSISTANCE
Pakistan,2011,"190,245,245.73",DEVELOPMENTAL FOOD AID/FOOD SECURITY ASSISTANCE
Pakistan,2011,"111,296,060.45",DEVELOPMENTAL FOOD AID/FOOD SECURITY ASSISTANCE
Pakistan,2011,"67,643,409.97",GOVERNMENT AND CIVIL SOCIETY
Pakistan,2011,"787,123,316.06",DISASTER PREVENTION AND PREPAREDNESS
Panama,2011,"42,184,890.22",DISASTER PREVENTION AND PREPAREDNESS
Panama,2011,"42,184,890.22",DISASTER PREVENTION AND PREPAREDNESS
Papua New Guinea,2011,"15,676.59",DISASTER PREVENTION AND PREPAREDNESS
Papua New Guinea,2011,"11,234,886.85",DISASTER PREVENTION AND PREPAREDNESS
Papua New Guinea,2011,"55,933,404.74",DEVELOPMENTAL FOOD AID/FOOD SECURITY ASSISTANCE
Papua New Guinea,2011,"145,002,873.38",DEVELOPMENTAL FOOD AID/FOOD SECURITY ASSISTANCE
Papua New Guinea,2011,"265,703,314.38",DEVELOPMENTAL FOOD AID/FOOD SECURITY ASSISTANCE
Papua New Guinea,2011,"43,045,806.35",DEVELOPMENTAL FOOD AID/FOOD SECURITY ASSISTANCE
Peru,2011,"3,804,993.52",DEVELOPMENTAL FOOD AID/FOOD SECURITY ASSISTANCE
Peru,2011,"36,896,405.44",DISASTER PREVENTION AND PREPAREDNESS
Peru,2011,"184,482,027.20",DISASTER PREVENTION AND PREPAREDNESS
Peru,2011,"61,494,009.07",DISASTER PREVENTION AND PREPAREDNESS
Peru,2011,"477,259.54",DISASTER PREVENTION AND PREPAREDNESS
Peru,2011,"12,298,801.81",DISASTER PREVENTION AND PREPAREDNESS
Peru,2011,"93,949.21",DEVELOPMENTAL FOOD AID/FOOD SECURITY ASSISTANCE
Peru,2011,"3,804,993.52",DEVELOPMENTAL FOOD AID/FOOD SECURITY ASSISTANCE
Peru,2011,"1,902,496.76",DEVELOPMENTAL FOOD AID/FOOD SECURITY ASSISTANCE
Philippines,2011,"397,601.14",DEVELOPMENTAL FOOD AID/FOOD SECURITY ASSISTANCE
Philippines,2011,"1,918,613.08",DEVELOPMENTAL FOOD AID/FOOD SECURITY ASSISTANCE
Philippines,2011,"1,229,880.18",GOVERNMENT AND CIVIL SOCIETY
Russia,2011,"273,927,857.68",DISASTER PREVENTION AND PREPAREDNESS
Russia,2011,"99,927,764.73",DISASTER PREVENTION AND PREPAREDNESS
Russia,2011,"6,149,400,906.71",DISASTER PREVENTION AND PREPAREDNESS
Russia,2011,"202,606,577.11",DISASTER PREVENTION AND PREPAREDNESS
Russia,2011,"245,976,036.27",DISASTER PREVENTION AND PREPAREDNESS
Russia,2011,"614,940,090.67",DEVELOPMENTAL FOOD AID/FOOD SECURITY ASSISTANCE
Russia,2011,"368,964,054.40",DEVELOPMENTAL FOOD AID/FOOD SECURITY ASSISTANCE
Russia,2011,"614,940,090.67",DEVELOPMENTAL FOOD AID/FOOD SECURITY ASSISTANCE
Russia,2011,"181,553,740.29",DEVELOPMENTAL FOOD AID/FOOD SECURITY ASSISTANCE
Rwanda,2011,"9,512,483.80",DEVELOPMENTAL FOOD AID/FOOD SECURITY ASSISTANCE
Rwanda,2011,"9,512,483.80",DISASTER PREVENTION AND PREPAREDNESS
Samoa,2011,"1,902,496.76",DISASTER PREVENTION AND PREPAREDNESS
Samoa,2011,"190,249.68",DISASTER PREVENTION AND PREPAREDNESS
Senegal,2011,"2,606,971.71",DISASTER PREVENTION AND PREPAREDNESS
Senegal,2011,"187,477.34",DISASTER PREVENTION AND PREPAREDNESS
Senegal,2011,"101,022,577.95",DEVELOPMENTAL FOOD AID/FOOD SECURITY ASSISTANCE
Serbia,2011,"360,354,893.13",DEVELOPMENTAL FOOD AID/FOOD SECURITY ASSISTANCE
Serbia,2011,"2,853,745.14",DEVELOPMENTAL FOOD AID/FOOD SECURITY ASSISTANCE
Serbia,2011,"1,902,496.76",DEVELOPMENTAL FOOD AID/FOOD SECURITY ASSISTANCE
Serbia,2011,"67,847,583.88",DEVELOPMENTAL FOOD AID/FOOD SECURITY ASSISTANCE
Serbia,2011,"854,849.26",GOVERNMENT AND CIVIL SOCIETY
Serbia,2011,"1,709,696.81",DISASTER PREVENTION AND PREPAREDNESS
Seychelles,2011,"7,609,987.04",DISASTER PREVENTION AND PREPAREDNESS
Seychelles,2011,"7,609,987.04",DISASTER PREVENTION AND PREPAREDNESS
Seychelles,2011,"13,697,976.67",DISASTER PREVENTION AND PREPAREDNESS
Seychelles,2011,"9,512,483.80",DISASTER PREVENTION AND PREPAREDNESS
Seychelles,2011,"247,324.58",DEVELOPMENTAL FOOD AID/FOOD SECURITY ASSISTANCE
Seychelles,2011,"1,865,233.68",DEVELOPMENTAL FOOD AID/FOOD SECURITY ASSISTANCE
Seychelles,2011,"19,842,911.52",DEVELOPMENTAL FOOD AID/FOOD SECURITY ASSISTANCE
Sierra Leone,2011,"19,024,967.60",DEVELOPMENTAL FOOD AID/FOOD SECURITY ASSISTANCE
Sierra Leone,2011,"34,244,941.68",DEVELOPMENTAL FOOD AID/FOOD SECURITY ASSISTANCE
Sierra Leone,2011,"98,390.41",DISASTER PREVENTION AND PREPAREDNESS
Somalia,2011,"19,633,766.56",DISASTER PREVENTION AND PREPAREDNESS
South Africa,2011,"442,756,865.28",DISASTER PREVENTION AND PREPAREDNESS
South Africa,2011,"58,573,043.64",DISASTER PREVENTION AND PREPAREDNESS
South Africa,2011,"110,689,216.32",DISASTER PREVENTION AND PREPAREDNESS
South Sudan,2011,"934,708.94",DEVELOPMENTAL FOOD AID/FOOD SECURITY ASSISTANCE
South Sudan,2011,"38,049,935.20",DEVELOPMENTAL FOOD AID/FOOD SECURITY ASSISTANCE
South Sudan,2011,"9,839,041.45",DEVELOPMENTAL FOOD AID/FOOD SECURITY ASSISTANCE
South Sudan,2011,"122,988.02",DEVELOPMENTAL FOOD AID/FOOD SECURITY ASSISTANCE
Sri Lanka,2011,"1,902,496.76",DEVELOPMENTAL FOOD AID/FOOD SECURITY ASSISTANCE
Sri Lanka,2011,"430,458,063.47",GOVERNMENT AND CIVIL SOCIETY
Sri Lanka,2011,"55,631.37",DISASTER PREVENTION AND PREPAREDNESS
Sri Lanka,2011,"1,668,941.21",DISASTER PREVENTION AND PREPAREDNESS
Sri Lanka,2011,"614,940,090.67",DISASTER PREVENTION AND PREPAREDNESS
Sri Lanka,2011,"91,416,878.27",DISASTER PREVENTION AND PREPAREDNESS
Sri Lanka,2011,"30,658,510.82",DISASTER PREVENTION AND PREPAREDNESS
Sri Lanka,2011,"93,615,404.70",DEVELOPMENTAL FOOD AID/FOOD SECURITY ASSISTANCE
Sri Lanka,2011,"951,248.38",DEVELOPMENTAL FOOD AID/FOOD SECURITY ASSISTANCE
Sri Lanka,2011,"59,449,004.89",DEVELOPMENTAL FOOD AID/FOOD SECURITY ASSISTANCE
Sri Lanka,2011,"85,689,032.32",DEVELOPMENTAL FOOD AID/FOOD SECURITY ASSISTANCE
Sri Lanka,2011,"1,902,496.76",DEVELOPMENTAL FOOD AID/FOOD SECURITY ASSISTANCE
Sri Lanka,2011,"68,097,875.30",DISASTER PREVENTION AND PREPAREDNESS
Sudan,2011,"29,298,450.10",DISASTER PREVENTION AND PREPAREDNESS
Sudan,2011,"127,907,538.86",DISASTER PREVENTION AND PREPAREDNESS
Sudan,2011,"10,134,420.71",DISASTER PREVENTION AND PREPAREDNESS
Sudan,2011,"15,988,442.36",DISASTER PREVENTION AND PREPAREDNESS
Sudan,2011,"614,940.09",DISASTER PREVENTION AND PREPAREDNESS
Sudan,2011,"38,049.94",DISASTER PREVENTION AND PREPAREDNESS
Sudan,2011,"19,024,967.60",DISASTER PREVENTION AND PREPAREDNESS
Sudan,2011,"11,414,980.56",DISASTER PREVENTION AND PREPAREDNESS
Sudan,2011,"114,891,740.78",DISASTER PREVENTION AND PREPAREDNESS
Suriname,2011,"17,096,985.23",DEVELOPMENTAL FOOD AID/FOOD SECURITY ASSISTANCE
Tajikistan,2011,"32,547,289.61",DEVELOPMENTAL FOOD AID/FOOD SECURITY ASSISTANCE
Tajikistan,2011,"376,109.66",DEVELOPMENTAL FOOD AID/FOOD SECURITY ASSISTANCE
Tajikistan,2011,"940,275.38",DEVELOPMENTAL FOOD AID/FOOD SECURITY ASSISTANCE
Tajikistan,2011,"570,749.03",DEVELOPMENTAL FOOD AID/FOOD SECURITY ASSISTANCE
Tanzania,2011,"78,002,367.16",GOVERNMENT AND CIVIL SOCIETY
Tanzania,2011,"12,298,801.81",DISASTER PREVENTION AND PREPAREDNESS
Tanzania,2011,"7,010,317.03",DISASTER PREVENTION AND PREPAREDNESS
Tanzania,2011,"46,120,506.80",DISASTER PREVENTION AND PREPAREDNESS
Tanzania,2011,"27,057,363.99",DISASTER PREVENTION AND PREPAREDNESS
Tanzania,2011,"167,263,704.66",DISASTER PREVENTION AND PREPAREDNESS
Tanzania,2011,"1,861,464.13",DEVELOPMENTAL FOOD AID/FOOD SECURITY ASSISTANCE
Tanzania,2011,"6,848,988.34",DEVELOPMENTAL FOOD AID/FOOD SECURITY ASSISTANCE
Tanzania,2011,"18,448,202.72",DEVELOPMENTAL FOOD AID/FOOD SECURITY ASSISTANCE
Thailand,2011,"1,229,880.18",DEVELOPMENTAL FOOD AID/FOOD SECURITY ASSISTANCE
Thailand,2011,"5,707,490.28",DEVELOPMENTAL FOOD AID/FOOD SECURITY ASSISTANCE
Thailand,2011,"1,902,496.76",DISASTER PREVENTION AND PREPAREDNESS
Thailand,2011,"285,374,513.98",DISASTER PREVENTION AND PREPAREDNESS
Thailand,2011,"8,301,691.22",DISASTER PREVENTION AND PREPAREDNESS
Timor-Leste,2011,"674,752.04",DISASTER PREVENTION AND PREPAREDNESS
Timor-Leste,2011,"779,825.67",DISASTER PREVENTION AND PREPAREDNESS
Timor-Leste,2011,"9,700,270.53",DEVELOPMENTAL FOOD AID/FOOD SECURITY ASSISTANCE
Togo,2011,"10,427,886.84",DEVELOPMENTAL FOOD AID/FOOD SECURITY ASSISTANCE
Togo,2011,"57,361,611.66",DEVELOPMENTAL FOOD AID/FOOD SECURITY ASSISTANCE
Togo,2011,"2,085,577.37",DEVELOPMENTAL FOOD AID/FOOD SECURITY ASSISTANCE
Togo,2011,"13,317,477.32",DEVELOPMENTAL FOOD AID/FOOD SECURITY ASSISTANCE
Togo,2011,"5,707,490.28",GOVERNMENT AND CIVIL SOCIETY
Togo,2011,"15,143,874.21",DISASTER PREVENTION AND PREPAREDNESS
Tonga,2011,"3,804,993.52",DISASTER PREVENTION AND PREPAREDNESS
Tonga,2011,"307,470.05",DISASTER PREVENTION AND PREPAREDNESS
Tonga,2011,"1,160,523.02",DISASTER PREVENTION AND PREPAREDNESS
Tonga,2011,"31,300,450.62",DISASTER PREVENTION AND PREPAREDNESS
Tonga,2011,"9,512,483.80",DEVELOPMENTAL FOOD AID/FOOD SECURITY ASSISTANCE
Trinidad and Tobago,2011,"39,381,682.93",DEVELOPMENTAL FOOD AID/FOOD SECURITY ASSISTANCE
Trinidad and Tobago,2011,"5,707,490.28",DEVELOPMENTAL FOOD AID/FOOD SECURITY ASSISTANCE
Trinidad and Tobago,2011,"7,609,987.04",DEVELOPMENTAL FOOD AID/FOOD SECURITY ASSISTANCE
Tunisia,2011,"2,459,760.36",DEVELOPMENTAL FOOD AID/FOOD SECURITY ASSISTANCE
Tunisia,2011,"7,609,987.04",DISASTER PREVENTION AND PREPAREDNESS
Tunisia,2011,"5,764,565.18",DISASTER PREVENTION AND PREPAREDNESS
Turkey,2011,"1,229,880.18",DISASTER PREVENTION AND PREPAREDNESS
Turkey,2011,"153,735,022.67",DISASTER PREVENTION AND PREPAREDNESS
Turkey,2011,"153,735,022.67",DISASTER PREVENTION AND PREPAREDNESS
Turkmenistan,2011,"5,042,508,743.50",DEVELOPMENTAL FOOD AID/FOOD SECURITY ASSISTANCE
Turkmenistan,2011,"38,049,935.20",DEVELOPMENTAL FOOD AID/FOOD SECURITY ASSISTANCE
Turkmenistan,2011,"53,269,909.28",DEVELOPMENTAL FOOD AID/FOOD SECURITY ASSISTANCE
Uganda,2011,"430,458,063.47",DEVELOPMENTAL FOOD AID/FOOD SECURITY ASSISTANCE
Uganda,2011,"19,024,967.60",DEVELOPMENTAL FOOD AID/FOOD SECURITY ASSISTANCE
Uganda,2011,"129,075,770.07",GOVERNMENT AND CIVIL SOCIETY
Uganda,2011,"127,467,282.91",DISASTER PREVENTION AND PREPAREDNESS
Ukraine,2011,"393,794,896.20",DISASTER PREVENTION AND PREPAREDNESS
Ukraine,2011,"104,539,815.41",DISASTER PREVENTION AND PREPAREDNESS
Ukraine,2011,"2,459,760,362.68",DISASTER PREVENTION AND PREPAREDNESS
Ukraine,2011,"15,219,974.08",DISASTER PREVENTION AND PREPAREDNESS
Ukraine,2011,"64,106,145.43",DEVELOPMENTAL FOOD AID/FOOD SECURITY ASSISTANCE
Uruguay,2011,"9,839,041.45",DEVELOPMENTAL FOOD AID/FOOD SECURITY ASSISTANCE
Uruguay,2011,"5,657,448.83",DEVELOPMENTAL FOOD AID/FOOD SECURITY ASSISTANCE
Uruguay,2011,"1,967,808.29",DEVELOPMENTAL FOOD AID/FOOD SECURITY ASSISTANCE
Uzbekistan,2011,"35,051,585.17",DEVELOPMENTAL FOOD AID/FOOD SECURITY ASSISTANCE
Uzbekistan,2011,"1,844,820,272.01",DISASTER PREVENTION AND PREPAREDNESS
Uzbekistan,2011,"614,940.09",DISASTER PREVENTION AND PREPAREDNESS
Uzbekistan,2011,"135,901,760.04",DISASTER PREVENTION AND PREPAREDNESS
Uzbekistan,2011,"51,654,967.62",DISASTER PREVENTION AND PREPAREDNESS
Uzbekistan,2011,"51,864,687.04",DISASTER PREVENTION AND PREPAREDNESS
Uzbekistan,2011,"61,494,009.07",DEVELOPMENTAL FOOD AID/FOOD SECURITY ASSISTANCE
Uzbekistan,2011,"203,668,158.03",DEVELOPMENTAL FOOD AID/FOOD SECURITY ASSISTANCE
Uzbekistan,2011,"191,861,308.29",DEVELOPMENTAL FOOD AID/FOOD SECURITY ASSISTANCE
Uzbekistan,2011,"614,940,090.67",DEVELOPMENTAL FOOD AID/FOOD SECURITY ASSISTANCE
Uzbekistan,2011,"18,448,202.72",DEVELOPMENTAL FOOD AID/FOOD SECURITY ASSISTANCE
Uzbekistan,2011,"18,448,202.72",GOVERNMENT AND CIVIL SOCIETY
Uzbekistan,2011,"19,024,967.60",DISASTER PREVENTION AND PREPAREDNESS
Uzbekistan,2011,"12,936,977.97",DISASTER PREVENTION AND PREPAREDNESS
Uzbekistan,2011,"12,298,801.81",DISASTER PREVENTION AND PREPAREDNESS
Uzbekistan,2011,"12,936,977.97",DISASTER PREVENTION AND PREPAREDNESS
Vanuatu,2011,"61,494.01",DISASTER PREVENTION AND PREPAREDNESS
Vanuatu,2011,"3,947.93",DEVELOPMENTAL FOOD AID/FOOD SECURITY ASSISTANCE
Venezuela,2011,"4,919,520,725.37",DEVELOPMENTAL FOOD AID/FOOD SECURITY ASSISTANCE
Venezuela,2011,"1,844,820,272.01",DEVELOPMENTAL FOOD AID/FOOD SECURITY ASSISTANCE
Viet Nam,2011,"56,574,488.34",DEVELOPMENTAL FOOD AID/FOOD SECURITY ASSISTANCE
Viet Nam,2011,"175,940,509.34",DEVELOPMENTAL FOOD AID/FOOD SECURITY ASSISTANCE
Viet Nam,2011,"1,844,820,272.01",DISASTER PREVENTION AND PREPAREDNESS
Viet Nam,2011,"6,149.40",DISASTER PREVENTION AND PREPAREDNESS
Viet Nam,2011,"1,229,880.18",DISASTER PREVENTION AND PREPAREDNESS
Viet Nam,2011,"11,461.27",DISASTER PREVENTION AND PREPAREDNESS
Viet Nam,2011,"799,689,364.69",DISASTER PREVENTION AND PREPAREDNESS
Viet Nam,2011,"827,709,362.04",DEVELOPMENTAL FOOD AID/FOOD SECURITY ASSISTANCE
Viet Nam,2011,"189,401,547.93",DEVELOPMENTAL FOOD AID/FOOD SECURITY ASSISTANCE
Viet Nam,2011,"319,768,847.15",DEVELOPMENTAL FOOD AID/FOOD SECURITY ASSISTANCE
Viet Nam,2011,"1,146.13",DEVELOPMENTAL FOOD AID/FOOD SECURITY ASSISTANCE
Viet Nam,2011,"245,976,036.27",DEVELOPMENTAL FOOD AID/FOOD SECURITY ASSISTANCE
West Bank and Gaza Strip,2011,"6,764,341.00",GOVERNMENT AND CIVIL SOCIETY
Yemen,2011,"532,699.09",DISASTER PREVENTION AND PREPAREDNESS
Zambia,2011,"11,112,721.05",DISASTER PREVENTION AND PREPAREDNESS
Zambia,2011,"8,212,634.49",DISASTER PREVENTION AND PREPAREDNESS
Zambia,2011,"1,902,496.76",DISASTER PREVENTION AND PREPAREDNESS
Zambia,2011,"384,967.24",DISASTER PREVENTION AND PREPAREDNESS
Zambia,2011,"93,470,893.78",DEVELOPMENTAL FOOD AID/FOOD SECURITY ASSISTANCE
Zambia,2011,"207,372.15",DEVELOPMENTAL FOOD AID/FOOD SECURITY ASSISTANCE
Zambia,2011,"300,090,764.25",DEVELOPMENTAL FOOD AID/FOOD SECURITY ASSISTANCE
Zambia,2011,"350,515,851.68",DEVELOPMENTAL FOOD AID/FOOD SECURITY ASSISTANCE
Zambia,2011,"59,526,200.78",DEVELOPMENTAL FOOD AID/FOOD SECURITY ASSISTANCE
Zambia,2011,"49,236,616.15",DISASTER PREVENTION AND PREPAREDNESS
Zambia,2011,"46,991,669.97",DISASTER PREVENTION AND PREPAREDNESS
Zambia,2011,"61,494.01",DISASTER PREVENTION AND PREPAREDNESS
Zimbabwe,2011,"9,512,483.80",DISASTER PREVENTION AND PREPAREDNESS
Zimbabwe,2011,"9,512,483.80",DISASTER PREVENTION AND PREPAREDNESS
Zimbabwe,2011,"614,940,090.67",DISASTER PREVENTION AND PREPAREDNESS
Zimbabwe,2011,"411,640,896.69",DISASTER PREVENTION AND PREPAREDNESS
Zimbabwe,2011,"173,198,755.14",DISASTER PREVENTION AND PREPAREDNESS
Zimbabwe,2011,"110,633,871.71",DISASTER PREVENTION AND PREPAREDNESS
Zimbabwe,2011,"14,078,476.02",DISASTER PREVENTION AND PREPAREDNESS
Zimbabwe,2011,"2,459,760.36",DEVELOPMENTAL FOOD AID/FOOD SECURITY ASSISTANCE
Zimbabwe,2011,"17,122,470.84",DEVELOPMENTAL FOOD AID/FOOD SECURITY ASSISTANCE
Zimbabwe,2011,"190,249.68",DEVELOPMENTAL FOOD AID/FOOD SECURITY ASSISTANCE
Zimbabwe,2011,"24,597,603.63",DEVELOPMENTAL FOOD AID/FOOD SECURITY ASSISTANCE
Zimbabwe,2011,"24,597.60",DEVELOPMENTAL FOOD AID/FOOD SECURITY ASSISTANCE
Zimbabwe,2011,"12,298,801.81",GOVERNMENT AND CIVIL SOCIETY
Zimbabwe,2011,"9,224,101.36",DISASTER PREVENTION AND PREPAREDNESS
Zimbabwe,2011,"6,149,400.91",DISASTER PREVENTION AND PREPAREDNESS
Zimbabwe,2011,"36,896,405.44",DISASTER PREVENTION AND PREPAREDNESS
Zimbabwe,2011,"696,112,182.64",DISASTER PREVENTION AND PREPAREDNESS
Zimbabwe,2011,"12,298,801.81",DISASTER PREVENTION AND PREPAREDNESS
Afghanistan,2010,"32,919,682.71",DEVELOPMENTAL FOOD AID/FOOD SECURITY ASSISTANCE
Afghanistan,2010,"1,392,726.94",DEVELOPMENTAL FOOD AID/FOOD SECURITY ASSISTANCE
Afghanistan,2010,"348,181.73",DEVELOPMENTAL FOOD AID/FOOD SECURITY ASSISTANCE
Afghanistan,2010,"20,890,904.04",DEVELOPMENTAL FOOD AID/FOOD SECURITY ASSISTANCE
Afghanistan,2010,"1,848,612.42",DEVELOPMENTAL FOOD AID/FOOD SECURITY ASSISTANCE
Afghanistan,2010,"4,732,204.39",DISASTER PREVENTION AND PREPAREDNESS
"Africa, regional",2010,"9,095,359.24",DISASTER PREVENTION AND PREPAREDNESS
"Africa, regional",2010,"5,044,309.41",DISASTER PREVENTION AND PREPAREDNESS
Albania,2010,"27,854.54",DISASTER PREVENTION AND PREPAREDNESS
Albania,2010,"1,392,726.94",DISASTER PREVENTION AND PREPAREDNESS
Algeria,2010,"65,839,365.42",DEVELOPMENTAL FOOD AID/FOOD SECURITY ASSISTANCE
Angola,2010,"61,724,405.08",DEVELOPMENTAL FOOD AID/FOOD SECURITY ASSISTANCE
Angola,2010,"12,344,881.02",DEVELOPMENTAL FOOD AID/FOOD SECURITY ASSISTANCE
Angola,2010,"3,481,817,339.49",DEVELOPMENTAL FOOD AID/FOOD SECURITY ASSISTANCE
Angola,2010,"557,090,774.32",DEVELOPMENTAL FOOD AID/FOOD SECURITY ASSISTANCE
Angola,2010,"139,272,693.58",GOVERNMENT AND CIVIL SOCIETY
Angola,2010,"696,363,467.90",DISASTER PREVENTION AND PREPAREDNESS
Angola,2010,"720,118.06",DISASTER PREVENTION AND PREPAREDNESS
Angola,2010,"38,996,354.20",DISASTER PREVENTION AND PREPAREDNESS
Angola,2010,"83,563,616.15",DISASTER PREVENTION AND PREPAREDNESS
Antigua and Barbuda,2010,"1,444,309.41",DISASTER PREVENTION AND PREPAREDNESS
Antigua and Barbuda,2010,"4,114,960.34",DEVELOPMENTAL FOOD AID/FOOD SECURITY ASSISTANCE
Antigua and Barbuda,2010,"6,172,440.51",DEVELOPMENTAL FOOD AID/FOOD SECURITY ASSISTANCE
Antigua and Barbuda,2010,"3,094.95",DEVELOPMENTAL FOOD AID/FOOD SECURITY ASSISTANCE
Antigua and Barbuda,2010,"2,063.30",DEVELOPMENTAL FOOD AID/FOOD SECURITY ASSISTANCE
Argentina,2010,"158,532,149.00",DEVELOPMENTAL FOOD AID/FOOD SECURITY ASSISTANCE
Argentina,2010,"59,168,994.14",DISASTER PREVENTION AND PREPAREDNESS
Argentina,2010,"41,781,808.07",DISASTER PREVENTION AND PREPAREDNESS
Argentina,2010,"380,565,727.06",DISASTER PREVENTION AND PREPAREDNESS
Argentina,2010,"13,927,269,357.96",DISASTER PREVENTION AND PREPAREDNESS
Argentina,2010,"208,909,040.37",DISASTER PREVENTION AND PREPAREDNESS
Argentina,2010,"59,168,994.14",DEVELOPMENTAL FOOD AID/FOOD SECURITY ASSISTANCE
Armenia,2010,"11,316,140.93",DEVELOPMENTAL FOOD AID/FOOD SECURITY ASSISTANCE
Armenia,2010,"8,229,920.68",DEVELOPMENTAL FOOD AID/FOOD SECURITY ASSISTANCE
Armenia,2010,"4,114,960.34",DEVELOPMENTAL FOOD AID/FOOD SECURITY ASSISTANCE
"Asia, regional",2010,"1,392,726.94",DEVELOPMENTAL FOOD AID/FOOD SECURITY ASSISTANCE
Azerbaijan,2010,"4,114,960.34",GOVERNMENT AND CIVIL SOCIETY
Bahamas,2010,"75,715,270.24",DISASTER PREVENTION AND PREPAREDNESS
Bahamas,2010,"3,412,180,992.70",DISASTER PREVENTION AND PREPAREDNESS
Bangladesh,2010,"40,040,623.43",DISASTER PREVENTION AND PREPAREDNESS
Bangladesh,2010,"8,229,920.68",DISASTER PREVENTION AND PREPAREDNESS
Bangladesh,2010,"139,272,693.58",DISASTER PREVENTION AND PREPAREDNESS
Bangladesh,2010,"12,344,881.02",DEVELOPMENTAL FOOD AID/FOOD SECURITY ASSISTANCE
Barbados,2010,"139,272.69",DEVELOPMENTAL FOOD AID/FOOD SECURITY ASSISTANCE
Belarus,2010,"1,392,726,935.80",DEVELOPMENTAL FOOD AID/FOOD SECURITY ASSISTANCE
Belarus,2010,"6,127,998.52",DEVELOPMENTAL FOOD AID/FOOD SECURITY ASSISTANCE
Belarus,2010,"12,344,881.02",DEVELOPMENTAL FOOD AID/FOOD SECURITY ASSISTANCE
Belarus,2010,"835,636,161.48",DISASTER PREVENTION AND PREPAREDNESS
Belarus,2010,"118,363,164.54",DISASTER PREVENTION AND PREPAREDNESS
Belarus,2010,"263,225,390.87",DISASTER PREVENTION AND PREPAREDNESS
Belarus,2010,"142,058,147.45",DISASTER PREVENTION AND PREPAREDNESS
Belarus,2010,"83,563,616.15",DISASTER PREVENTION AND PREPAREDNESS
Belarus,2010,"259,736,275.64",DEVELOPMENTAL FOOD AID/FOOD SECURITY ASSISTANCE
Belarus,2010,"435,644,985.52",DEVELOPMENTAL FOOD AID/FOOD SECURITY ASSISTANCE
Belarus,2010,"447,483,164.47",DEVELOPMENTAL FOOD AID/FOOD SECURITY ASSISTANCE
Belarus,2010,"11,559,633,567.11",DEVELOPMENTAL FOOD AID/FOOD SECURITY ASSISTANCE
Benin,2010,"45,264,563.73",DEVELOPMENTAL FOOD AID/FOOD SECURITY ASSISTANCE
Bolivia,2010,"347,539,686.83",GOVERNMENT AND CIVIL SOCIETY
Bolivia,2010,"94,357,249.90",DISASTER PREVENTION AND PREPAREDNESS
Bolivia,2010,"57,815,192.76",DISASTER PREVENTION AND PREPAREDNESS
Botswana,2010,"8,229,920.68",DISASTER PREVENTION AND PREPAREDNESS
Brazil,2010,"1,711,661,404.09",DISASTER PREVENTION AND PREPAREDNESS
Brazil,2010,"1,392,726,935.80",DISASTER PREVENTION AND PREPAREDNESS
Brazil,2010,"6,963,634,678.98",DEVELOPMENTAL FOOD AID/FOOD SECURITY ASSISTANCE
Brazil,2010,"334,254,464.59",DEVELOPMENTAL FOOD AID/FOOD SECURITY ASSISTANCE
Brazil,2010,"243,727,213.76",DEVELOPMENTAL FOOD AID/FOOD SECURITY ASSISTANCE
Bulgaria,2010,943.02,DEVELOPMENTAL FOOD AID/FOOD SECURITY ASSISTANCE
Burundi,2010,"8,229,920.68",DEVELOPMENTAL FOOD AID/FOOD SECURITY ASSISTANCE
Burundi,2010,"1,949,817.71",DISASTER PREVENTION AND PREPAREDNESS
Burundi,2010,"8,229,920.68",DISASTER PREVENTION AND PREPAREDNESS
Cambodia,2010,"38,233,719.22",DISASTER PREVENTION AND PREPAREDNESS
Cambodia,2010,"13,927.27",DISASTER PREVENTION AND PREPAREDNESS
Cambodia,2010,"727,035,719.14",DISASTER PREVENTION AND PREPAREDNESS
Cambodia,2010,"75,903,618.00",DEVELOPMENTAL FOOD AID/FOOD SECURITY ASSISTANCE
Cambodia,2010,"167,127.23",DEVELOPMENTAL FOOD AID/FOOD SECURITY ASSISTANCE
Cambodia,2010,"37,258,230.99",DEVELOPMENTAL FOOD AID/FOOD SECURITY ASSISTANCE
Cambodia,2010,"62,564,079.41",DEVELOPMENTAL FOOD AID/FOOD SECURITY ASSISTANCE
Cambodia,2010,"696,363.47",DEVELOPMENTAL FOOD AID/FOOD SECURITY ASSISTANCE
Cambodia,2010,"563,497,318.22",GOVERNMENT AND CIVIL SOCIETY
Cambodia,2010,"87,929,397.27",DISASTER PREVENTION AND PREPAREDNESS
Cambodia,2010,"59,872,672.93",DISASTER PREVENTION AND PREPAREDNESS
Cambodia,2010,"44,560,844.26",DISASTER PREVENTION AND PREPAREDNESS
Cambodia,2010,"13,223,284.89",DISASTER PREVENTION AND PREPAREDNESS
Cambodia,2010,"205,748.02",DISASTER PREVENTION AND PREPAREDNESS
Cambodia,2010,"823,101,619.06",DEVELOPMENTAL FOOD AID/FOOD SECURITY ASSISTANCE
Cambodia,2010,"27,854,538.72",DEVELOPMENTAL FOOD AID/FOOD SECURITY ASSISTANCE
Cambodia,2010,"13,579,369.12",DEVELOPMENTAL FOOD AID/FOOD SECURITY ASSISTANCE
Cambodia,2010,"48,745,442.75",DEVELOPMENTAL FOOD AID/FOOD SECURITY ASSISTANCE
Cambodia,2010,"311,970,833.62",DEVELOPMENTAL FOOD AID/FOOD SECURITY ASSISTANCE
Cambodia,2010,"5,905,162.21",DISASTER PREVENTION AND PREPAREDNESS
Cameroon,2010,"10,287,400.85",DISASTER PREVENTION AND PREPAREDNESS
Cameroon,2010,"69,337,081.71",DISASTER PREVENTION AND PREPAREDNESS
Cameroon,2010,"19,498,177.10",DISASTER PREVENTION AND PREPAREDNESS
Cameroon,2010,"44,333,971.83",DISASTER PREVENTION AND PREPAREDNESS
Cameroon,2010,"2,785,453.87",DISASTER PREVENTION AND PREPAREDNESS
Cameroon,2010,"10,287,400.85",DISASTER PREVENTION AND PREPAREDNESS
Cameroon,2010,"6,172,440.51",DISASTER PREVENTION AND PREPAREDNESS
Central African Republic,2010,"24,689,762.03",DISASTER PREVENTION AND PREPAREDNESS
Central African Republic,2010,"6,172,440.51",DISASTER PREVENTION AND PREPAREDNESS
Central African Republic,2010,"38,043.98",DEVELOPMENTAL FOOD AID/FOOD SECURITY ASSISTANCE
Central African Republic,2010,"13,167,873.08",DEVELOPMENTAL FOOD AID/FOOD SECURITY ASSISTANCE
Chile,2010,"1,392,726.94",DEVELOPMENTAL FOOD AID/FOOD SECURITY ASSISTANCE
Chile,2010,"2,785,453.87",DEVELOPMENTAL FOOD AID/FOOD SECURITY ASSISTANCE
Chile,2010,"41,781.81",DEVELOPMENTAL FOOD AID/FOOD SECURITY ASSISTANCE
Chile,2010,"1,044,545.20",GOVERNMENT AND CIVIL SOCIETY
Chile,2010,"104,454,520.18",DISASTER PREVENTION AND PREPAREDNESS
Colombia,2010,"278,545.39",DISASTER PREVENTION AND PREPAREDNESS
Colombia,2010,"243,727,213.76",DISASTER PREVENTION AND PREPAREDNESS
Colombia,2010,"2,057,480.17",DISASTER PREVENTION AND PREPAREDNESS
Colombia,2010,"2,057,480.17",DISASTER PREVENTION AND PREPAREDNESS
Comoros,2010,"6,172,440.51",DEVELOPMENTAL FOOD AID/FOOD SECURITY ASSISTANCE
Comoros,2010,"1,499,963.95",DEVELOPMENTAL FOOD AID/FOOD SECURITY ASSISTANCE
Comoros,2010,"44,235,823.64",DEVELOPMENTAL FOOD AID/FOOD SECURITY ASSISTANCE
Congo,2010,"102,874,008.47",DEVELOPMENTAL FOOD AID/FOOD SECURITY ASSISTANCE
Congo,2010,"10,403,749.15",DEVELOPMENTAL FOOD AID/FOOD SECURITY ASSISTANCE
Congo,2010,"140,591.20",DISASTER PREVENTION AND PREPAREDNESS
Congo,2010,"116,989,062.61",DISASTER PREVENTION AND PREPAREDNESS
Congo,2010,"122,559,970.35",DISASTER PREVENTION AND PREPAREDNESS
Costa Rica,2010,"83,563.62",DISASTER PREVENTION AND PREPAREDNESS
Cote d'Ivoire,2010,"82,299,206.78",DISASTER PREVENTION AND PREPAREDNESS
Cote d'Ivoire,2010,"39,503,619.25",DEVELOPMENTAL FOOD AID/FOOD SECURITY ASSISTANCE
Cuba,2010,"10,287,400.85",DEVELOPMENTAL FOOD AID/FOOD SECURITY ASSISTANCE
Cuba,2010,"6,172,440.51",DEVELOPMENTAL FOOD AID/FOOD SECURITY ASSISTANCE
Democratic People's Republic of Korea,2010,"740,692.86",DEVELOPMENTAL FOOD AID/FOOD SECURITY ASSISTANCE
Democratic People's Republic of Korea,2010,"61,724,405.08",DEVELOPMENTAL FOOD AID/FOOD SECURITY ASSISTANCE
Democratic People's Republic of Korea,2010,"452,645,637.28",GOVERNMENT AND CIVIL SOCIETY
Democratic People's Republic of Korea,2010,"405,693,278.58",DISASTER PREVENTION AND PREPAREDNESS
Democratic People's Republic of Korea,2010,"17,562.31",DISASTER PREVENTION AND PREPAREDNESS
Democratic Republic of the Congo,2010,"13,927.27",DISASTER PREVENTION AND PREPAREDNESS
Democratic Republic of the Congo,2010,"36,709,344.77",DISASTER PREVENTION AND PREPAREDNESS
Democratic Republic of the Congo,2010,"18,105,450.17",DISASTER PREVENTION AND PREPAREDNESS
Democratic Republic of the Congo,2010,"21,329,901.32",DEVELOPMENTAL FOOD AID/FOOD SECURITY ASSISTANCE
Democratic Republic of the Congo,2010,"10,287,400.85",DEVELOPMENTAL FOOD AID/FOOD SECURITY ASSISTANCE
Democratic Republic of the Congo,2010,"815,652.67",DEVELOPMENTAL FOOD AID/FOOD SECURITY ASSISTANCE
Democratic Republic of the Congo,2010,"1,533,662.00",DEVELOPMENTAL FOOD AID/FOOD SECURITY ASSISTANCE
Democratic Republic of the Congo,2010,"697,999.41",DEVELOPMENTAL FOOD AID/FOOD SECURITY ASSISTANCE
Democratic Republic of the Congo,2010,"203,913.16",DISASTER PREVENTION AND PREPAREDNESS
Democratic Republic of the Congo,2010,"271,649,150.71",DISASTER PREVENTION AND PREPAREDNESS
Democratic Republic of the Congo,2010,"3,900,748.78",DISASTER PREVENTION AND PREPAREDNESS
Democratic Republic of the Congo,2010,"407,826.66",DISASTER PREVENTION AND PREPAREDNESS
Democratic Republic of the Congo,2010,"47,157,279.81",DISASTER PREVENTION AND PREPAREDNESS
Democratic Republic of the Congo,2010,"400,169.19",DEVELOPMENTAL FOOD AID/FOOD SECURITY ASSISTANCE
Democratic Republic of the Congo,2010,"14,683,737.86",DEVELOPMENTAL FOOD AID/FOOD SECURITY ASSISTANCE
Dominica,2010,"57,609,444.75",DEVELOPMENTAL FOOD AID/FOOD SECURITY ASSISTANCE
Dominica,2010,"2,009,012.95",DEVELOPMENTAL FOOD AID/FOOD SECURITY ASSISTANCE
Dominica,2010,"1,126,853.82",DEVELOPMENTAL FOOD AID/FOOD SECURITY ASSISTANCE
Dominican Republic,2010,"139,272,693.58",GOVERNMENT AND CIVIL SOCIETY
Ecuador,2010,"1,392,726,935.80",DISASTER PREVENTION AND PREPAREDNESS
Ecuador,2010,"4,114,960.34",DISASTER PREVENTION AND PREPAREDNESS
Ecuador,2010,"2,343,604,287.58",DISASTER PREVENTION AND PREPAREDNESS
Ecuador,2010,"458,207,161.88",DISASTER PREVENTION AND PREPAREDNESS
Ecuador,2010,"377,864.03",DISASTER PREVENTION AND PREPAREDNESS
Ecuador,2010,"4,114,960.34",DEVELOPMENTAL FOOD AID/FOOD SECURITY ASSISTANCE
Egypt,2010,"139,272.69",DEVELOPMENTAL FOOD AID/FOOD SECURITY ASSISTANCE
Egypt,2010,"1,392,726.94",DEVELOPMENTAL FOOD AID/FOOD SECURITY ASSISTANCE
Equatorial Guinea,2010,"1,844,561,497.39",DEVELOPMENTAL FOOD AID/FOOD SECURITY ASSISTANCE
Equatorial Guinea,2010,"417,817,501.36",DEVELOPMENTAL FOOD AID/FOOD SECURITY ASSISTANCE
Equatorial Guinea,2010,"205,748.02",DISASTER PREVENTION AND PREPAREDNESS
Equatorial Guinea,2010,"529,236,235.60",DISASTER PREVENTION AND PREPAREDNESS
Equatorial Guinea,2010,"280,287,038.04",DISASTER PREVENTION AND PREPAREDNESS
Equatorial Guinea,2010,"147,266,946.19",DISASTER PREVENTION AND PREPAREDNESS
Equatorial Guinea,2010,"130,219,968.50",DISASTER PREVENTION AND PREPAREDNESS
Eritrea,2010,"8,356,361.61",DEVELOPMENTAL FOOD AID/FOOD SECURITY ASSISTANCE
Eritrea,2010,"83,563,616.15",DEVELOPMENTAL FOOD AID/FOOD SECURITY ASSISTANCE
Ethiopia,2010,"138,506,693.76",DEVELOPMENTAL FOOD AID/FOOD SECURITY ASSISTANCE
Ethiopia,2010,"35,388,658.91",DEVELOPMENTAL FOOD AID/FOOD SECURITY ASSISTANCE
Ethiopia,2010,"6,172,440.51",DEVELOPMENTAL FOOD AID/FOOD SECURITY ASSISTANCE
Ethiopia,2010,"326,965,488.90",GOVERNMENT AND CIVIL SOCIETY
Ethiopia,2010,"585,989,858.24",DISASTER PREVENTION AND PREPAREDNESS
Ethiopia,2010,"327,569,375.30",DISASTER PREVENTION AND PREPAREDNESS
Ethiopia,2010,"74,069,286.10",DISASTER PREVENTION AND PREPAREDNESS
Ethiopia,2010,"12,344,881.02",DISASTER PREVENTION AND PREPAREDNESS
Ethiopia,2010,"198,520.01",DISASTER PREVENTION AND PREPAREDNESS
Ethiopia,2010,"2,057,480.17",DEVELOPMENTAL FOOD AID/FOOD SECURITY ASSISTANCE
Ethiopia,2010,"412,146,528.98",DEVELOPMENTAL FOOD AID/FOOD SECURITY ASSISTANCE
Ethiopia,2010,"2,452,281.75",DEVELOPMENTAL FOOD AID/FOOD SECURITY ASSISTANCE
Fiji,2010,"136,144.37",DEVELOPMENTAL FOOD AID/FOOD SECURITY ASSISTANCE
Fiji,2010,"6,172,440.51",DEVELOPMENTAL FOOD AID/FOOD SECURITY ASSISTANCE
Fiji,2010,"728,347.98",DISASTER PREVENTION AND PREPAREDNESS
Fiji,2010,"67,071,615.40",DISASTER PREVENTION AND PREPAREDNESS
Fiji,2010,"75,301,716.72",DISASTER PREVENTION AND PREPAREDNESS
Fiji,2010,"36,305.17",DISASTER PREVENTION AND PREPAREDNESS
Fiji,2010,"7,406,928.61",DISASTER PREVENTION AND PREPAREDNESS
Fiji,2010,"27,639,989.84",DEVELOPMENTAL FOOD AID/FOOD SECURITY ASSISTANCE
Fiji,2010,"102,874.01",DEVELOPMENTAL FOOD AID/FOOD SECURITY ASSISTANCE
Fiji,2010,"3,630,516.52",DEVELOPMENTAL FOOD AID/FOOD SECURITY ASSISTANCE
Fiji,2010,"20,843,302.25",DEVELOPMENTAL FOOD AID/FOOD SECURITY ASSISTANCE
Gabon,2010,"153,060,690.24",DEVELOPMENTAL FOOD AID/FOOD SECURITY ASSISTANCE
Gabon,2010,"411,496.03",GOVERNMENT AND CIVIL SOCIETY
Gabon,2010,"308,622.03",DISASTER PREVENTION AND PREPAREDNESS
Gabon,2010,"2,057,480.17",DISASTER PREVENTION AND PREPAREDNESS
Gabon,2010,"16,459,841.36",DISASTER PREVENTION AND PREPAREDNESS
Gabon,2010,"14,402,361.19",DISASTER PREVENTION AND PREPAREDNESS
Gabon,2010,"8,229,920.68",DISASTER PREVENTION AND PREPAREDNESS
Gabon,2010,"16,459,841.36",DEVELOPMENTAL FOOD AID/FOOD SECURITY ASSISTANCE
Georgia,2010,"4,114,960.34",DEVELOPMENTAL FOOD AID/FOOD SECURITY ASSISTANCE
Ghana,2010,"362,109,003.31",DEVELOPMENTAL FOOD AID/FOOD SECURITY ASSISTANCE
Ghana,2010,"16,712,723.23",DEVELOPMENTAL FOOD AID/FOOD SECURITY ASSISTANCE
Ghana,2010,"557,090,774.32",DEVELOPMENTAL FOOD AID/FOOD SECURITY ASSISTANCE
Ghana,2010,"27,854,538.72",DISASTER PREVENTION AND PREPAREDNESS
Ghana,2010,"69,636.35",DISASTER PREVENTION AND PREPAREDNESS
Ghana,2010,"14,484,360,132.28",DISASTER PREVENTION AND PREPAREDNESS
Ghana,2010,"125,345,424.22",DISASTER PREVENTION AND PREPAREDNESS
Ghana,2010,"58,030,288.06",DISASTER PREVENTION AND PREPAREDNESS
Grenada,2010,"162,708.11",DISASTER PREVENTION AND PREPAREDNESS
Grenada,2010,"2,089,090.40",DISASTER PREVENTION AND PREPAREDNESS
Guinea-Bissau,2010,"18,445,614.97",DISASTER PREVENTION AND PREPAREDNESS
Guinea-Bissau,2010,"1,440,236.12",DISASTER PREVENTION AND PREPAREDNESS
Guinea-Bissau,2010,"1,671,272.32",DISASTER PREVENTION AND PREPAREDNESS
Guyana,2010,"20,629,698.35",DEVELOPMENTAL FOOD AID/FOOD SECURITY ASSISTANCE
Guyana,2010,"10,445,452.02",DEVELOPMENTAL FOOD AID/FOOD SECURITY ASSISTANCE
Guyana,2010,"55,551,964.58",DEVELOPMENTAL FOOD AID/FOOD SECURITY ASSISTANCE
Guyana,2010,"41,781.81",DEVELOPMENTAL FOOD AID/FOOD SECURITY ASSISTANCE
Haiti,2010,"1,392,726.94",DEVELOPMENTAL FOOD AID/FOOD SECURITY ASSISTANCE
Haiti,2010,"2,674,724.22",GOVERNMENT AND CIVIL SOCIETY
Haiti,2010,"3,621,090.03",DISASTER PREVENTION AND PREPAREDNESS
Haiti,2010,"1,028,740.08",DISASTER PREVENTION AND PREPAREDNESS
Haiti,2010,"2,057,480.17",DISASTER PREVENTION AND PREPAREDNESS
Haiti,2010,"2,468,976.20",DISASTER PREVENTION AND PREPAREDNESS
Haiti,2010,"348,181.73",DISASTER PREVENTION AND PREPAREDNESS
Haiti,2010,"696,363.47",DEVELOPMENTAL FOOD AID/FOOD SECURITY ASSISTANCE
Haiti,2010,"348,181.73",DEVELOPMENTAL FOOD AID/FOOD SECURITY ASSISTANCE
Haiti,2010,"139,272.69",DEVELOPMENTAL FOOD AID/FOOD SECURITY ASSISTANCE
Haiti,2010,"4,114,960.34",DEVELOPMENTAL FOOD AID/FOOD SECURITY ASSISTANCE
Haiti,2010,"696,363.47",DEVELOPMENTAL FOOD AID/FOOD SECURITY ASSISTANCE
Haiti,2010,"3,703,464.31",DISASTER PREVENTION AND PREPAREDNESS
India,2010,"696,363,467.90",DISASTER PREVENTION AND PREPAREDNESS
India,2010,"1,671,272,322.96",DISASTER PREVENTION AND PREPAREDNESS
India,2010,"1,657,345,053.60",DISASTER PREVENTION AND PREPAREDNESS
India,2010,"16,712,723,229.55",DISASTER PREVENTION AND PREPAREDNESS
India,2010,"1,392,726,935.80",DEVELOPMENTAL FOOD AID/FOOD SECURITY ASSISTANCE
India,2010,"278,545,387.16",DEVELOPMENTAL FOOD AID/FOOD SECURITY ASSISTANCE
India,2010,"835,636,161.48",DEVELOPMENTAL FOOD AID/FOOD SECURITY ASSISTANCE
India,2010,"1,392,726.94",DEVELOPMENTAL FOOD AID/FOOD SECURITY ASSISTANCE
India,2010,"122,559,970.35",DEVELOPMENTAL FOOD AID/FOOD SECURITY ASSISTANCE
India,2010,"139,272,693.58",GOVERNMENT AND CIVIL SOCIETY
India,2010,"1,657,345,053.60",DISASTER PREVENTION AND PREPAREDNESS
India,2010,"464,242,311.47",DISASTER PREVENTION AND PREPAREDNESS
India,2010,"464,242,311.47",DISASTER PREVENTION AND PREPAREDNESS
India,2010,"464,242,311.47",DISASTER PREVENTION AND PREPAREDNESS
Indonesia,2010,"2,057,480.17",DISASTER PREVENTION AND PREPAREDNESS
Indonesia,2010,"76,641.28",DEVELOPMENTAL FOOD AID/FOOD SECURITY ASSISTANCE
Indonesia,2010,"4,114,960.34",DEVELOPMENTAL FOOD AID/FOOD SECURITY ASSISTANCE
Indonesia,2010,"50,555,987.77",DEVELOPMENTAL FOOD AID/FOOD SECURITY ASSISTANCE
Indonesia,2010,"408,068.99",DEVELOPMENTAL FOOD AID/FOOD SECURITY ASSISTANCE
Indonesia,2010,"15,849,415.68",DEVELOPMENTAL FOOD AID/FOOD SECURITY ASSISTANCE
Indonesia,2010,"15,849,415.68",DISASTER PREVENTION AND PREPAREDNESS
Indonesia,2010,"50,555,987.77",DISASTER PREVENTION AND PREPAREDNESS
Indonesia,2010,"411,496,033.89",DISASTER PREVENTION AND PREPAREDNESS
Indonesia,2010,"112,810,881.80",DISASTER PREVENTION AND PREPAREDNESS
Indonesia,2010,"3,832,063.75",DISASTER PREVENTION AND PREPAREDNESS
Indonesia,2010,"42,387,341.52",DEVELOPMENTAL FOOD AID/FOOD SECURITY ASSISTANCE
Iran,2010,"79,592,828.61",DEVELOPMENTAL FOOD AID/FOOD SECURITY ASSISTANCE
Iraq,2010,"9,331,270,469.83",DEVELOPMENTAL FOOD AID/FOOD SECURITY ASSISTANCE
Jamaica,2010,"80,917,434.97",DEVELOPMENTAL FOOD AID/FOOD SECURITY ASSISTANCE
Jamaica,2010,"100,199,284.25",DEVELOPMENTAL FOOD AID/FOOD SECURITY ASSISTANCE
Jamaica,2010,"3,822,767.08",GOVERNMENT AND CIVIL SOCIETY
Jamaica,2010,"473,527,158.17",DISASTER PREVENTION AND PREPAREDNESS
Jamaica,2010,"962,063.05",DISASTER PREVENTION AND PREPAREDNESS
Kazakhstan,2010,"323,112,649.10",DISASTER PREVENTION AND PREPAREDNESS
Kazakhstan,2010,"557,090,774.32",DISASTER PREVENTION AND PREPAREDNESS
Kazakhstan,2010,"4,882,400.44",DISASTER PREVENTION AND PREPAREDNESS
Kazakhstan,2010,"88,716.71",DEVELOPMENTAL FOOD AID/FOOD SECURITY ASSISTANCE
Kazakhstan,2010,"1,028,740.08",DEVELOPMENTAL FOOD AID/FOOD SECURITY ASSISTANCE
Kazakhstan,2010,"278,545,387.16",DEVELOPMENTAL FOOD AID/FOOD SECURITY ASSISTANCE
Kenya,2010,"75,785,460.34",DEVELOPMENTAL FOOD AID/FOOD SECURITY ASSISTANCE
Kenya,2010,"17,081,589.03",DEVELOPMENTAL FOOD AID/FOOD SECURITY ASSISTANCE
Kenya,2010,"8,444,062.43",DISASTER PREVENTION AND PREPAREDNESS
Kenya,2010,"208,909.04",DISASTER PREVENTION AND PREPAREDNESS
Kenya,2010,"417,818.08",DISASTER PREVENTION AND PREPAREDNESS
Kenya,2010,"121,892,574.48",DISASTER PREVENTION AND PREPAREDNESS
Kenya,2010,"8,444,062.43",DISASTER PREVENTION AND PREPAREDNESS
Kenya,2010,"8,229,920.68",DEVELOPMENTAL FOOD AID/FOOD SECURITY ASSISTANCE
Kenya,2010,"1,453,603.03",DEVELOPMENTAL FOOD AID/FOOD SECURITY ASSISTANCE
Kenya,2010,"3,815,899.11",DEVELOPMENTAL FOOD AID/FOOD SECURITY ASSISTANCE
Kenya,2010,"10,166,906.63",DEVELOPMENTAL FOOD AID/FOOD SECURITY ASSISTANCE
Kyrgyz Republic,2010,"1,028,740.08",DEVELOPMENTAL FOOD AID/FOOD SECURITY ASSISTANCE
Kyrgyz Republic,2010,"6,172,440.51",GOVERNMENT AND CIVIL SOCIETY
Kyrgyz Republic,2010,"1,392,726.94",DISASTER PREVENTION AND PREPAREDNESS
Kyrgyz Republic,2010,"617,244.05",DISASTER PREVENTION AND PREPAREDNESS
Lao People's Democratic Republic,2010,"407,511,901.41",DISASTER PREVENTION AND PREPAREDNESS
Lao People's Democratic Republic,2010,"40,751,190.14",DISASTER PREVENTION AND PREPAREDNESS
Lao People's Democratic Republic,2010,"23,258,539.83",DISASTER PREVENTION AND PREPAREDNESS
Lao People's Democratic Republic,2010,"54,447,387.30",DEVELOPMENTAL FOOD AID/FOOD SECURITY ASSISTANCE
Lao People's Democratic Republic,2010,"283,814,588.54",DEVELOPMENTAL FOOD AID/FOOD SECURITY ASSISTANCE
Lebanon,2010,"1,152,188.89",DEVELOPMENTAL FOOD AID/FOOD SECURITY ASSISTANCE
Lebanon,2010,"3,086,220.25",DEVELOPMENTAL FOOD AID/FOOD SECURITY ASSISTANCE
Lebanon,2010,"4,114,960.34",DEVELOPMENTAL FOOD AID/FOOD SECURITY ASSISTANCE
Lesotho,2010,"696,363.47",DISASTER PREVENTION AND PREPAREDNESS
Lesotho,2010,"16,254,093.34",DISASTER PREVENTION AND PREPAREDNESS
Liberia,2010,"1,949,817.71",DISASTER PREVENTION AND PREPAREDNESS
Liberia,2010,"12,344,881.02",DISASTER PREVENTION AND PREPAREDNESS
Liberia,2010,"2,057,480.17",DISASTER PREVENTION AND PREPAREDNESS
Liberia,2010,"308,622.03",DEVELOPMENTAL FOOD AID/FOOD SECURITY ASSISTANCE
Liberia,2010,"617,244.05",DEVELOPMENTAL FOOD AID/FOOD SECURITY ASSISTANCE
Liberia,2010,195.05,DEVELOPMENTAL FOOD AID/FOOD SECURITY ASSISTANCE
Liberia,2010,"5,849,453.13",DEVELOPMENTAL FOOD AID/FOOD SECURITY ASSISTANCE
Madagascar,2010,"271,446.66",DEVELOPMENTAL FOOD AID/FOOD SECURITY ASSISTANCE
Madagascar,2010,"263,357.46",GOVERNMENT AND CIVIL SOCIETY
Madagascar,2010,"139,900.81",DISASTER PREVENTION AND PREPAREDNESS
Madagascar,2010,"2,057,355.73",DISASTER PREVENTION AND PREPAREDNESS
Madagascar,2010,"689,055.83",DISASTER PREVENTION AND PREPAREDNESS
Madagascar,2010,"1,645,984.14",DISASTER PREVENTION AND PREPAREDNESS
Malawi,2010,"83,563,616.15",DISASTER PREVENTION AND PREPAREDNESS
Malawi,2010,"1,462,499.77",DEVELOPMENTAL FOOD AID/FOOD SECURITY ASSISTANCE
Malawi,2010,"9,240.89",DEVELOPMENTAL FOOD AID/FOOD SECURITY ASSISTANCE
Malaysia,2010,"20,890,904.04",DEVELOPMENTAL FOOD AID/FOOD SECURITY ASSISTANCE
Malaysia,2010,"20,890,904.04",DEVELOPMENTAL FOOD AID/FOOD SECURITY ASSISTANCE
Malaysia,2010,"20,890,904.04",DEVELOPMENTAL FOOD AID/FOOD SECURITY ASSISTANCE
Malaysia,2010,"20,890,904.04",DISASTER PREVENTION AND PREPAREDNESS
Maldives,2010,"98,964,796.15",DISASTER PREVENTION AND PREPAREDNESS
Maldives,2010,"10,287,400.85",DISASTER PREVENTION AND PREPAREDNESS
Mali,2010,"211,920,457.45",DISASTER PREVENTION AND PREPAREDNESS
Mali,2010,"16,459,841.36",DISASTER PREVENTION AND PREPAREDNESS
Marshall Islands,2010,"28,759,811.22",DISASTER PREVENTION AND PREPAREDNESS
Marshall Islands,2010,"28,759,811.22",DISASTER PREVENTION AND PREPAREDNESS
Mauritania,2010,"119,951,093.88",DISASTER PREVENTION AND PREPAREDNESS
Mauritania,2010,"12,344,881.02",DISASTER PREVENTION AND PREPAREDNESS
Mauritania,2010,"20,574,801.69",DISASTER PREVENTION AND PREPAREDNESS
Mauritius,2010,"3,525.26",DEVELOPMENTAL FOOD AID/FOOD SECURITY ASSISTANCE
Micronesia,2010,"30,639,992.59",DEVELOPMENTAL FOOD AID/FOOD SECURITY ASSISTANCE
Micronesia,2010,"1,392,726.94",DEVELOPMENTAL FOOD AID/FOOD SECURITY ASSISTANCE
Micronesia,2010,"4,114,960.34",DEVELOPMENTAL FOOD AID/FOOD SECURITY ASSISTANCE
Moldova,2010,"4,114,960.34",DEVELOPMENTAL FOOD AID/FOOD SECURITY ASSISTANCE
Moldova,2010,"7,628,782.12",GOVERNMENT AND CIVIL SOCIETY
Moldova,2010,"8,866,490.13",DISASTER PREVENTION AND PREPAREDNESS
Moldova,2010,"696,363.47",DISASTER PREVENTION AND PREPAREDNESS
Mongolia,2010,"2,057,480.17",DISASTER PREVENTION AND PREPAREDNESS
Mongolia,2010,"139,272.69",DISASTER PREVENTION AND PREPAREDNESS
Mongolia,2010,"7,015,008.99",DISASTER PREVENTION AND PREPAREDNESS
Mongolia,2010,"12,344,881.02",DEVELOPMENTAL FOOD AID/FOOD SECURITY ASSISTANCE
Mongolia,2010,"69,636,346.79",DEVELOPMENTAL FOOD AID/FOOD SECURITY ASSISTANCE
Mongolia,2010,"76,107,248.61",DEVELOPMENTAL FOOD AID/FOOD SECURITY ASSISTANCE
Mongolia,2010,"69,868,932.19",DEVELOPMENTAL FOOD AID/FOOD SECURITY ASSISTANCE
Montenegro,2010,"66,009,685.85",DEVELOPMENTAL FOOD AID/FOOD SECURITY ASSISTANCE
Mozambique,2010,"29,804,356.43",DISASTER PREVENTION AND PREPAREDNESS
Mozambique,2010,"6,824,361.99",DISASTER PREVENTION AND PREPAREDNESS
Mozambique,2010,"3,063,999.26",DISASTER PREVENTION AND PREPAREDNESS
Mozambique,2010,"109,468.34",DISASTER PREVENTION AND PREPAREDNESS
Mozambique,2010,"90,604,316.63",DISASTER PREVENTION AND PREPAREDNESS
Multi-Region,2010,"2,057,480.17",DEVELOPMENTAL FOOD AID/FOOD SECURITY ASSISTANCE
Myanmar,2010,"835,125,217.94",DEVELOPMENTAL FOOD AID/FOOD SECURITY ASSISTANCE
Myanmar,2010,"41,740,026.27",DEVELOPMENTAL FOOD AID/FOOD SECURITY ASSISTANCE
Myanmar,2010,"96,515,976.65",DEVELOPMENTAL FOOD AID/FOOD SECURITY ASSISTANCE
Myanmar,2010,"1,922,660,231.19",DEVELOPMENTAL FOOD AID/FOOD SECURITY ASSISTANCE
Myanmar,2010,"1,038,277,930.64",GOVERNMENT AND CIVIL SOCIETY
Myanmar,2010,"1,513,976,207.90",DISASTER PREVENTION AND PREPAREDNESS
Myanmar,2010,"141,966,131.69",DISASTER PREVENTION AND PREPAREDNESS
Myanmar,2010,"16,459,841.36",DISASTER PREVENTION AND PREPAREDNESS
Namibia,2010,"9,512.65",DISASTER PREVENTION AND PREPAREDNESS
Namibia,2010,"9,512.65",DISASTER PREVENTION AND PREPAREDNESS
Namibia,2010,"95,126.54",DEVELOPMENTAL FOOD AID/FOOD SECURITY ASSISTANCE
Namibia,2010,"2,057,480.17",DEVELOPMENTAL FOOD AID/FOOD SECURITY ASSISTANCE
Nepal,2010,"95,183.29",DEVELOPMENTAL FOOD AID/FOOD SECURITY ASSISTANCE
Nepal,2010,"57,109.97",DEVELOPMENTAL FOOD AID/FOOD SECURITY ASSISTANCE
Nepal,2010,"3,291,968.27",DEVELOPMENTAL FOOD AID/FOOD SECURITY ASSISTANCE
Nepal,2010,"14,402,361.19",DISASTER PREVENTION AND PREPAREDNESS
Nepal,2010,"38,073.32",DISASTER PREVENTION AND PREPAREDNESS
Nepal,2010,"30,584,736.15",DISASTER PREVENTION AND PREPAREDNESS
Nepal,2010,"5,906,872.48",DISASTER PREVENTION AND PREPAREDNESS
Niger,2010,"421,773.61",DISASTER PREVENTION AND PREPAREDNESS
Niger,2010,"2,057,480.17",DEVELOPMENTAL FOOD AID/FOOD SECURITY ASSISTANCE
Niger,2010,"696,363.47",DEVELOPMENTAL FOOD AID/FOOD SECURITY ASSISTANCE
Nigeria,2010,"696,363,467.90",DEVELOPMENTAL FOOD AID/FOOD SECURITY ASSISTANCE
Nigeria,2010,"556,394,410.85",DEVELOPMENTAL FOOD AID/FOOD SECURITY ASSISTANCE
Nigeria,2010,"32,032,719,523.31",DEVELOPMENTAL FOOD AID/FOOD SECURITY ASSISTANCE
Nigeria,2010,"278,545,387.16",GOVERNMENT AND CIVIL SOCIETY
Nigeria,2010,"27,993,811.41",DISASTER PREVENTION AND PREPAREDNESS
Oman,2010,"243,727,213.76",DISASTER PREVENTION AND PREPAREDNESS
Oman,2010,"243,727,213.76",DISASTER PREVENTION AND PREPAREDNESS
Pakistan,2010,"150,401,800.39",DISASTER PREVENTION AND PREPAREDNESS
Pakistan,2010,"100,063,284.81",DISASTER PREVENTION AND PREPAREDNESS
Pakistan,2010,"241,178,523.47",DEVELOPMENTAL FOOD AID/FOOD SECURITY ASSISTANCE
Pakistan,2010,"10,287,400.85",DEVELOPMENTAL FOOD AID/FOOD SECURITY ASSISTANCE
Pakistan,2010,"2,057,480.17",DEVELOPMENTAL FOOD AID/FOOD SECURITY ASSISTANCE
Pakistan,2010,"1,645,984.14",DEVELOPMENTAL FOOD AID/FOOD SECURITY ASSISTANCE
Pakistan,2010,"12,344,881.02",DEVELOPMENTAL FOOD AID/FOOD SECURITY ASSISTANCE
Pakistan,2010,"4,874.54",DISASTER PREVENTION AND PREPAREDNESS
Pakistan,2010,"6,172,440.51",DISASTER PREVENTION AND PREPAREDNESS
Pakistan,2010,"41,149,603.39",DISASTER PREVENTION AND PREPAREDNESS
Pakistan,2010,"69,636.35",DISASTER PREVENTION AND PREPAREDNESS
Pakistan,2010,"102,874.01",DISASTER PREVENTION AND PREPAREDNESS
Pakistan,2010,"20,574.80",DEVELOPMENTAL FOOD AID/FOOD SECURITY ASSISTANCE
Pakistan,2010,"102,874.01",DEVELOPMENTAL FOOD AID/FOOD SECURITY ASSISTANCE
Pakistan,2010,"20,521,831.40",DEVELOPMENTAL FOOD AID/FOOD SECURITY ASSISTANCE
Pakistan,2010,"206,252.10",DEVELOPMENTAL FOOD AID/FOOD SECURITY ASSISTANCE
Pakistan,2010,"19,621.96",DEVELOPMENTAL FOOD AID/FOOD SECURITY ASSISTANCE
Pakistan,2010,"20,574.80",GOVERNMENT AND CIVIL SOCIETY
Pakistan,2010,"1,635.16",DISASTER PREVENTION AND PREPAREDNESS
Pakistan,2010,"55,709.08",DISASTER PREVENTION AND PREPAREDNESS
Pakistan,2010,"144,023.61",DISASTER PREVENTION AND PREPAREDNESS
Pakistan,2010,"17,797,203.47",DISASTER PREVENTION AND PREPAREDNESS
Pakistan,2010,"557,090,774.32",DISASTER PREVENTION AND PREPAREDNESS
Pakistan,2010,"41,149,603.39",DEVELOPMENTAL FOOD AID/FOOD SECURITY ASSISTANCE
Pakistan,2010,"174,885,814.40",DEVELOPMENTAL FOOD AID/FOOD SECURITY ASSISTANCE
Pakistan,2010,"318,934,468.30",DEVELOPMENTAL FOOD AID/FOOD SECURITY ASSISTANCE
Pakistan,2010,"164,598.41",DEVELOPMENTAL FOOD AID/FOOD SECURITY ASSISTANCE
Pakistan,2010,"4,944,180,622.08",DEVELOPMENTAL FOOD AID/FOOD SECURITY ASSISTANCE
Pakistan,2010,"4,114,960.34",DISASTER PREVENTION AND PREPAREDNESS
Pakistan,2010,"1,666,558.94",DISASTER PREVENTION AND PREPAREDNESS
Pakistan,2010,"1,392,726,935.80",DISASTER PREVENTION AND PREPAREDNESS
Pakistan,2010,"660,152,567.57",DISASTER PREVENTION AND PREPAREDNESS
Pakistan,2010,"97,880,849.05",DISASTER PREVENTION AND PREPAREDNESS
Papua New Guinea,2010,"139,614,725.87",DEVELOPMENTAL FOOD AID/FOOD SECURITY ASSISTANCE
Papua New Guinea,2010,"7,735,526.90",DEVELOPMENTAL FOOD AID/FOOD SECURITY ASSISTANCE
Papua New Guinea,2010,"73,863,538.08",DEVELOPMENTAL FOOD AID/FOOD SECURITY ASSISTANCE
Papua New Guinea,2010,"1,031,403.59",DEVELOPMENTAL FOOD AID/FOOD SECURITY ASSISTANCE
Papua New Guinea,2010,"4,114,960.34",DEVELOPMENTAL FOOD AID/FOOD SECURITY ASSISTANCE
Papua New Guinea,2010,"4,125,614.34",GOVERNMENT AND CIVIL SOCIETY
Peru,2010,"2,785,453,871.59",DISASTER PREVENTION AND PREPAREDNESS
Peru,2010,"175,650.72",DISASTER PREVENTION AND PREPAREDNESS
Peru,2010,"601,181.47",DISASTER PREVENTION AND PREPAREDNESS
Peru,2010,"173,395.05",DISASTER PREVENTION AND PREPAREDNESS
Peru,2010,"2,785,453.87",DISASTER PREVENTION AND PREPAREDNESS
Philippines,2010,"162,391,960.71",DEVELOPMENTAL FOOD AID/FOOD SECURITY ASSISTANCE
Philippines,2010,"81,683,434.78",DEVELOPMENTAL FOOD AID/FOOD SECURITY ASSISTANCE
Philippines,2010,"686,614,379.35",DEVELOPMENTAL FOOD AID/FOOD SECURITY ASSISTANCE
Russia,2010,"417,818,080.74",DEVELOPMENTAL FOOD AID/FOOD SECURITY ASSISTANCE
Russia,2010,"2,785,453,871.59",DEVELOPMENTAL FOOD AID/FOOD SECURITY ASSISTANCE
Russia,2010,"503,470,787.29",DISASTER PREVENTION AND PREPAREDNESS
Russia,2010,"417,818,080.74",DISASTER PREVENTION AND PREPAREDNESS
Russia,2010,"1,392,726,935.80",DISASTER PREVENTION AND PREPAREDNESS
Russia,2010,"1,392,726.94",DISASTER PREVENTION AND PREPAREDNESS
Russia,2010,"405,840,629.09",DISASTER PREVENTION AND PREPAREDNESS
Russia,2010,"473,527,158.17",DISASTER PREVENTION AND PREPAREDNESS
Russia,2010,"4,114,960.34",DISASTER PREVENTION AND PREPAREDNESS
Russia,2010,"250,864,939.31",DISASTER PREVENTION AND PREPAREDNESS
Rwanda,2010,"6,172,440.51",DISASTER PREVENTION AND PREPAREDNESS
Rwanda,2010,"8,356,361.61",DISASTER PREVENTION AND PREPAREDNESS
Rwanda,2010,"2,057,480.17",DEVELOPMENTAL FOOD AID/FOOD SECURITY ASSISTANCE
Samoa,2010,"2,983,346.25",DEVELOPMENTAL FOOD AID/FOOD SECURITY ASSISTANCE
Samoa,2010,"43,174,535.01",DEVELOPMENTAL FOOD AID/FOOD SECURITY ASSISTANCE
Samoa,2010,"557,090.77",DEVELOPMENTAL FOOD AID/FOOD SECURITY ASSISTANCE
Samoa,2010,"1,378,511.71",DEVELOPMENTAL FOOD AID/FOOD SECURITY ASSISTANCE
Samoa,2010,"82,299.21",GOVERNMENT AND CIVIL SOCIETY
Samoa,2010,"133,736.21",DISASTER PREVENTION AND PREPAREDNESS
Senegal,2010,"32,919,682.71",DISASTER PREVENTION AND PREPAREDNESS
Senegal,2010,"6,172,440.51",DISASTER PREVENTION AND PREPAREDNESS
Senegal,2010,"424,601.93",DISASTER PREVENTION AND PREPAREDNESS
Senegal,2010,"2,114,153.46",DISASTER PREVENTION AND PREPAREDNESS
Senegal,2010,"13,064,999.08",DEVELOPMENTAL FOOD AID/FOOD SECURITY ASSISTANCE
Senegal,2010,"87,272,434.45",DEVELOPMENTAL FOOD AID/FOOD SECURITY ASSISTANCE
Senegal,2010,"3,184,514.57",DEVELOPMENTAL FOOD AID/FOOD SECURITY ASSISTANCE
Serbia,2010,"2,089,090.40",DEVELOPMENTAL FOOD AID/FOOD SECURITY ASSISTANCE
Serbia,2010,"42,157,768.67",DEVELOPMENTAL FOOD AID/FOOD SECURITY ASSISTANCE
Serbia,2010,"302,778,835.84",DISASTER PREVENTION AND PREPAREDNESS
Seychelles,2010,"8,356,361.61",DISASTER PREVENTION AND PREPAREDNESS
Seychelles,2010,"3,086,220.25",DISASTER PREVENTION AND PREPAREDNESS
Seychelles,2010,"29,247.27",DISASTER PREVENTION AND PREPAREDNESS
Sierra Leone,2010,"12,534,542.42",DISASTER PREVENTION AND PREPAREDNESS
South Africa,2010,"442,694,759.37",DEVELOPMENTAL FOOD AID/FOOD SECURITY ASSISTANCE
South Africa,2010,"95,126,542.89",DEVELOPMENTAL FOOD AID/FOOD SECURITY ASSISTANCE
Sri Lanka,2010,"252,165,330.23",DEVELOPMENTAL FOOD AID/FOOD SECURITY ASSISTANCE
Sri Lanka,2010,"616,030.50",DEVELOPMENTAL FOOD AID/FOOD SECURITY ASSISTANCE
Sri Lanka,2010,"3,516,302.11",DEVELOPMENTAL FOOD AID/FOOD SECURITY ASSISTANCE
Sri Lanka,2010,"696,363.47",GOVERNMENT AND CIVIL SOCIETY
Sri Lanka,2010,"10,287,400.85",DISASTER PREVENTION AND PREPAREDNESS
Sri Lanka,2010,"7,392,366.04",DISASTER PREVENTION AND PREPAREDNESS
Sri Lanka,2010,"212,362,564.46",DISASTER PREVENTION AND PREPAREDNESS
Sri Lanka,2010,"54,359,335.29",DISASTER PREVENTION AND PREPAREDNESS
Sri Lanka,2010,"132,593,041.50",DISASTER PREVENTION AND PREPAREDNESS
Sri Lanka,2010,"42,778,277.73",DEVELOPMENTAL FOOD AID/FOOD SECURITY ASSISTANCE
Sri Lanka,2010,"12,805,756.57",DEVELOPMENTAL FOOD AID/FOOD SECURITY ASSISTANCE
Sri Lanka,2010,"98,857,076.82",DEVELOPMENTAL FOOD AID/FOOD SECURITY ASSISTANCE
Sri Lanka,2010,"98,202,110.76",DEVELOPMENTAL FOOD AID/FOOD SECURITY ASSISTANCE
Sri Lanka,2010,"59,563,697.13",DEVELOPMENTAL FOOD AID/FOOD SECURITY ASSISTANCE
Sri Lanka,2010,"59,204,404.22",DISASTER PREVENTION AND PREPAREDNESS
Sri Lanka,2010,"104,117,765.78",DISASTER PREVENTION AND PREPAREDNESS
Sri Lanka,2010,"69,636,346.79",DISASTER PREVENTION AND PREPAREDNESS
Sudan,2010,"324,505,376.04",DISASTER PREVENTION AND PREPAREDNESS
Sudan,2010,"28,411,629.49",DISASTER PREVENTION AND PREPAREDNESS
Sudan,2010,"41,642,535.38",DEVELOPMENTAL FOOD AID/FOOD SECURITY ASSISTANCE
Sudan,2010,"2,057,480.17",DEVELOPMENTAL FOOD AID/FOOD SECURITY ASSISTANCE
Sudan,2010,"835,636.16",DEVELOPMENTAL FOOD AID/FOOD SECURITY ASSISTANCE
Sudan,2010,"8,229,920.68",DEVELOPMENTAL FOOD AID/FOOD SECURITY ASSISTANCE
Sudan,2010,"13,927,269.36",DEVELOPMENTAL FOOD AID/FOOD SECURITY ASSISTANCE
Sudan,2010,"1,392,726.94",GOVERNMENT AND CIVIL SOCIETY
Sudan,2010,"164,341,778.42",DISASTER PREVENTION AND PREPAREDNESS
Sudan,2010,"82,170,889.21",DISASTER PREVENTION AND PREPAREDNESS
Sudan,2010,"835,636.16",DISASTER PREVENTION AND PREPAREDNESS
Sudan,2010,"222,836,309.73",DISASTER PREVENTION AND PREPAREDNESS
Sudan,2010,"822,992.07",DISASTER PREVENTION AND PREPAREDNESS
Sudan,2010,"49,232.90",DEVELOPMENTAL FOOD AID/FOOD SECURITY ASSISTANCE
Syrian Arab Republic,2010,"2,228,363,097.27",DEVELOPMENTAL FOOD AID/FOOD SECURITY ASSISTANCE
Tajikistan,2010,"27,854,538.72",DEVELOPMENTAL FOOD AID/FOOD SECURITY ASSISTANCE
Tajikistan,2010,"48,822,046.91",DEVELOPMENTAL FOOD AID/FOOD SECURITY ASSISTANCE
Tajikistan,2010,"16,459,841.36",DEVELOPMENTAL FOOD AID/FOOD SECURITY ASSISTANCE
Tajikistan,2010,"200,448,224.23",DISASTER PREVENTION AND PREPAREDNESS
Tajikistan,2010,"1,020,013.71",DISASTER PREVENTION AND PREPAREDNESS
Tajikistan,2010,"925,866.08",DISASTER PREVENTION AND PREPAREDNESS
Tanzania,2010,"13,927,269.36",DISASTER PREVENTION AND PREPAREDNESS
Tanzania,2010,"6,762.75",DISASTER PREVENTION AND PREPAREDNESS
Tanzania,2010,"61,830.84",DEVELOPMENTAL FOOD AID/FOOD SECURITY ASSISTANCE
Tanzania,2010,"144,023,611.86",DEVELOPMENTAL FOOD AID/FOOD SECURITY ASSISTANCE
Tanzania,2010,"98,964,796.15",DEVELOPMENTAL FOOD AID/FOOD SECURITY ASSISTANCE
Tanzania,2010,"94,705,431.63",DEVELOPMENTAL FOOD AID/FOOD SECURITY ASSISTANCE
Tanzania,2010,"205,748.02",DEVELOPMENTAL FOOD AID/FOOD SECURITY ASSISTANCE
Thailand,2010,"1,378,511.71",GOVERNMENT AND CIVIL SOCIETY
Thailand,2010,"2,057,480.17",DISASTER PREVENTION AND PREPAREDNESS
Thailand,2010,"23,676,357.91",DISASTER PREVENTION AND PREPAREDNESS
Thailand,2010,"4,114,960.34",DISASTER PREVENTION AND PREPAREDNESS
Thailand,2010,"3,063,999,258.75",DISASTER PREVENTION AND PREPAREDNESS
Timor-Leste,2010,"2,165,336.49",DISASTER PREVENTION AND PREPAREDNESS
Timor-Leste,2010,"4,114,960.34",DEVELOPMENTAL FOOD AID/FOOD SECURITY ASSISTANCE
Timor-Leste,2010,"4,363,587.54",DEVELOPMENTAL FOOD AID/FOOD SECURITY ASSISTANCE
Togo,2010,"34,818,173.39",DEVELOPMENTAL FOOD AID/FOOD SECURITY ASSISTANCE
Togo,2010,"411,496.03",DEVELOPMENTAL FOOD AID/FOOD SECURITY ASSISTANCE
Togo,2010,"6,172,440.51",DEVELOPMENTAL FOOD AID/FOOD SECURITY ASSISTANCE
Togo,2010,"16,459,841.36",DISASTER PREVENTION AND PREPAREDNESS
Togo,2010,"23,290,675.52",DISASTER PREVENTION AND PREPAREDNESS
Togo,2010,"411,496.03",DISASTER PREVENTION AND PREPAREDNESS
Tonga,2010,"59,872,672.93",DISASTER PREVENTION AND PREPAREDNESS
Tonga,2010,"4,114,960.34",DISASTER PREVENTION AND PREPAREDNESS
Tunisia,2010,"4,114,960.34",DEVELOPMENTAL FOOD AID/FOOD SECURITY ASSISTANCE
Turkey,2010,"804,996,168.89",DEVELOPMENTAL FOOD AID/FOOD SECURITY ASSISTANCE
Turkey,2010,"39,848,703.09",DEVELOPMENTAL FOOD AID/FOOD SECURITY ASSISTANCE
Turkmenistan,2010,"14,402,361.19",DEVELOPMENTAL FOOD AID/FOOD SECURITY ASSISTANCE
Uganda,2010,"557,090.77",DEVELOPMENTAL FOOD AID/FOOD SECURITY ASSISTANCE
Uganda,2010,"69,636.35",GOVERNMENT AND CIVIL SOCIETY
Uganda,2010,"822,992.07",DISASTER PREVENTION AND PREPAREDNESS
Uganda,2010,"122,559.97",DISASTER PREVENTION AND PREPAREDNESS
Uganda,2010,"2,057,480.17",DISASTER PREVENTION AND PREPAREDNESS
Uganda,2010,"20,574.80",DISASTER PREVENTION AND PREPAREDNESS
Uganda,2010,"833,095.21",DISASTER PREVENTION AND PREPAREDNESS
Uganda,2010,"612,187.61",DEVELOPMENTAL FOOD AID/FOOD SECURITY ASSISTANCE
Ukraine,2010,"4,114,960.34",DEVELOPMENTAL FOOD AID/FOOD SECURITY ASSISTANCE
Ukraine,2010,"1,434,508,743.87",DEVELOPMENTAL FOOD AID/FOOD SECURITY ASSISTANCE
Ukraine,2010,"167,127,232.30",DEVELOPMENTAL FOOD AID/FOOD SECURITY ASSISTANCE
Ukraine,2010,"1,740,908,669.75",DEVELOPMENTAL FOOD AID/FOOD SECURITY ASSISTANCE
Ukraine,2010,"5,143,700.42",DISASTER PREVENTION AND PREPAREDNESS
Uruguay,2010,"13,927,269.36",DISASTER PREVENTION AND PREPAREDNESS
Uruguay,2010,"2,057,480.17",DISASTER PREVENTION AND PREPAREDNESS
Uzbekistan,2010,"617,244.05",DISASTER PREVENTION AND PREPAREDNESS
Uzbekistan,2010,"104,454,520.18",DISASTER PREVENTION AND PREPAREDNESS
Uzbekistan,2010,"102,504,702.47",DISASTER PREVENTION AND PREPAREDNESS
Uzbekistan,2010,"158,541,976.01",DISASTER PREVENTION AND PREPAREDNESS
Uzbekistan,2010,"69,636,346.79",DISASTER PREVENTION AND PREPAREDNESS
Uzbekistan,2010,"249,823,179.56",DISASTER PREVENTION AND PREPAREDNESS
Uzbekistan,2010,"128,409,423.48",DISASTER PREVENTION AND PREPAREDNESS
Vanuatu,2010,"8,229,920.68",DEVELOPMENTAL FOOD AID/FOOD SECURITY ASSISTANCE
Venezuela,2010,"13,927,269,357.96",DEVELOPMENTAL FOOD AID/FOOD SECURITY ASSISTANCE
Venezuela,2010,"14,402,361,186.26",DEVELOPMENTAL FOOD AID/FOOD SECURITY ASSISTANCE
Venezuela,2010,"820,316,165.18",DEVELOPMENTAL FOOD AID/FOOD SECURITY ASSISTANCE
Venezuela,2010,"70,487,457.69",DEVELOPMENTAL FOOD AID/FOOD SECURITY ASSISTANCE
Venezuela,2010,"70,487,457.69",GOVERNMENT AND CIVIL SOCIETY
Viet Nam,2010,"6,553.97",DISASTER PREVENTION AND PREPAREDNESS
Viet Nam,2010,"13,927.27",DISASTER PREVENTION AND PREPAREDNESS
Viet Nam,2010,"1,392,726.94",DISASTER PREVENTION AND PREPAREDNESS
Viet Nam,2010,"417,818,080.74",DISASTER PREVENTION AND PREPAREDNESS
Viet Nam,2010,"123,448,810.17",DISASTER PREVENTION AND PREPAREDNESS
Viet Nam,2010,"967,945,220.38",DEVELOPMENTAL FOOD AID/FOOD SECURITY ASSISTANCE
Viet Nam,2010,"139,272,693.58",DEVELOPMENTAL FOOD AID/FOOD SECURITY ASSISTANCE
Viet Nam,2010,"1,462,363,282.59",DEVELOPMENTAL FOOD AID/FOOD SECURITY ASSISTANCE
Yemen,2010,"82,299.21",DEVELOPMENTAL FOOD AID/FOOD SECURITY ASSISTANCE
Yemen,2010,"1,028,740.08",DEVELOPMENTAL FOOD AID/FOOD SECURITY ASSISTANCE
Zambia,2010,"74,275,034.12",DISASTER PREVENTION AND PREPAREDNESS
Zambia,2010,"119,913,789.17",DISASTER PREVENTION AND PREPAREDNESS
Zambia,2010,"11,141,815.49",DISASTER PREVENTION AND PREPAREDNESS
Zambia,2010,"7,406,928.61",DISASTER PREVENTION AND PREPAREDNESS
Zambia,2010,"139,272,693.58",DISASTER PREVENTION AND PREPAREDNESS
Zimbabwe,2010,"4,038,908.11",DEVELOPMENTAL FOOD AID/FOOD SECURITY ASSISTANCE
Zimbabwe,2010,"13,927,269.36",DEVELOPMENTAL FOOD AID/FOOD SECURITY ASSISTANCE
Zimbabwe,2010,"2,089,090.40",DEVELOPMENTAL FOOD AID/FOOD SECURITY ASSISTANCE
Zimbabwe,2010,"417,818,080.74",DEVELOPMENTAL FOOD AID/FOOD SECURITY ASSISTANCE
Zimbabwe,2010,"13,927,269.36",DEVELOPMENTAL FOOD AID/FOOD SECURITY ASSISTANCE
Zimbabwe,2010,"10,287,400.85",GOVERNMENT AND CIVIL SOCIETY
Zimbabwe,2010,"64,810,625.34",DISASTER PREVENTION AND PREPAREDNESS
Zimbabwe,2010,"10,287,400.85",DISASTER PREVENTION AND PREPAREDNESS
Zimbabwe,2010,"1,591,061.00",DISASTER PREVENTION AND PREPAREDNESS
Afghanistan,2009,"6,595,954.73",DISASTER PREVENTION AND PREPAREDNESS
Afghanistan,2009,"751,005.02",DISASTER PREVENTION AND PREPAREDNESS
Afghanistan,2009,"2,684,842.96",DEVELOPMENTAL FOOD AID/FOOD SECURITY ASSISTANCE
"Africa, regional",2009,"58,578,391.88",DEVELOPMENTAL FOOD AID/FOOD SECURITY ASSISTANCE
"Africa, regional",2009,"253,088,693.13",DEVELOPMENTAL FOOD AID/FOOD SECURITY ASSISTANCE
"Africa, regional",2009,"150,201,004.83",DEVELOPMENTAL FOOD AID/FOOD SECURITY ASSISTANCE
Algeria,2009,"2,086,580.06",DEVELOPMENTAL FOOD AID/FOOD SECURITY ASSISTANCE
"America, regional",2009,"75,100,502.41",DISASTER PREVENTION AND PREPAREDNESS
Angola,2009,"2,253,015,072.41",DISASTER PREVENTION AND PREPAREDNESS
Angola,2009,"9,012,060,289.65",DISASTER PREVENTION AND PREPAREDNESS
Angola,2009,"600,804,019.31",DISASTER PREVENTION AND PREPAREDNESS
Angola,2009,"120,160,803.86",DISASTER PREVENTION AND PREPAREDNESS
Angola,2009,"2,410,726,127.48",DEVELOPMENTAL FOOD AID/FOOD SECURITY ASSISTANCE
Angola,2009,"256,843,718.25",DEVELOPMENTAL FOOD AID/FOOD SECURITY ASSISTANCE
Angola,2009,"3,821,256.44",DEVELOPMENTAL FOOD AID/FOOD SECURITY ASSISTANCE
Antigua and Barbuda,2009,"5,257,035.17",DEVELOPMENTAL FOOD AID/FOOD SECURITY ASSISTANCE
Antigua and Barbuda,2009,"4,397,303.15",DEVELOPMENTAL FOOD AID/FOOD SECURITY ASSISTANCE
Antigua and Barbuda,2009,"6,595,954.73",GOVERNMENT AND CIVIL SOCIETY
Armenia,2009,"976,306.53",DISASTER PREVENTION AND PREPAREDNESS
Armenia,2009,"15,390,561.04",DISASTER PREVENTION AND PREPAREDNESS
Armenia,2009,"4,397,303.15",DISASTER PREVENTION AND PREPAREDNESS
"Asia, regional",2009,"59,363,592.57",DISASTER PREVENTION AND PREPAREDNESS
"Asia, regional",2009,"3,004,020.10",DISASTER PREVENTION AND PREPAREDNESS
Bangladesh,2009,"21,986,515.77",DEVELOPMENTAL FOOD AID/FOOD SECURITY ASSISTANCE
Belarus,2009,"213,976,351.48",DEVELOPMENTAL FOOD AID/FOOD SECURITY ASSISTANCE
Belarus,2009,"542,510,814.93",DEVELOPMENTAL FOOD AID/FOOD SECURITY ASSISTANCE
Belarus,2009,"8,561,457,275.17",DEVELOPMENTAL FOOD AID/FOOD SECURITY ASSISTANCE
Belarus,2009,"13,668,291.44",DEVELOPMENTAL FOOD AID/FOOD SECURITY ASSISTANCE
Benin,2009,"9,546,185.26",DISASTER PREVENTION AND PREPAREDNESS
Benin,2009,"19,092,370.53",DISASTER PREVENTION AND PREPAREDNESS
Bolivia,2009,"3,297,977.37",DISASTER PREVENTION AND PREPAREDNESS
Bolivia,2009,"450,603.01",DISASTER PREVENTION AND PREPAREDNESS
Bolivia,2009,"751,005.02",DISASTER PREVENTION AND PREPAREDNESS
Bolivia,2009,"90,120,602.90",DEVELOPMENTAL FOOD AID/FOOD SECURITY ASSISTANCE
Bolivia,2009,"4,397,303.15",DEVELOPMENTAL FOOD AID/FOOD SECURITY ASSISTANCE
Bolivia,2009,"4,397,303.15",DEVELOPMENTAL FOOD AID/FOOD SECURITY ASSISTANCE
Bolivia,2009,"6,595,954.73",DEVELOPMENTAL FOOD AID/FOOD SECURITY ASSISTANCE
Bosnia and Herzegovina,2009,"4,397,303.15",DEVELOPMENTAL FOOD AID/FOOD SECURITY ASSISTANCE
Botswana,2009,"2,198,651.58",GOVERNMENT AND CIVIL SOCIETY
Botswana,2009,"4,397,303.15",DISASTER PREVENTION AND PREPAREDNESS
Botswana,2009,"1,239,231,226.53",DISASTER PREVENTION AND PREPAREDNESS
Botswana,2009,"4,200.96",DISASTER PREVENTION AND PREPAREDNESS
Botswana,2009,"16,803.85",DISASTER PREVENTION AND PREPAREDNESS
Botswana,2009,"210,281,406.76",DISASTER PREVENTION AND PREPAREDNESS
Brazil,2009,"15,020,100,482.75",DEVELOPMENTAL FOOD AID/FOOD SECURITY ASSISTANCE
Brazil,2009,"450,603,014.48",DEVELOPMENTAL FOOD AID/FOOD SECURITY ASSISTANCE
Brazil,2009,"10,514,070,337.92",DEVELOPMENTAL FOOD AID/FOOD SECURITY ASSISTANCE
Brazil,2009,"1,201,608,038.62",DEVELOPMENTAL FOOD AID/FOOD SECURITY ASSISTANCE
Brazil,2009,"25,083,567.81",DEVELOPMENTAL FOOD AID/FOOD SECURITY ASSISTANCE
Brazil,2009,"751,005,024.14",DISASTER PREVENTION AND PREPAREDNESS
Brazil,2009,"66,756,002.15",DISASTER PREVENTION AND PREPAREDNESS
Bulgaria,2009,"10,432,900.29",DISASTER PREVENTION AND PREPAREDNESS
Bulgaria,2009,"62,597,401.72",DISASTER PREVENTION AND PREPAREDNESS
Burundi,2009,"10,993,257.88",DISASTER PREVENTION AND PREPAREDNESS
Burundi,2009,"439,730.32",DEVELOPMENTAL FOOD AID/FOOD SECURITY ASSISTANCE
Burundi,2009,"300,402.01",DEVELOPMENTAL FOOD AID/FOOD SECURITY ASSISTANCE
Cabo Verde,2009,"29,928,045.26",DEVELOPMENTAL FOOD AID/FOOD SECURITY ASSISTANCE
Cabo Verde,2009,"6,759,045.22",DEVELOPMENTAL FOOD AID/FOOD SECURITY ASSISTANCE
Cambodia,2009,"112,300,526.59",DEVELOPMENTAL FOOD AID/FOOD SECURITY ASSISTANCE
Cambodia,2009,"11,565,477.37",GOVERNMENT AND CIVIL SOCIETY
Cambodia,2009,"8,794,606.31",DISASTER PREVENTION AND PREPAREDNESS
Cambodia,2009,"138,315,364.95",DISASTER PREVENTION AND PREPAREDNESS
Cambodia,2009,"46,584,044.08",DISASTER PREVENTION AND PREPAREDNESS
Cambodia,2009,"22,872,897.40",DISASTER PREVENTION AND PREPAREDNESS
Cambodia,2009,"74,968,281.97",DISASTER PREVENTION AND PREPAREDNESS
Cambodia,2009,"102,682,093.17",DEVELOPMENTAL FOOD AID/FOOD SECURITY ASSISTANCE
Cambodia,2009,"4,506,030.14",DEVELOPMENTAL FOOD AID/FOOD SECURITY ASSISTANCE
Cambodia,2009,"109,932.58",DEVELOPMENTAL FOOD AID/FOOD SECURITY ASSISTANCE
Cambodia,2009,"112,041,901.62",DEVELOPMENTAL FOOD AID/FOOD SECURITY ASSISTANCE
Cambodia,2009,"113,957,502.36",DEVELOPMENTAL FOOD AID/FOOD SECURITY ASSISTANCE
Cambodia,2009,"10,993,257.88",DISASTER PREVENTION AND PREPAREDNESS
Cambodia,2009,"10,993,257.88",DISASTER PREVENTION AND PREPAREDNESS
Cambodia,2009,"28,237,788.91",DISASTER PREVENTION AND PREPAREDNESS
Cameroon,2009,"78,179,623.01",DISASTER PREVENTION AND PREPAREDNESS
Cameroon,2009,"10,993,257.88",DISASTER PREVENTION AND PREPAREDNESS
Cameroon,2009,"659,595.47",DISASTER PREVENTION AND PREPAREDNESS
Cameroon,2009,"145,890,235.99",DISASTER PREVENTION AND PREPAREDNESS
Cameroon,2009,"439,730.32",DISASTER PREVENTION AND PREPAREDNESS
Cameroon,2009,"61,562,244.15",DISASTER PREVENTION AND PREPAREDNESS
Cameroon,2009,"222,744.32",DISASTER PREVENTION AND PREPAREDNESS
Cameroon,2009,"10,993,257.88",DEVELOPMENTAL FOOD AID/FOOD SECURITY ASSISTANCE
Cameroon,2009,"10,993,257.88",DEVELOPMENTAL FOOD AID/FOOD SECURITY ASSISTANCE
Central African Republic,2009,"2,198,651.58",DEVELOPMENTAL FOOD AID/FOOD SECURITY ASSISTANCE
Central African Republic,2009,"8,273,360.56",DEVELOPMENTAL FOOD AID/FOOD SECURITY ASSISTANCE
Central African Republic,2009,"65,959.55",DEVELOPMENTAL FOOD AID/FOOD SECURITY ASSISTANCE
Chad,2009,"44,852,492.17",GOVERNMENT AND CIVIL SOCIETY
Chile,2009,"300,402,009.65",DISASTER PREVENTION AND PREPAREDNESS
Colombia,2009,"439,730.32",DISASTER PREVENTION AND PREPAREDNESS
Colombia,2009,"2,792,236.68",DISASTER PREVENTION AND PREPAREDNESS
Colombia,2009,"10,819.59",DISASTER PREVENTION AND PREPAREDNESS
Colombia,2009,"5,796,256.78",DISASTER PREVENTION AND PREPAREDNESS
Colombia,2009,"8,794,606.31",DEVELOPMENTAL FOOD AID/FOOD SECURITY ASSISTANCE
Comoros,2009,"16,628,401.88",DEVELOPMENTAL FOOD AID/FOOD SECURITY ASSISTANCE
Congo,2009,"11,137,216.14",DEVELOPMENTAL FOOD AID/FOOD SECURITY ASSISTANCE
Congo,2009,"15,390,561.04",DEVELOPMENTAL FOOD AID/FOOD SECURITY ASSISTANCE
Congo,2009,"439,730.32",DEVELOPMENTAL FOOD AID/FOOD SECURITY ASSISTANCE
Costa Rica,2009,"150,201.00",DISASTER PREVENTION AND PREPAREDNESS
Costa Rica,2009,"157,711,055.07",DISASTER PREVENTION AND PREPAREDNESS
Costa Rica,2009,"10,501,921.67",DISASTER PREVENTION AND PREPAREDNESS
Cote d'Ivoire,2009,"21,986,515.77",DISASTER PREVENTION AND PREPAREDNESS
Cote d'Ivoire,2009,"10,988,860.58",DISASTER PREVENTION AND PREPAREDNESS
Cuba,2009,"450,603,014.48",DEVELOPMENTAL FOOD AID/FOOD SECURITY ASSISTANCE
Cuba,2009,"390,522,612.55",DEVELOPMENTAL FOOD AID/FOOD SECURITY ASSISTANCE
Cuba,2009,"1,652,211.05",DEVELOPMENTAL FOOD AID/FOOD SECURITY ASSISTANCE
Democratic People's Republic of Korea,2009,"53,629,212.34",DEVELOPMENTAL FOOD AID/FOOD SECURITY ASSISTANCE
Democratic People's Republic of Korea,2009,"33,963,075.71",DEVELOPMENTAL FOOD AID/FOOD SECURITY ASSISTANCE
Democratic People's Republic of Korea,2009,"10,280,958.38",GOVERNMENT AND CIVIL SOCIETY
Democratic People's Republic of Korea,2009,"34,958,560.07",DISASTER PREVENTION AND PREPAREDNESS
Democratic People's Republic of Korea,2009,"341,026,499.93",DISASTER PREVENTION AND PREPAREDNESS
Democratic Republic of the Congo,2009,"879,460.63",DISASTER PREVENTION AND PREPAREDNESS
Democratic Republic of the Congo,2009,"22,351,405.48",DISASTER PREVENTION AND PREPAREDNESS
Democratic Republic of the Congo,2009,"8,794,606.31",DISASTER PREVENTION AND PREPAREDNESS
Democratic Republic of the Congo,2009,"3,064,957.95",DEVELOPMENTAL FOOD AID/FOOD SECURITY ASSISTANCE
Democratic Republic of the Congo,2009,"547,785.42",DEVELOPMENTAL FOOD AID/FOOD SECURITY ASSISTANCE
Democratic Republic of the Congo,2009,"1,583,667.98",DEVELOPMENTAL FOOD AID/FOOD SECURITY ASSISTANCE
Democratic Republic of the Congo,2009,"1,319,964.88",DEVELOPMENTAL FOOD AID/FOOD SECURITY ASSISTANCE
Democratic Republic of the Congo,2009,"36,226,319.20",DEVELOPMENTAL FOOD AID/FOOD SECURITY ASSISTANCE
Democratic Republic of the Congo,2009,"36,431,597.83",DISASTER PREVENTION AND PREPAREDNESS
Democratic Republic of the Congo,2009,"44,075,271.20",DISASTER PREVENTION AND PREPAREDNESS
Democratic Republic of the Congo,2009,"61,509,470.92",DISASTER PREVENTION AND PREPAREDNESS
Democratic Republic of the Congo,2009,"32,901,907.74",DISASTER PREVENTION AND PREPAREDNESS
Democratic Republic of the Congo,2009,"53,914,107.32",DISASTER PREVENTION AND PREPAREDNESS
Democratic Republic of the Congo,2009,"2,903,199.17",DEVELOPMENTAL FOOD AID/FOOD SECURITY ASSISTANCE
Democratic Republic of the Congo,2009,"3,299,912.22",DEVELOPMENTAL FOOD AID/FOOD SECURITY ASSISTANCE
Djibouti,2009,"4,397,303.15",DEVELOPMENTAL FOOD AID/FOOD SECURITY ASSISTANCE
Djibouti,2009,"14,511,100.41",DEVELOPMENTAL FOOD AID/FOOD SECURITY ASSISTANCE
Dominica,2009,"55,630,001.79",DEVELOPMENTAL FOOD AID/FOOD SECURITY ASSISTANCE
Dominica,2009,"1,382,460.06",GOVERNMENT AND CIVIL SOCIETY
Ecuador,2009,"1,502,010,048.27",DISASTER PREVENTION AND PREPAREDNESS
Ecuador,2009,"1,802,412,057.93",DISASTER PREVENTION AND PREPAREDNESS
Ecuador,2009,"2,198,651.58",DISASTER PREVENTION AND PREPAREDNESS
Ecuador,2009,"4,397,303.15",DISASTER PREVENTION AND PREPAREDNESS
Ecuador,2009,"6,595,954.73",DISASTER PREVENTION AND PREPAREDNESS
Ecuador,2009,"27,036,180.87",DEVELOPMENTAL FOOD AID/FOOD SECURITY ASSISTANCE
Ecuador,2009,"72,555,502.04",DEVELOPMENTAL FOOD AID/FOOD SECURITY ASSISTANCE
Ecuador,2009,"318,804.48",DEVELOPMENTAL FOOD AID/FOOD SECURITY ASSISTANCE
Ecuador,2009,"4,397,303.15",DEVELOPMENTAL FOOD AID/FOOD SECURITY ASSISTANCE
Egypt,2009,"6,595,954.73",DEVELOPMENTAL FOOD AID/FOOD SECURITY ASSISTANCE
Egypt,2009,"114,152.76",DISASTER PREVENTION AND PREPAREDNESS
Egypt,2009,"135,180,904.34",DISASTER PREVENTION AND PREPAREDNESS
Egypt,2009,"24,185,167.35",DISASTER PREVENTION AND PREPAREDNESS
Egypt,2009,"17,589,212.61",DISASTER PREVENTION AND PREPAREDNESS
Egypt,2009,"81,152.43",DISASTER PREVENTION AND PREPAREDNESS
Equatorial Guinea,2009,"826,030,426.05",DEVELOPMENTAL FOOD AID/FOOD SECURITY ASSISTANCE
Equatorial Guinea,2009,"628,308,661.12",DEVELOPMENTAL FOOD AID/FOOD SECURITY ASSISTANCE
Equatorial Guinea,2009,"75,100.50",DEVELOPMENTAL FOOD AID/FOOD SECURITY ASSISTANCE
Equatorial Guinea,2009,"219,865.16",DEVELOPMENTAL FOOD AID/FOOD SECURITY ASSISTANCE
Equatorial Guinea,2009,"1,051,407.03",DEVELOPMENTAL FOOD AID/FOOD SECURITY ASSISTANCE
Equatorial Guinea,2009,"240,321.61",GOVERNMENT AND CIVIL SOCIETY
Eritrea,2009,"7,510,050.24",DISASTER PREVENTION AND PREPAREDNESS
Eritrea,2009,"13,411,955.40",DISASTER PREVENTION AND PREPAREDNESS
Ethiopia,2009,"88,160,479.78",DISASTER PREVENTION AND PREPAREDNESS
Ethiopia,2009,"524,201,506.85",DISASTER PREVENTION AND PREPAREDNESS
Ethiopia,2009,"1,021,366,832.83",DISASTER PREVENTION AND PREPAREDNESS
Ethiopia,2009,"14,289,988.56",DEVELOPMENTAL FOOD AID/FOOD SECURITY ASSISTANCE
Ethiopia,2009,"75,594,898.27",DEVELOPMENTAL FOOD AID/FOOD SECURITY ASSISTANCE
Ethiopia,2009,"1,201,608.04",DEVELOPMENTAL FOOD AID/FOOD SECURITY ASSISTANCE
Ethiopia,2009,"48,522,434.61",DEVELOPMENTAL FOOD AID/FOOD SECURITY ASSISTANCE
Fiji,2009,"105,140,703.38",DEVELOPMENTAL FOOD AID/FOOD SECURITY ASSISTANCE
Fiji,2009,"2,198,651.58",DISASTER PREVENTION AND PREPAREDNESS
Fiji,2009,"45,060.30",DISASTER PREVENTION AND PREPAREDNESS
Fiji,2009,"2,307.18",DISASTER PREVENTION AND PREPAREDNESS
Fiji,2009,"461,436.54",DISASTER PREVENTION AND PREPAREDNESS
Fiji,2009,"1,758,921.26",DISASTER PREVENTION AND PREPAREDNESS
Fiji,2009,"7,464.54",DEVELOPMENTAL FOOD AID/FOOD SECURITY ASSISTANCE
Fiji,2009,"2,198,651.58",DEVELOPMENTAL FOOD AID/FOOD SECURITY ASSISTANCE
Gabon,2009,"10,993,257.88",DEVELOPMENTAL FOOD AID/FOOD SECURITY ASSISTANCE
Gabon,2009,"185,580,430.31",DEVELOPMENTAL FOOD AID/FOOD SECURITY ASSISTANCE
Georgia,2009,"4,397,303.15",DEVELOPMENTAL FOOD AID/FOOD SECURITY ASSISTANCE
Ghana,2009,"671,398.49",GOVERNMENT AND CIVIL SOCIETY
Ghana,2009,"60,080.40",DISASTER PREVENTION AND PREPAREDNESS
Ghana,2009,"22,530,150.72",DISASTER PREVENTION AND PREPAREDNESS
Ghana,2009,"13,191,909.46",DISASTER PREVENTION AND PREPAREDNESS
Ghana,2009,"8,794,606.31",DISASTER PREVENTION AND PREPAREDNESS
Ghana,2009,"10,934,633.15",DISASTER PREVENTION AND PREPAREDNESS
Ghana,2009,"751,005.02",DEVELOPMENTAL FOOD AID/FOOD SECURITY ASSISTANCE
Ghana,2009,"148,698,994.78",DEVELOPMENTAL FOOD AID/FOOD SECURITY ASSISTANCE
Ghana,2009,"2,198,651.58",DEVELOPMENTAL FOOD AID/FOOD SECURITY ASSISTANCE
Ghana,2009,"4,397,303.15",DEVELOPMENTAL FOOD AID/FOOD SECURITY ASSISTANCE
Ghana,2009,"54,618,546.66",DEVELOPMENTAL FOOD AID/FOOD SECURITY ASSISTANCE
Ghana,2009,"54,618,546.66",DISASTER PREVENTION AND PREPAREDNESS
Grenada,2009,"1,502,010.05",DISASTER PREVENTION AND PREPAREDNESS
Grenada,2009,"9,012,060.29",DISASTER PREVENTION AND PREPAREDNESS
Guinea-Bissau,2009,"2,207,954.77",DISASTER PREVENTION AND PREPAREDNESS
Guinea-Bissau,2009,"11,414,795.72",DISASTER PREVENTION AND PREPAREDNESS
Guyana,2009,"8,861,859.28",DISASTER PREVENTION AND PREPAREDNESS
Guyana,2009,"87,946.06",DISASTER PREVENTION AND PREPAREDNESS
Guyana,2009,"65,959.55",DISASTER PREVENTION AND PREPAREDNESS
Guyana,2009,"27,101,725.80",DISASTER PREVENTION AND PREPAREDNESS
India,2009,"751,005,024.14",DISASTER PREVENTION AND PREPAREDNESS
India,2009,"147,196,984.73",DEVELOPMENTAL FOOD AID/FOOD SECURITY ASSISTANCE
India,2009,"73,598,492.37",DEVELOPMENTAL FOOD AID/FOOD SECURITY ASSISTANCE
India,2009,"383,012,562.31",DEVELOPMENTAL FOOD AID/FOOD SECURITY ASSISTANCE
India,2009,"104,990,502.37",DEVELOPMENTAL FOOD AID/FOOD SECURITY ASSISTANCE
Indonesia,2009,"751,005.02",DEVELOPMENTAL FOOD AID/FOOD SECURITY ASSISTANCE
Indonesia,2009,"683,375,642.87",GOVERNMENT AND CIVIL SOCIETY
Indonesia,2009,"723,874,490.00",DISASTER PREVENTION AND PREPAREDNESS
Indonesia,2009,"186,759,833.27",DISASTER PREVENTION AND PREPAREDNESS
Indonesia,2009,"440,428,494.54",DISASTER PREVENTION AND PREPAREDNESS
Indonesia,2009,"558,010,468.82",DISASTER PREVENTION AND PREPAREDNESS
Indonesia,2009,"47,738,385.36",DISASTER PREVENTION AND PREPAREDNESS
Indonesia,2009,"207,783,331.24",DEVELOPMENTAL FOOD AID/FOOD SECURITY ASSISTANCE
Indonesia,2009,"375,502,512.07",DEVELOPMENTAL FOOD AID/FOOD SECURITY ASSISTANCE
Indonesia,2009,"939,142,000.86",DEVELOPMENTAL FOOD AID/FOOD SECURITY ASSISTANCE
Indonesia,2009,"61,582,411.98",DEVELOPMENTAL FOOD AID/FOOD SECURITY ASSISTANCE
Indonesia,2009,"150,201,004.83",DEVELOPMENTAL FOOD AID/FOOD SECURITY ASSISTANCE
Indonesia,2009,"24,297,220.49",DISASTER PREVENTION AND PREPAREDNESS
Indonesia,2009,"24,297,220.49",DISASTER PREVENTION AND PREPAREDNESS
Indonesia,2009,"24,297,220.49",DISASTER PREVENTION AND PREPAREDNESS
Indonesia,2009,"24,297,220.49",DISASTER PREVENTION AND PREPAREDNESS
Indonesia,2009,"2,853,819,091.72",DISASTER PREVENTION AND PREPAREDNESS
Indonesia,2009,"37,550,251.21",DEVELOPMENTAL FOOD AID/FOOD SECURITY ASSISTANCE
Iran,2009,"1,670,235,173.68",DEVELOPMENTAL FOOD AID/FOOD SECURITY ASSISTANCE
Jamaica,2009,"10,964,673.35",DEVELOPMENTAL FOOD AID/FOOD SECURITY ASSISTANCE
Jamaica,2009,"4,397,303.15",DEVELOPMENTAL FOOD AID/FOOD SECURITY ASSISTANCE
Jamaica,2009,"15,092,562.99",DEVELOPMENTAL FOOD AID/FOOD SECURITY ASSISTANCE
Kazakhstan,2009,"4,506,030,144.82",GOVERNMENT AND CIVIL SOCIETY
Kazakhstan,2009,"150,201,004.83",DISASTER PREVENTION AND PREPAREDNESS
Kazakhstan,2009,"2,253,015,072.41",DISASTER PREVENTION AND PREPAREDNESS
Kazakhstan,2009,"1,327,776,882.67",DISASTER PREVENTION AND PREPAREDNESS
Kazakhstan,2009,"5,257,035,168.96",DISASTER PREVENTION AND PREPAREDNESS
Kazakhstan,2009,"2,769,706,529.02",DISASTER PREVENTION AND PREPAREDNESS
Kazakhstan,2009,"450,603,014.48",DEVELOPMENTAL FOOD AID/FOOD SECURITY ASSISTANCE
Kazakhstan,2009,"95,678.04",DEVELOPMENTAL FOOD AID/FOOD SECURITY ASSISTANCE
Kazakhstan,2009,"450,603,014.48",DEVELOPMENTAL FOOD AID/FOOD SECURITY ASSISTANCE
Kenya,2009,"225,784,604.24",DEVELOPMENTAL FOOD AID/FOOD SECURITY ASSISTANCE
Kenya,2009,"4,506,030.14",DEVELOPMENTAL FOOD AID/FOOD SECURITY ASSISTANCE
Kenya,2009,"11,667,992.87",DISASTER PREVENTION AND PREPAREDNESS
Kenya,2009,"10,223,729.83",DISASTER PREVENTION AND PREPAREDNESS
Kenya,2009,"19,446.65",DISASTER PREVENTION AND PREPAREDNESS
Kenya,2009,"1,319,190.95",DISASTER PREVENTION AND PREPAREDNESS
Kenya,2009,"36,948,644.10",DISASTER PREVENTION AND PREPAREDNESS
Kenya,2009,"2,858,247.05",DEVELOPMENTAL FOOD AID/FOOD SECURITY ASSISTANCE
Kyrgyz Republic,2009,"17,589,212.61",DEVELOPMENTAL FOOD AID/FOOD SECURITY ASSISTANCE
Kyrgyz Republic,2009,"300,401,563.56",DEVELOPMENTAL FOOD AID/FOOD SECURITY ASSISTANCE
Kyrgyz Republic,2009,"13,067,487.42",DEVELOPMENTAL FOOD AID/FOOD SECURITY ASSISTANCE
Kyrgyz Republic,2009,"10,993,257.88",DEVELOPMENTAL FOOD AID/FOOD SECURITY ASSISTANCE
Kyrgyz Republic,2009,"223,048,492.17",GOVERNMENT AND CIVIL SOCIETY
Lao People's Democratic Republic,2009,"66,088.44",DISASTER PREVENTION AND PREPAREDNESS
Lao People's Democratic Republic,2009,"298,899,999.61",DISASTER PREVENTION AND PREPAREDNESS
Lao People's Democratic Republic,2009,"82,610,552.66",DISASTER PREVENTION AND PREPAREDNESS
Lao People's Democratic Republic,2009,"180,241,205.79",DISASTER PREVENTION AND PREPAREDNESS
Lao People's Democratic Republic,2009,"2,198,651.58",DISASTER PREVENTION AND PREPAREDNESS
Lao People's Democratic Republic,2009,"300,402.01",DEVELOPMENTAL FOOD AID/FOOD SECURITY ASSISTANCE
Lao People's Democratic Republic,2009,"23,581,557.76",DEVELOPMENTAL FOOD AID/FOOD SECURITY ASSISTANCE
Lao People's Democratic Republic,2009,"22,079,547.71",DEVELOPMENTAL FOOD AID/FOOD SECURITY ASSISTANCE
Lao People's Democratic Republic,2009,"30,040,200.97",DEVELOPMENTAL FOOD AID/FOOD SECURITY ASSISTANCE
Lao People's Democratic Republic,2009,"15,846,206.01",DEVELOPMENTAL FOOD AID/FOOD SECURITY ASSISTANCE
Lebanon,2009,"106,642.71",DISASTER PREVENTION AND PREPAREDNESS
Lebanon,2009,"1,021,366.83",DISASTER PREVENTION AND PREPAREDNESS
Lebanon,2009,"751,005.02",DISASTER PREVENTION AND PREPAREDNESS
Lesotho,2009,"8,920.55",DISASTER PREVENTION AND PREPAREDNESS
Liberia,2009,"87,946.06",DISASTER PREVENTION AND PREPAREDNESS
Liberia,2009,"439,730.32",DEVELOPMENTAL FOOD AID/FOOD SECURITY ASSISTANCE
Liberia,2009,"10,993,257.88",DEVELOPMENTAL FOOD AID/FOOD SECURITY ASSISTANCE
Liberia,2009,"15,020.10",DEVELOPMENTAL FOOD AID/FOOD SECURITY ASSISTANCE
Liberia,2009,"15,390,561.04",DEVELOPMENTAL FOOD AID/FOOD SECURITY ASSISTANCE
Libya,2009,"450,603,014.48",DEVELOPMENTAL FOOD AID/FOOD SECURITY ASSISTANCE
Madagascar,2009,"659,643.76",GOVERNMENT AND CIVIL SOCIETY
Madagascar,2009,"743,123.98",DISASTER PREVENTION AND PREPAREDNESS
Madagascar,2009,"5,890,623.56",DISASTER PREVENTION AND PREPAREDNESS
Madagascar,2009,"3,577,018.91",DISASTER PREVENTION AND PREPAREDNESS
Malawi,2009,"138,515,049.34",DISASTER PREVENTION AND PREPAREDNESS
Malawi,2009,"2,198,651.58",DISASTER PREVENTION AND PREPAREDNESS
Malawi,2009,"1,502,010.05",DEVELOPMENTAL FOOD AID/FOOD SECURITY ASSISTANCE
Malawi,2009,"450,603.01",DEVELOPMENTAL FOOD AID/FOOD SECURITY ASSISTANCE
Malawi,2009,"53,423.28",DEVELOPMENTAL FOOD AID/FOOD SECURITY ASSISTANCE
Malaysia,2009,"25,038,507.50",DEVELOPMENTAL FOOD AID/FOOD SECURITY ASSISTANCE
Malaysia,2009,"495,663,315.93",DEVELOPMENTAL FOOD AID/FOOD SECURITY ASSISTANCE
Malaysia,2009,"2,253,015.07",DISASTER PREVENTION AND PREPAREDNESS
Maldives,2009,"2,041,794.91",DISASTER PREVENTION AND PREPAREDNESS
Maldives,2009,"6,536,090.60",DISASTER PREVENTION AND PREPAREDNESS
Mali,2009,"32,979,773.65",DISASTER PREVENTION AND PREPAREDNESS
Mali,2009,"731,874.20",DISASTER PREVENTION AND PREPAREDNESS
Mali,2009,"159,103.09",DEVELOPMENTAL FOOD AID/FOOD SECURITY ASSISTANCE
Mali,2009,"270,475.25",DEVELOPMENTAL FOOD AID/FOOD SECURITY ASSISTANCE
Mauritania,2009,"659,595.47",DEVELOPMENTAL FOOD AID/FOOD SECURITY ASSISTANCE
Mauritania,2009,"13,191,909.46",DEVELOPMENTAL FOOD AID/FOOD SECURITY ASSISTANCE
Mauritania,2009,"13,191,909.46",DEVELOPMENTAL FOOD AID/FOOD SECURITY ASSISTANCE
Mauritania,2009,"25,534.17",GOVERNMENT AND CIVIL SOCIETY
Mauritania,2009,"15,390,561.04",DISASTER PREVENTION AND PREPAREDNESS
Mauritania,2009,"446,096,984.34",DISASTER PREVENTION AND PREPAREDNESS
Mauritius,2009,"390,522,612.55",DISASTER PREVENTION AND PREPAREDNESS
Mauritius,2009,"9,763,065.31",DISASTER PREVENTION AND PREPAREDNESS
Mauritius,2009,"7,510,050.24",DISASTER PREVENTION AND PREPAREDNESS
Mauritius,2009,"791,514.57",DEVELOPMENTAL FOOD AID/FOOD SECURITY ASSISTANCE
Mauritius,2009,"1,176,499,646.98",DEVELOPMENTAL FOOD AID/FOOD SECURITY ASSISTANCE
Mauritius,2009,"18,823.99",DEVELOPMENTAL FOOD AID/FOOD SECURITY ASSISTANCE
Mauritius,2009,"105,535,275.69",DEVELOPMENTAL FOOD AID/FOOD SECURITY ASSISTANCE
Mauritius,2009,"7,035,685.05",DEVELOPMENTAL FOOD AID/FOOD SECURITY ASSISTANCE
Mauritius,2009,"2,198,651.58",DISASTER PREVENTION AND PREPAREDNESS
Mexico,2009,"1,502,010,048.27",DISASTER PREVENTION AND PREPAREDNESS
Mexico,2009,"1,502,010.05",DISASTER PREVENTION AND PREPAREDNESS
Mexico,2009,"6,008,040.19",DISASTER PREVENTION AND PREPAREDNESS
Micronesia,2009,"98,939.32",DISASTER PREVENTION AND PREPAREDNESS
Micronesia,2009,"3,188,044.79",DISASTER PREVENTION AND PREPAREDNESS
Micronesia,2009,"109,932.58",DISASTER PREVENTION AND PREPAREDNESS
Micronesia,2009,"796,065.33",DISASTER PREVENTION AND PREPAREDNESS
Micronesia,2009,"1,502,010.05",DISASTER PREVENTION AND PREPAREDNESS
Micronesia,2009,"240,321.61",DISASTER PREVENTION AND PREPAREDNESS
Micronesia,2009,"105,140.70",DEVELOPMENTAL FOOD AID/FOOD SECURITY ASSISTANCE
Micronesia,2009,"420,562.81",DEVELOPMENTAL FOOD AID/FOOD SECURITY ASSISTANCE
Micronesia,2009,"330,442.21",DEVELOPMENTAL FOOD AID/FOOD SECURITY ASSISTANCE
Micronesia,2009,"180,241.21",DEVELOPMENTAL FOOD AID/FOOD SECURITY ASSISTANCE
Micronesia,2009,"210,281.41",DEVELOPMENTAL FOOD AID/FOOD SECURITY ASSISTANCE
Micronesia,2009,"75,100.50",GOVERNMENT AND CIVIL SOCIETY
Micronesia,2009,"4,397,303.15",DISASTER PREVENTION AND PREPAREDNESS
Moldova,2009,"4,397,303.15",DISASTER PREVENTION AND PREPAREDNESS
Moldova,2009,"2,198,651.58",DISASTER PREVENTION AND PREPAREDNESS
Moldova,2009,"1,099,325.79",DISASTER PREVENTION AND PREPAREDNESS
Moldova,2009,"1,502,010,048.27",DISASTER PREVENTION AND PREPAREDNESS
Mongolia,2009,"13,191,909.46",DEVELOPMENTAL FOOD AID/FOOD SECURITY ASSISTANCE
Mongolia,2009,"58,281,246.23",DEVELOPMENTAL FOOD AID/FOOD SECURITY ASSISTANCE
Mongolia,2009,"751,005,024.14",DEVELOPMENTAL FOOD AID/FOOD SECURITY ASSISTANCE
Morocco,2009,"1,855,896.35",DEVELOPMENTAL FOOD AID/FOOD SECURITY ASSISTANCE
Morocco,2009,"2,198,651.58",DEVELOPMENTAL FOOD AID/FOOD SECURITY ASSISTANCE
Mozambique,2009,"1,126,507.54",DISASTER PREVENTION AND PREPAREDNESS
Mozambique,2009,"75,100,502.41",DISASTER PREVENTION AND PREPAREDNESS
Mozambique,2009,"75,100,502.41",DISASTER PREVENTION AND PREPAREDNESS
Mozambique,2009,"20,727,738.67",DISASTER PREVENTION AND PREPAREDNESS
Mozambique,2009,"3,454,623,111.03",DISASTER PREVENTION AND PREPAREDNESS
Multi-Region,2009,"45,060,301.45",DEVELOPMENTAL FOOD AID/FOOD SECURITY ASSISTANCE
Myanmar,2009,"87,726,197.92",DEVELOPMENTAL FOOD AID/FOOD SECURITY ASSISTANCE
Myanmar,2009,"12,312,448.83",DEVELOPMENTAL FOOD AID/FOOD SECURITY ASSISTANCE
Myanmar,2009,"16,522.11",DEVELOPMENTAL FOOD AID/FOOD SECURITY ASSISTANCE
Myanmar,2009,"387,269,258.66",DEVELOPMENTAL FOOD AID/FOOD SECURITY ASSISTANCE
Namibia,2009,"10,993,257.88",GOVERNMENT AND CIVIL SOCIETY
Namibia,2009,"179,846.18",DISASTER PREVENTION AND PREPAREDNESS
Namibia,2009,"3,568.22",DISASTER PREVENTION AND PREPAREDNESS
Namibia,2009,"8,920.55",DISASTER PREVENTION AND PREPAREDNESS
Namibia,2009,"15,390,561.04",DISASTER PREVENTION AND PREPAREDNESS
Namibia,2009,"150,201.00",DISASTER PREVENTION AND PREPAREDNESS
Namibia,2009,"2,198,651.58",DEVELOPMENTAL FOOD AID/FOOD SECURITY ASSISTANCE
Nepal,2009,"659,595.47",DEVELOPMENTAL FOOD AID/FOOD SECURITY ASSISTANCE
Nepal,2009,"20,483,683.06",DEVELOPMENTAL FOOD AID/FOOD SECURITY ASSISTANCE
Nepal,2009,"13,186,412.25",DEVELOPMENTAL FOOD AID/FOOD SECURITY ASSISTANCE
Nepal,2009,"300,402,009.65",DEVELOPMENTAL FOOD AID/FOOD SECURITY ASSISTANCE
Nepal,2009,"6,008,040.19",DISASTER PREVENTION AND PREPAREDNESS
Niger,2009,"10,993,257.88",DISASTER PREVENTION AND PREPAREDNESS
Niger,2009,"439,730.32",DISASTER PREVENTION AND PREPAREDNESS
Niger,2009,"69,697,254.99",DISASTER PREVENTION AND PREPAREDNESS
Niger,2009,"213,285,426.86",DISASTER PREVENTION AND PREPAREDNESS
Nigeria,2009,"5,014,448.09",DEVELOPMENTAL FOOD AID/FOOD SECURITY ASSISTANCE
Nigeria,2009,"1,099,325.79",DEVELOPMENTAL FOOD AID/FOOD SECURITY ASSISTANCE
Nigeria,2009,"15,020,100.48",DEVELOPMENTAL FOOD AID/FOOD SECURITY ASSISTANCE
Niue,2009,"469,761.08",DEVELOPMENTAL FOOD AID/FOOD SECURITY ASSISTANCE
Niue,2009,"751,617.73",DEVELOPMENTAL FOOD AID/FOOD SECURITY ASSISTANCE
Niue,2009,"469,761.08",GOVERNMENT AND CIVIL SOCIETY
North Macedonia,2009,"1,099,325.79",DISASTER PREVENTION AND PREPAREDNESS
Pakistan,2009,"751,005,024.14",DISASTER PREVENTION AND PREPAREDNESS
Pakistan,2009,"751,005,024.14",DISASTER PREVENTION AND PREPAREDNESS
Pakistan,2009,"134,237,015.02",DISASTER PREVENTION AND PREPAREDNESS
Pakistan,2009,"171,656,458.35",DISASTER PREVENTION AND PREPAREDNESS
Pakistan,2009,"6,595,954.73",DEVELOPMENTAL FOOD AID/FOOD SECURITY ASSISTANCE
Pakistan,2009,"1,051,407,033.79",DEVELOPMENTAL FOOD AID/FOOD SECURITY ASSISTANCE
Pakistan,2009,"18,384.65",DEVELOPMENTAL FOOD AID/FOOD SECURITY ASSISTANCE
Pakistan,2009,"32,979.77",DEVELOPMENTAL FOOD AID/FOOD SECURITY ASSISTANCE
Pakistan,2009,"90,120,602.90",DEVELOPMENTAL FOOD AID/FOOD SECURITY ASSISTANCE
Pakistan,2009,"1,502,010.05",DISASTER PREVENTION AND PREPAREDNESS
Pakistan,2009,"296,817,962.87",DISASTER PREVENTION AND PREPAREDNESS
Pakistan,2009,"216,064,145.44",DISASTER PREVENTION AND PREPAREDNESS
Pakistan,2009,"101,160,376.75",DISASTER PREVENTION AND PREPAREDNESS
Pakistan,2009,"318,531,270.94",DISASTER PREVENTION AND PREPAREDNESS
Pakistan,2009,"216,559,808.76",DEVELOPMENTAL FOOD AID/FOOD SECURITY ASSISTANCE
Pakistan,2009,"234,534,363.01",DEVELOPMENTAL FOOD AID/FOOD SECURITY ASSISTANCE
Pakistan,2009,"304,513,243.39",DEVELOPMENTAL FOOD AID/FOOD SECURITY ASSISTANCE
Palau,2009,"60,080,401.93",DEVELOPMENTAL FOOD AID/FOOD SECURITY ASSISTANCE
Papua New Guinea,2009,"1,952,613,062.76",DEVELOPMENTAL FOOD AID/FOOD SECURITY ASSISTANCE
Papua New Guinea,2009,"1,818,934.17",GOVERNMENT AND CIVIL SOCIETY
Papua New Guinea,2009,"901,206,028.96",DISASTER PREVENTION AND PREPAREDNESS
Papua New Guinea,2009,"65,959.55",DISASTER PREVENTION AND PREPAREDNESS
Papua New Guinea,2009,"12,242,545.28",DISASTER PREVENTION AND PREPAREDNESS
Peru,2009,"75,100,502.41",DISASTER PREVENTION AND PREPAREDNESS
Peru,2009,"4,397,303.15",DISASTER PREVENTION AND PREPAREDNESS
Peru,2009,"76,952.81",DEVELOPMENTAL FOOD AID/FOOD SECURITY ASSISTANCE
Philippines,2009,"133,904,195.80",DEVELOPMENTAL FOOD AID/FOOD SECURITY ASSISTANCE
Philippines,2009,"15,020.10",DEVELOPMENTAL FOOD AID/FOOD SECURITY ASSISTANCE
Philippines,2009,"75,100,502.41",DEVELOPMENTAL FOOD AID/FOOD SECURITY ASSISTANCE
Romania,2009,"1,099,325.79",DEVELOPMENTAL FOOD AID/FOOD SECURITY ASSISTANCE
Russia,2009,"15,020,100,482.75",DISASTER PREVENTION AND PREPAREDNESS
Russia,2009,"751,005,024.14",DISASTER PREVENTION AND PREPAREDNESS
Russia,2009,"1,051,407,033.79",DISASTER PREVENTION AND PREPAREDNESS
Russia,2009,"751,005,024.14",DISASTER PREVENTION AND PREPAREDNESS
Russia,2009,"201,119,145.46",DISASTER PREVENTION AND PREPAREDNESS
Russia,2009,"22,530,150,724.12",DEVELOPMENTAL FOOD AID/FOOD SECURITY ASSISTANCE
Russia,2009,"4,397,303.15",DEVELOPMENTAL FOOD AID/FOOD SECURITY ASSISTANCE
Russia,2009,"159,588,567.63",DEVELOPMENTAL FOOD AID/FOOD SECURITY ASSISTANCE
Russia,2009,"450,603,014.48",DEVELOPMENTAL FOOD AID/FOOD SECURITY ASSISTANCE
Russia,2009,"450,603,014.48",DEVELOPMENTAL FOOD AID/FOOD SECURITY ASSISTANCE
Russia,2009,"465,623,114.97",GOVERNMENT AND CIVIL SOCIETY
Russia,2009,"99,606,982.15",DISASTER PREVENTION AND PREPAREDNESS
Rwanda,2009,"48,150,469.53",DISASTER PREVENTION AND PREPAREDNESS
Rwanda,2009,"105,140.70",DISASTER PREVENTION AND PREPAREDNESS
Rwanda,2009,"75,100,502.41",DISASTER PREVENTION AND PREPAREDNESS
Rwanda,2009,"8,711,658.28",DISASTER PREVENTION AND PREPAREDNESS
Rwanda,2009,"13,191,909.46",DEVELOPMENTAL FOOD AID/FOOD SECURITY ASSISTANCE
Samoa,2009,"1,165,285.34",DEVELOPMENTAL FOOD AID/FOOD SECURITY ASSISTANCE
Samoa,2009,"450,603.01",DEVELOPMENTAL FOOD AID/FOOD SECURITY ASSISTANCE
Samoa,2009,"8,794,606.31",DEVELOPMENTAL FOOD AID/FOOD SECURITY ASSISTANCE
Samoa,2009,"137,409.76",DEVELOPMENTAL FOOD AID/FOOD SECURITY ASSISTANCE
Samoa,2009,"2,198,651.58",DISASTER PREVENTION AND PREPAREDNESS
Senegal,2009,"17,273,115.56",DISASTER PREVENTION AND PREPAREDNESS
Senegal,2009,"12,767,085.41",DISASTER PREVENTION AND PREPAREDNESS
Serbia,2009,"112,650,753.62",DISASTER PREVENTION AND PREPAREDNESS
Serbia,2009,"312,987.01",DISASTER PREVENTION AND PREPAREDNESS
Serbia,2009,"1,460,606.04",DISASTER PREVENTION AND PREPAREDNESS
Serbia,2009,"312,987.01",DISASTER PREVENTION AND PREPAREDNESS
Serbia,2009,"27,780,348.74",DISASTER PREVENTION AND PREPAREDNESS
Serbia,2009,"2,198,651.58",DISASTER PREVENTION AND PREPAREDNESS
Seychelles,2009,"9,012,060.29",DISASTER PREVENTION AND PREPAREDNESS
Seychelles,2009,"37,550.25",DEVELOPMENTAL FOOD AID/FOOD SECURITY ASSISTANCE
Somalia,2009,"751,005.02",DEVELOPMENTAL FOOD AID/FOOD SECURITY ASSISTANCE
Somalia,2009,"219,865.16",DEVELOPMENTAL FOOD AID/FOOD SECURITY ASSISTANCE
South Africa,2009,"375,502,512.07",DEVELOPMENTAL FOOD AID/FOOD SECURITY ASSISTANCE
South Africa,2009,"75,100,502.41",DEVELOPMENTAL FOOD AID/FOOD SECURITY ASSISTANCE
South Africa,2009,"24,977,541.06",GOVERNMENT AND CIVIL SOCIETY
South Africa,2009,"2,676.17",DISASTER PREVENTION AND PREPAREDNESS
South Africa,2009,"82,610,552.66",DISASTER PREVENTION AND PREPAREDNESS
South Africa,2009,"375,502,512.07",DISASTER PREVENTION AND PREPAREDNESS
South Africa,2009,"375,502,512.07",DISASTER PREVENTION AND PREPAREDNESS
South Africa,2009,"375,502,512.07",DISASTER PREVENTION AND PREPAREDNESS
South Sudan,2009,"901,206.03",DEVELOPMENTAL FOOD AID/FOOD SECURITY ASSISTANCE
South Sudan,2009,"1,890,840.36",DEVELOPMENTAL FOOD AID/FOOD SECURITY ASSISTANCE
Sri Lanka,2009,"1,502,010.05",DEVELOPMENTAL FOOD AID/FOOD SECURITY ASSISTANCE
Sri Lanka,2009,"4,397,303.15",DEVELOPMENTAL FOOD AID/FOOD SECURITY ASSISTANCE
Sri Lanka,2009,"97,630,653.14",DEVELOPMENTAL FOOD AID/FOOD SECURITY ASSISTANCE
Sri Lanka,2009,"367,992,461.83",DISASTER PREVENTION AND PREPAREDNESS
Sri Lanka,2009,"1,672,383.27",DISASTER PREVENTION AND PREPAREDNESS
Sri Lanka,2009,"10,514,070.34",DISASTER PREVENTION AND PREPAREDNESS
Sri Lanka,2009,"1,338,290,953.01",DISASTER PREVENTION AND PREPAREDNESS
Sri Lanka,2009,"109,932.58",DISASTER PREVENTION AND PREPAREDNESS
Sri Lanka,2009,"1,306,549.43",DEVELOPMENTAL FOOD AID/FOOD SECURITY ASSISTANCE
Sri Lanka,2009,"37,550,251.21",DEVELOPMENTAL FOOD AID/FOOD SECURITY ASSISTANCE
Sri Lanka,2009,"105,203,077.35",DEVELOPMENTAL FOOD AID/FOOD SECURITY ASSISTANCE
Sri Lanka,2009,"95,488,508.94",DEVELOPMENTAL FOOD AID/FOOD SECURITY ASSISTANCE
Sri Lanka,2009,"71,798,099.01",DEVELOPMENTAL FOOD AID/FOOD SECURITY ASSISTANCE
Sri Lanka,2009,"100,309,208.69",GOVERNMENT AND CIVIL SOCIETY
Sudan,2009,"919,688,858.91",DISASTER PREVENTION AND PREPAREDNESS
Sudan,2009,"180,241,205.79",DISASTER PREVENTION AND PREPAREDNESS
Sudan,2009,"165,221,105.31",DISASTER PREVENTION AND PREPAREDNESS
Sudan,2009,"129,172,864.15",DISASTER PREVENTION AND PREPAREDNESS
Sudan,2009,"135,180,904.34",DISASTER PREVENTION AND PREPAREDNESS
Sudan,2009,"178,739,195.74",DEVELOPMENTAL FOOD AID/FOOD SECURITY ASSISTANCE
Sudan,2009,"4,397,303.15",DEVELOPMENTAL FOOD AID/FOOD SECURITY ASSISTANCE
Sudan,2009,"345,462,311.10",DEVELOPMENTAL FOOD AID/FOOD SECURITY ASSISTANCE
Sudan,2009,"17,589,212.61",DEVELOPMENTAL FOOD AID/FOOD SECURITY ASSISTANCE
Sudan,2009,"4,506,030.14",DEVELOPMENTAL FOOD AID/FOOD SECURITY ASSISTANCE
Sudan,2009,"128,962.63",DISASTER PREVENTION AND PREPAREDNESS
Sudan,2009,"4,506,030.14",DISASTER PREVENTION AND PREPAREDNESS
Sudan,2009,"17,589,212.61",DISASTER PREVENTION AND PREPAREDNESS
Sudan,2009,"417,316,011.48",DISASTER PREVENTION AND PREPAREDNESS
Sudan,2009,"150,201.00",DISASTER PREVENTION AND PREPAREDNESS
Sudan,2009,"94,626,633.04",DEVELOPMENTAL FOOD AID/FOOD SECURITY ASSISTANCE
Sudan,2009,"69,092,462.22",DEVELOPMENTAL FOOD AID/FOOD SECURITY ASSISTANCE
Sudan,2009,"322,932,160.38",DEVELOPMENTAL FOOD AID/FOOD SECURITY ASSISTANCE
Syrian Arab Republic,2009,"4,397,303.15",DEVELOPMENTAL FOOD AID/FOOD SECURITY ASSISTANCE
Syrian Arab Republic,2009,"26,383,818.92",DEVELOPMENTAL FOOD AID/FOOD SECURITY ASSISTANCE
Tajikistan,2009,"73,598,492.37",GOVERNMENT AND CIVIL SOCIETY
Tajikistan,2009,"13,191,909.46",DISASTER PREVENTION AND PREPAREDNESS
Tajikistan,2009,"22,530,150.72",DISASTER PREVENTION AND PREPAREDNESS
Tajikistan,2009,"76,602,512.46",DISASTER PREVENTION AND PREPAREDNESS
Tajikistan,2009,"22,530,150.72",DISASTER PREVENTION AND PREPAREDNESS
Tajikistan,2009,"45,060.30",DISASTER PREVENTION AND PREPAREDNESS
Tanzania,2009,"32,979,773.65",DEVELOPMENTAL FOOD AID/FOOD SECURITY ASSISTANCE
Tanzania,2009,"751,005,024.14",DEVELOPMENTAL FOOD AID/FOOD SECURITY ASSISTANCE
Tanzania,2009,"600,804,019.31",DEVELOPMENTAL FOOD AID/FOOD SECURITY ASSISTANCE
Tanzania,2009,"329,797.74",DEVELOPMENTAL FOOD AID/FOOD SECURITY ASSISTANCE
Tanzania,2009,"6,608,844.21",DEVELOPMENTAL FOOD AID/FOOD SECURITY ASSISTANCE
Tanzania,2009,"10,553,527.57",DISASTER PREVENTION AND PREPAREDNESS
Tanzania,2009,"219,865.16",DISASTER PREVENTION AND PREPAREDNESS
Tanzania,2009,"67,590.45",DISASTER PREVENTION AND PREPAREDNESS
Thailand,2009,"174,995.62",DISASTER PREVENTION AND PREPAREDNESS
Timor-Leste,2009,"6,595,954.73",DISASTER PREVENTION AND PREPAREDNESS
Timor-Leste,2009,"707,438.59",DEVELOPMENTAL FOOD AID/FOOD SECURITY ASSISTANCE
Togo,2009,"247,831,657.97",DEVELOPMENTAL FOOD AID/FOOD SECURITY ASSISTANCE
Togo,2009,"48,370,334.69",DEVELOPMENTAL FOOD AID/FOOD SECURITY ASSISTANCE
Togo,2009,"5,407,236.17",DEVELOPMENTAL FOOD AID/FOOD SECURITY ASSISTANCE
Togo,2009,"79,196,007.96",DEVELOPMENTAL FOOD AID/FOOD SECURITY ASSISTANCE
Togo,2009,"86,525,610.83",GOVERNMENT AND CIVIL SOCIETY
Togo,2009,"85,136,407.16",DISASTER PREVENTION AND PREPAREDNESS
Togo,2009,"86,525,610.83",DISASTER PREVENTION AND PREPAREDNESS
Togo,2009,"4,397,303.15",DISASTER PREVENTION AND PREPAREDNESS
Togo,2009,"4,397,303.15",DISASTER PREVENTION AND PREPAREDNESS
Tonga,2009,"2,222,777.35",DISASTER PREVENTION AND PREPAREDNESS
Tonga,2009,"37,046.29",DEVELOPMENTAL FOOD AID/FOOD SECURITY ASSISTANCE
Tonga,2009,"150,201.00",DEVELOPMENTAL FOOD AID/FOOD SECURITY ASSISTANCE
Trinidad and Tobago,2009,"450,603,014.48",DEVELOPMENTAL FOOD AID/FOOD SECURITY ASSISTANCE
Trinidad and Tobago,2009,"150,201,004.83",DEVELOPMENTAL FOOD AID/FOOD SECURITY ASSISTANCE
Tunisia,2009,"120,384,144.80",DEVELOPMENTAL FOOD AID/FOOD SECURITY ASSISTANCE
Tunisia,2009,"5,496,628.94",DISASTER PREVENTION AND PREPAREDNESS
Tunisia,2009,"8,135,010.83",DISASTER PREVENTION AND PREPAREDNESS
Turkey,2009,"150,201,004.83",DISASTER PREVENTION AND PREPAREDNESS
Turkey,2009,"150,201,004.83",DISASTER PREVENTION AND PREPAREDNESS
Turkey,2009,"788,555,275.34",DISASTER PREVENTION AND PREPAREDNESS
Turkmenistan,2009,"6,008,040,193.10",DEVELOPMENTAL FOOD AID/FOOD SECURITY ASSISTANCE
Turkmenistan,2009,"98,939,320.96",DEVELOPMENTAL FOOD AID/FOOD SECURITY ASSISTANCE
Turkmenistan,2009,"87,946,063.07",DEVELOPMENTAL FOOD AID/FOOD SECURITY ASSISTANCE
Turkmenistan,2009,"72,214,711.04",DEVELOPMENTAL FOOD AID/FOOD SECURITY ASSISTANCE
Uganda,2009,"15,266,789.71",DEVELOPMENTAL FOOD AID/FOOD SECURITY ASSISTANCE
Uganda,2009,"600,804.02",GOVERNMENT AND CIVIL SOCIETY
Uganda,2009,"441,590.95",DISASTER PREVENTION AND PREPAREDNESS
Uganda,2009,"111,148.74",DISASTER PREVENTION AND PREPAREDNESS
Uganda,2009,"30,040.20",DISASTER PREVENTION AND PREPAREDNESS
Uganda,2009,"441,590.95",DISASTER PREVENTION AND PREPAREDNESS
Uganda,2009,"92,343,366.23",DISASTER PREVENTION AND PREPAREDNESS
Uganda,2009,"654,090.60",DEVELOPMENTAL FOOD AID/FOOD SECURITY ASSISTANCE
Ukraine,2009,"5,496,628.94",DEVELOPMENTAL FOOD AID/FOOD SECURITY ASSISTANCE
Ukraine,2009,"769,528.05",DEVELOPMENTAL FOOD AID/FOOD SECURITY ASSISTANCE
Ukraine,2009,"375,502,512.07",DEVELOPMENTAL FOOD AID/FOOD SECURITY ASSISTANCE
Ukraine,2009,"600,804,019.31",DEVELOPMENTAL FOOD AID/FOOD SECURITY ASSISTANCE
Uruguay,2009,"3,755,025.12",DISASTER PREVENTION AND PREPAREDNESS
Uruguay,2009,"2,198,651.58",DISASTER PREVENTION AND PREPAREDNESS
Uruguay,2009,"4,397,303.15",DISASTER PREVENTION AND PREPAREDNESS
Uruguay,2009,"4,397,303.15",DISASTER PREVENTION AND PREPAREDNESS
Uruguay,2009,"2,198,651.58",DISASTER PREVENTION AND PREPAREDNESS
Uzbekistan,2009,"5,496,628.94",DISASTER PREVENTION AND PREPAREDNESS
Uzbekistan,2009,"105,305,924.48",DISASTER PREVENTION AND PREPAREDNESS
Uzbekistan,2009,"10,993,257.88",DISASTER PREVENTION AND PREPAREDNESS
Uzbekistan,2009,"39,585,324.62",DISASTER PREVENTION AND PREPAREDNESS
Uzbekistan,2009,"16,105,873.51",DISASTER PREVENTION AND PREPAREDNESS
Vanuatu,2009,"4,355,829.14",DEVELOPMENTAL FOOD AID/FOOD SECURITY ASSISTANCE
Vanuatu,2009,"2,338,187.94",DEVELOPMENTAL FOOD AID/FOOD SECURITY ASSISTANCE
Vanuatu,2009,"8,794,606.31",DEVELOPMENTAL FOOD AID/FOOD SECURITY ASSISTANCE
Vanuatu,2009,"2,198,651.58",DEVELOPMENTAL FOOD AID/FOOD SECURITY ASSISTANCE
Venezuela,2009,"6,008,040,193.10",DEVELOPMENTAL FOOD AID/FOOD SECURITY ASSISTANCE
Venezuela,2009,"1,502,010,048.27",GOVERNMENT AND CIVIL SOCIETY
Venezuela,2009,"751,005,024.14",DISASTER PREVENTION AND PREPAREDNESS
Viet Nam,2009,"375,502,512.07",DISASTER PREVENTION AND PREPAREDNESS
Viet Nam,2009,"268,108,793.62",DISASTER PREVENTION AND PREPAREDNESS
Viet Nam,2009,"2,748,314.47",DISASTER PREVENTION AND PREPAREDNESS
Viet Nam,2009,"2,462,489.77",DISASTER PREVENTION AND PREPAREDNESS
Viet Nam,2009,"2,462,489.77",DEVELOPMENTAL FOOD AID/FOOD SECURITY ASSISTANCE
Viet Nam,2009,"8,794,606.31",DEVELOPMENTAL FOOD AID/FOOD SECURITY ASSISTANCE
Viet Nam,2009,"9,124,404.04",DEVELOPMENTAL FOOD AID/FOOD SECURITY ASSISTANCE
Viet Nam,2009,"5,122,858.17",DEVELOPMENTAL FOOD AID/FOOD SECURITY ASSISTANCE
Viet Nam,2009,"3,847,640.26",DEVELOPMENTAL FOOD AID/FOOD SECURITY ASSISTANCE
Viet Nam,2009,"52,570,351.69",DISASTER PREVENTION AND PREPAREDNESS
Viet Nam,2009,"43,558,291.40",DISASTER PREVENTION AND PREPAREDNESS
Viet Nam,2009,"439,730.32",DISASTER PREVENTION AND PREPAREDNESS
Viet Nam,2009,"69,392,864.23",DISASTER PREVENTION AND PREPAREDNESS
Viet Nam,2009,"3,297,977.37",DISASTER PREVENTION AND PREPAREDNESS
Viet Nam,2009,"103,650,314.46",DEVELOPMENTAL FOOD AID/FOOD SECURITY ASSISTANCE
West Bank and Gaza Strip,2009,"1,502,010.05",DEVELOPMENTAL FOOD AID/FOOD SECURITY ASSISTANCE
West Bank and Gaza Strip,2009,"3,297,977.37",DEVELOPMENTAL FOOD AID/FOOD SECURITY ASSISTANCE
Yemen,2009,"10,993,257.88",DEVELOPMENTAL FOOD AID/FOOD SECURITY ASSISTANCE
Yemen,2009,"10,993,257.88",DEVELOPMENTAL FOOD AID/FOOD SECURITY ASSISTANCE
Yemen,2009,"1,099,325.79",GOVERNMENT AND CIVIL SOCIETY
Yemen,2009,"10,993,257.88",DISASTER PREVENTION AND PREPAREDNESS
Zambia,2009,"76,952,805.19",DISASTER PREVENTION AND PREPAREDNESS
Zambia,2009,"17,423,316.56",DISASTER PREVENTION AND PREPAREDNESS
Zambia,2009,"37,550,251.21",DISASTER PREVENTION AND PREPAREDNESS
Zambia,2009,"6,759,045.22",DISASTER PREVENTION AND PREPAREDNESS
Zambia,2009,"102,136,683.28",DEVELOPMENTAL FOOD AID/FOOD SECURITY ASSISTANCE
Zambia,2009,"16,672,311.54",DEVELOPMENTAL FOOD AID/FOOD SECURITY ASSISTANCE
Zambia,2009,"1,502,010.05",DEVELOPMENTAL FOOD AID/FOOD SECURITY ASSISTANCE
Zimbabwe,2009,"225,301.51",DEVELOPMENTAL FOOD AID/FOOD SECURITY ASSISTANCE
Zimbabwe,2009,"45,060,301.45",DEVELOPMENTAL FOOD AID/FOOD SECURITY ASSISTANCE
Zimbabwe,2009,"7,510,050.24",DISASTER PREVENTION AND PREPAREDNESS
Zimbabwe,2009,"15,020.10",DISASTER PREVENTION AND PREPAREDNESS
Zimbabwe,2009,"1,426,909,545.86",DISASTER PREVENTION AND PREPAREDNESS
Zimbabwe,2009,"15,390,561.04",DISASTER PREVENTION AND PREPAREDNESS
Zimbabwe,2009,"4,506.03",DISASTER PREVENTION AND PREPAREDNESS
Afghanistan,2008,"4,387,228.38",DEVELOPMENTAL FOOD AID/FOOD SECURITY ASSISTANCE
Afghanistan,2008,"10,968,070.96",DEVELOPMENTAL FOOD AID/FOOD SECURITY ASSISTANCE
Afghanistan,2008,"7,173,118.41",DEVELOPMENTAL FOOD AID/FOOD SECURITY ASSISTANCE
Afghanistan,2008,"26,036,423.26",DEVELOPMENTAL FOOD AID/FOOD SECURITY ASSISTANCE
Afghanistan,2008,"960,489.13",DEVELOPMENTAL FOOD AID/FOOD SECURITY ASSISTANCE
Afghanistan,2008,"21,620,655.62",GOVERNMENT AND CIVIL SOCIETY
"Africa, regional",2008,"76,229,296.10",DISASTER PREVENTION AND PREPAREDNESS
Angola,2008,"205,819,099.46",DISASTER PREVENTION AND PREPAREDNESS
Angola,2008,"39,086,865.70",DISASTER PREVENTION AND PREPAREDNESS
Angola,2008,"40,959,846.55",DISASTER PREVENTION AND PREPAREDNESS
Angola,2008,"69,563,063.06",DISASTER PREVENTION AND PREPAREDNESS
Angola,2008,"49,117,997.23",DEVELOPMENTAL FOOD AID/FOOD SECURITY ASSISTANCE
Antigua and Barbuda,2008,"65,808,425.74",DEVELOPMENTAL FOOD AID/FOOD SECURITY ASSISTANCE
Antigua and Barbuda,2008,"5,646,614.53",DEVELOPMENTAL FOOD AID/FOOD SECURITY ASSISTANCE
Antigua and Barbuda,2008,"914,751.55",DEVELOPMENTAL FOOD AID/FOOD SECURITY ASSISTANCE
Armenia,2008,"2,851,698.45",DEVELOPMENTAL FOOD AID/FOOD SECURITY ASSISTANCE
"Asia, regional",2008,"6,479,490.17",DISASTER PREVENTION AND PREPAREDNESS
Bangladesh,2008,"109,680.71",DISASTER PREVENTION AND PREPAREDNESS
Bangladesh,2008,"155,746,607.59",DISASTER PREVENTION AND PREPAREDNESS
Barbados,2008,"4,387,228.38",DISASTER PREVENTION AND PREPAREDNESS
Barbados,2008,"219,361.42",DISASTER PREVENTION AND PREPAREDNESS
Belarus,2008,"43,872,283.83",DEVELOPMENTAL FOOD AID/FOOD SECURITY ASSISTANCE
Belarus,2008,"279,441,353.63",DEVELOPMENTAL FOOD AID/FOOD SECURITY ASSISTANCE
Belarus,2008,"265,659,096.90",DEVELOPMENTAL FOOD AID/FOOD SECURITY ASSISTANCE
Benin,2008,"35,097,827.06",DEVELOPMENTAL FOOD AID/FOOD SECURITY ASSISTANCE
Benin,2008,"8,774,456.77",DEVELOPMENTAL FOOD AID/FOOD SECURITY ASSISTANCE
Bolivia,2008,"91,475,155.32",GOVERNMENT AND CIVIL SOCIETY
Bolivia,2008,"789,701.11",DISASTER PREVENTION AND PREPAREDNESS
Bolivia,2008,"8,840,265.19",DISASTER PREVENTION AND PREPAREDNESS
Bolivia,2008,"457,375.78",DISASTER PREVENTION AND PREPAREDNESS
Botswana,2008,"245,264.73",DISASTER PREVENTION AND PREPAREDNESS
Botswana,2008,"6,689,038.02",DISASTER PREVENTION AND PREPAREDNESS
Botswana,2008,"4,905,294.55",DEVELOPMENTAL FOOD AID/FOOD SECURITY ASSISTANCE
Brazil,2008,"121,966,873.76",DEVELOPMENTAL FOOD AID/FOOD SECURITY ASSISTANCE
Burundi,2008,"3,049,171.84",DEVELOPMENTAL FOOD AID/FOOD SECURITY ASSISTANCE
Burundi,2008,"877,445.68",DEVELOPMENTAL FOOD AID/FOOD SECURITY ASSISTANCE
Burundi,2008,"4,387,228.38",DEVELOPMENTAL FOOD AID/FOOD SECURITY ASSISTANCE
Burundi,2008,"3,290,421.29",DISASTER PREVENTION AND PREPAREDNESS
Burundi,2008,"13,819,769.41",DISASTER PREVENTION AND PREPAREDNESS
Burundi,2008,"400,966.10",DISASTER PREVENTION AND PREPAREDNESS
Cabo Verde,2008,"26,104,008.88",DISASTER PREVENTION AND PREPAREDNESS
Cabo Verde,2008,"19,086,637.08",DISASTER PREVENTION AND PREPAREDNESS
Cabo Verde,2008,"1,821.34",DEVELOPMENTAL FOOD AID/FOOD SECURITY ASSISTANCE
Cambodia,2008,"71,807,996.92",DEVELOPMENTAL FOOD AID/FOOD SECURITY ASSISTANCE
Cambodia,2008,"914,751.55",DEVELOPMENTAL FOOD AID/FOOD SECURITY ASSISTANCE
Cambodia,2008,"21,344.20",DEVELOPMENTAL FOOD AID/FOOD SECURITY ASSISTANCE
Cambodia,2008,"110,532.48",DEVELOPMENTAL FOOD AID/FOOD SECURITY ASSISTANCE
Cambodia,2008,"221,064.96",GOVERNMENT AND CIVIL SOCIETY
Cambodia,2008,"88,121,066.29",DISASTER PREVENTION AND PREPAREDNESS
Cambodia,2008,"4,419,012.29",DISASTER PREVENTION AND PREPAREDNESS
Cambodia,2008,"457,375.78",DISASTER PREVENTION AND PREPAREDNESS
Cameroon,2008,"37,404,106.60",DISASTER PREVENTION AND PREPAREDNESS
Cameroon,2008,"4,387,228.38",DISASTER PREVENTION AND PREPAREDNESS
Central African Republic,2008,"13,265,673.93",DEVELOPMENTAL FOOD AID/FOOD SECURITY ASSISTANCE
Central African Republic,2008,"686,063.66",DEVELOPMENTAL FOOD AID/FOOD SECURITY ASSISTANCE
Central African Republic,2008,"13,161,685.15",DEVELOPMENTAL FOOD AID/FOOD SECURITY ASSISTANCE
Central African Republic,2008,"612,261.87",DEVELOPMENTAL FOOD AID/FOOD SECURITY ASSISTANCE
Central African Republic,2008,"2,639,528.97",DEVELOPMENTAL FOOD AID/FOOD SECURITY ASSISTANCE
Central African Republic,2008,"219,361.42",DISASTER PREVENTION AND PREPAREDNESS
Chile,2008,"152,458,592.19",DISASTER PREVENTION AND PREPAREDNESS
Colombia,2008,"114,343,944.15",DISASTER PREVENTION AND PREPAREDNESS
Colombia,2008,"457,375.78",DISASTER PREVENTION AND PREPAREDNESS
Comoros,2008,"1,535,529.93",DISASTER PREVENTION AND PREPAREDNESS
Congo,2008,"6,802,909.71",DISASTER PREVENTION AND PREPAREDNESS
Congo,2008,"65,808.43",DISASTER PREVENTION AND PREPAREDNESS
Congo,2008,"1,020,436.46",DISASTER PREVENTION AND PREPAREDNESS
Congo,2008,"106,721,014.54",DISASTER PREVENTION AND PREPAREDNESS
Congo,2008,"50,001,386.36",DISASTER PREVENTION AND PREPAREDNESS
Congo,2008,"8,774,456.77",DEVELOPMENTAL FOOD AID/FOOD SECURITY ASSISTANCE
Cook Islands,2008,"14,754,249.05",DEVELOPMENTAL FOOD AID/FOOD SECURITY ASSISTANCE
Cook Islands,2008,"1,500,432.11",DEVELOPMENTAL FOOD AID/FOOD SECURITY ASSISTANCE
Cook Islands,2008,"2,286,878.88",DEVELOPMENTAL FOOD AID/FOOD SECURITY ASSISTANCE
Cook Islands,2008,"4,387,228.38",DEVELOPMENTAL FOOD AID/FOOD SECURITY ASSISTANCE
Costa Rica,2008,"15,245,859.22",GOVERNMENT AND CIVIL SOCIETY
Costa Rica,2008,"2,286,878.88",DISASTER PREVENTION AND PREPAREDNESS
Costa Rica,2008,"60,983,436.88",DISASTER PREVENTION AND PREPAREDNESS
Costa Rica,2008,"18,295,031.06",DISASTER PREVENTION AND PREPAREDNESS
Cote d'Ivoire,2008,"52,646,740.59",DISASTER PREVENTION AND PREPAREDNESS
Cote d'Ivoire,2008,"438,722.84",DISASTER PREVENTION AND PREPAREDNESS
Cote d'Ivoire,2008,"658,084.26",DEVELOPMENTAL FOOD AID/FOOD SECURITY ASSISTANCE
Cote d'Ivoire,2008,"34,014.55",DEVELOPMENTAL FOOD AID/FOOD SECURITY ASSISTANCE
Cote d'Ivoire,2008,"442,189.13",DEVELOPMENTAL FOOD AID/FOOD SECURITY ASSISTANCE
Cote d'Ivoire,2008,"87,744,567.66",DEVELOPMENTAL FOOD AID/FOOD SECURITY ASSISTANCE
Cote d'Ivoire,2008,"438,722.84",DEVELOPMENTAL FOOD AID/FOOD SECURITY ASSISTANCE
Cuba,2008,"106,721,014.54",DISASTER PREVENTION AND PREPAREDNESS
Cuba,2008,"12,196,687.38",DISASTER PREVENTION AND PREPAREDNESS
Cuba,2008,"457,375.78",DISASTER PREVENTION AND PREPAREDNESS
Cuba,2008,"2,412,975.61",DISASTER PREVENTION AND PREPAREDNESS
Cuba,2008,"1,316,168.51",DISASTER PREVENTION AND PREPAREDNESS
Democratic People's Republic of Korea,2008,"21,936,141.91",DEVELOPMENTAL FOOD AID/FOOD SECURITY ASSISTANCE
Democratic People's Republic of Korea,2008,"5,546,374.98",DEVELOPMENTAL FOOD AID/FOOD SECURITY ASSISTANCE
Democratic People's Republic of Korea,2008,"6,005,648.86",DEVELOPMENTAL FOOD AID/FOOD SECURITY ASSISTANCE
Democratic People's Republic of Korea,2008,"8,774,456.77",DEVELOPMENTAL FOOD AID/FOOD SECURITY ASSISTANCE
Democratic People's Republic of Korea,2008,"556,916,829.95",DEVELOPMENTAL FOOD AID/FOOD SECURITY ASSISTANCE
Democratic Republic of the Congo,2008,"53,743,547.69",GOVERNMENT AND CIVIL SOCIETY
Democratic Republic of the Congo,2008,"4,579,596,929.93",DISASTER PREVENTION AND PREPAREDNESS
Democratic Republic of the Congo,2008,"3,428,063.02",DISASTER PREVENTION AND PREPAREDNESS
Democratic Republic of the Congo,2008,"669,902.28",DISASTER PREVENTION AND PREPAREDNESS
Democratic Republic of the Congo,2008,"152,458.59",DISASTER PREVENTION AND PREPAREDNESS
Democratic Republic of the Congo,2008,"908,025.08",DISASTER PREVENTION AND PREPAREDNESS
Democratic Republic of the Congo,2008,"54,840,354.79",DEVELOPMENTAL FOOD AID/FOOD SECURITY ASSISTANCE
Democratic Republic of the Congo,2008,"7,622,929.61",DEVELOPMENTAL FOOD AID/FOOD SECURITY ASSISTANCE
Democratic Republic of the Congo,2008,"32,028,371.92",DEVELOPMENTAL FOOD AID/FOOD SECURITY ASSISTANCE
Democratic Republic of the Congo,2008,"88,095,058.42",DEVELOPMENTAL FOOD AID/FOOD SECURITY ASSISTANCE
Democratic Republic of the Congo,2008,"105,308,582.95",DEVELOPMENTAL FOOD AID/FOOD SECURITY ASSISTANCE
Democratic Republic of the Congo,2008,"142,107,119.87",DISASTER PREVENTION AND PREPAREDNESS
Democratic Republic of the Congo,2008,"175,176,751.94",DISASTER PREVENTION AND PREPAREDNESS
Democratic Republic of the Congo,2008,"3,094,756,962.96",DISASTER PREVENTION AND PREPAREDNESS
Democratic Republic of the Congo,2008,"1,228,358,877.31",DISASTER PREVENTION AND PREPAREDNESS
Democratic Republic of the Congo,2008,"76,229,296.10",DISASTER PREVENTION AND PREPAREDNESS
Democratic Republic of the Congo,2008,"16,770,445.14",DEVELOPMENTAL FOOD AID/FOOD SECURITY ASSISTANCE
Democratic Republic of the Congo,2008,"3,811,464.80",DEVELOPMENTAL FOOD AID/FOOD SECURITY ASSISTANCE
Djibouti,2008,"3,774,555.66",DEVELOPMENTAL FOOD AID/FOOD SECURITY ASSISTANCE
Djibouti,2008,"54,819,170.09",DEVELOPMENTAL FOOD AID/FOOD SECURITY ASSISTANCE
Djibouti,2008,"6,580,842.57",DEVELOPMENTAL FOOD AID/FOOD SECURITY ASSISTANCE
Djibouti,2008,"4,481,154.42",GOVERNMENT AND CIVIL SOCIETY
Djibouti,2008,"377,455.57",DISASTER PREVENTION AND PREPAREDNESS
Dominica,2008,"4,098,369.01",DISASTER PREVENTION AND PREPAREDNESS
Dominica,2008,"1,573,204.40",DISASTER PREVENTION AND PREPAREDNESS
Ecuador,2008,"449,094.23",DISASTER PREVENTION AND PREPAREDNESS
Ecuador,2008,"205,194.02",DISASTER PREVENTION AND PREPAREDNESS
Ecuador,2008,"4,387,228.38",DEVELOPMENTAL FOOD AID/FOOD SECURITY ASSISTANCE
Ecuador,2008,"152,458.59",DEVELOPMENTAL FOOD AID/FOOD SECURITY ASSISTANCE
Ecuador,2008,"448,235.90",DEVELOPMENTAL FOOD AID/FOOD SECURITY ASSISTANCE
Ecuador,2008,"12,347,838.45",DEVELOPMENTAL FOOD AID/FOOD SECURITY ASSISTANCE
Egypt,2008,"2,286,878.88",DEVELOPMENTAL FOOD AID/FOOD SECURITY ASSISTANCE
Egypt,2008,"15,423.75",DISASTER PREVENTION AND PREPAREDNESS
Equatorial Guinea,2008,"6,708,178.06",DISASTER PREVENTION AND PREPAREDNESS
Equatorial Guinea,2008,"219,361.42",DISASTER PREVENTION AND PREPAREDNESS
Equatorial Guinea,2008,"174,980,172.73",DISASTER PREVENTION AND PREPAREDNESS
Ethiopia,2008,"8,774,456.77",DISASTER PREVENTION AND PREPAREDNESS
Ethiopia,2008,"6,098,343.69",DEVELOPMENTAL FOOD AID/FOOD SECURITY ASSISTANCE
Ethiopia,2008,"17,548,913.53",DEVELOPMENTAL FOOD AID/FOOD SECURITY ASSISTANCE
Ethiopia,2008,"674,148.13",DEVELOPMENTAL FOOD AID/FOOD SECURITY ASSISTANCE
Ethiopia,2008,"658,084.26",DEVELOPMENTAL FOOD AID/FOOD SECURITY ASSISTANCE
Ethiopia,2008,"609,834.37",DEVELOPMENTAL FOOD AID/FOOD SECURITY ASSISTANCE
Ethiopia,2008,"175,489.14",GOVERNMENT AND CIVIL SOCIETY
Ethiopia,2008,"304,917.18",DISASTER PREVENTION AND PREPAREDNESS
Ethiopia,2008,"59,447,292.17",DISASTER PREVENTION AND PREPAREDNESS
Ethiopia,2008,"51,216,076.85",DISASTER PREVENTION AND PREPAREDNESS
Ethiopia,2008,"80,314,204.53",DISASTER PREVENTION AND PREPAREDNESS
Ethiopia,2008,"35,757,397.92",DISASTER PREVENTION AND PREPAREDNESS
Ethiopia,2008,"21,734,797.93",DEVELOPMENTAL FOOD AID/FOOD SECURITY ASSISTANCE
Ethiopia,2008,"30,644,782.32",DEVELOPMENTAL FOOD AID/FOOD SECURITY ASSISTANCE
Ethiopia,2008,"16,663,911.89",DEVELOPMENTAL FOOD AID/FOOD SECURITY ASSISTANCE
Ethiopia,2008,"13,701,129.51",DEVELOPMENTAL FOOD AID/FOOD SECURITY ASSISTANCE
Ethiopia,2008,"19,020,846.19",DEVELOPMENTAL FOOD AID/FOOD SECURITY ASSISTANCE
Fiji,2008,"304,917.18",DISASTER PREVENTION AND PREPAREDNESS
Fiji,2008,"5,793,426.50",DISASTER PREVENTION AND PREPAREDNESS
Fiji,2008,"60,866,261.74",DISASTER PREVENTION AND PREPAREDNESS
Gabon,2008,"106,721,014.54",DISASTER PREVENTION AND PREPAREDNESS
Gabon,2008,"6,580,842.57",DISASTER PREVENTION AND PREPAREDNESS
Gabon,2008,"457,375,776.58",DEVELOPMENTAL FOOD AID/FOOD SECURITY ASSISTANCE
Georgia,2008,"4,387,228.38",DEVELOPMENTAL FOOD AID/FOOD SECURITY ASSISTANCE
Ghana,2008,"3,354,089.03",DEVELOPMENTAL FOOD AID/FOOD SECURITY ASSISTANCE
Ghana,2008,"60,983,436.88",DEVELOPMENTAL FOOD AID/FOOD SECURITY ASSISTANCE
Ghana,2008,"381,146.48",DEVELOPMENTAL FOOD AID/FOOD SECURITY ASSISTANCE
Ghana,2008,"12,722,962.31",GOVERNMENT AND CIVIL SOCIETY
Ghana,2008,"11,281,935.82",DISASTER PREVENTION AND PREPAREDNESS
Ghana,2008,"460,658,980.20",DISASTER PREVENTION AND PREPAREDNESS
Ghana,2008,"60,773,145.41",DISASTER PREVENTION AND PREPAREDNESS
Ghana,2008,"884,259,834.73",DISASTER PREVENTION AND PREPAREDNESS
Grenada,2008,"126,540,631.52",DISASTER PREVENTION AND PREPAREDNESS
Grenada,2008,"1,524,585.92",DEVELOPMENTAL FOOD AID/FOOD SECURITY ASSISTANCE
Grenada,2008,"85,997.94",DEVELOPMENTAL FOOD AID/FOOD SECURITY ASSISTANCE
Grenada,2008,"762,292.96",DEVELOPMENTAL FOOD AID/FOOD SECURITY ASSISTANCE
Grenada,2008,"13,111,438.93",DEVELOPMENTAL FOOD AID/FOOD SECURITY ASSISTANCE
Guinea,2008,"15,245,859.22",DEVELOPMENTAL FOOD AID/FOOD SECURITY ASSISTANCE
Guinea-Bissau,2008,"24,393,374.75",DISASTER PREVENTION AND PREPAREDNESS
Guinea-Bissau,2008,"22,106,495.87",DISASTER PREVENTION AND PREPAREDNESS
Guinea-Bissau,2008,"152,458.59",DISASTER PREVENTION AND PREPAREDNESS
Guyana,2008,"11,230.38",DISASTER PREVENTION AND PREPAREDNESS
India,2008,"1,143,439,441.46",DISASTER PREVENTION AND PREPAREDNESS
India,2008,"15,245,859.22",DISASTER PREVENTION AND PREPAREDNESS
India,2008,"15,245,859.22",DISASTER PREVENTION AND PREPAREDNESS
India,2008,"22,868,788.83",DISASTER PREVENTION AND PREPAREDNESS
Indonesia,2008,"433,422,616.87",DISASTER PREVENTION AND PREPAREDNESS
Indonesia,2008,"658,084.26",DISASTER PREVENTION AND PREPAREDNESS
Indonesia,2008,"394,850,554.46",DEVELOPMENTAL FOOD AID/FOOD SECURITY ASSISTANCE
Indonesia,2008,"504,371,922.79",DEVELOPMENTAL FOOD AID/FOOD SECURITY ASSISTANCE
Indonesia,2008,"644,899,844.98",DEVELOPMENTAL FOOD AID/FOOD SECURITY ASSISTANCE
Indonesia,2008,"199,720,755.78",DEVELOPMENTAL FOOD AID/FOOD SECURITY ASSISTANCE
Indonesia,2008,"228,687,888.29",DEVELOPMENTAL FOOD AID/FOOD SECURITY ASSISTANCE
Indonesia,2008,"2,286,878.88",GOVERNMENT AND CIVIL SOCIETY
Indonesia,2008,"2,582,648.55",DISASTER PREVENTION AND PREPAREDNESS
Indonesia,2008,"340,028,511.90",DISASTER PREVENTION AND PREPAREDNESS
Indonesia,2008,"15,245,859.22",DISASTER PREVENTION AND PREPAREDNESS
Indonesia,2008,"90,875.35",DISASTER PREVENTION AND PREPAREDNESS
Indonesia,2008,"2,134,420.29",DISASTER PREVENTION AND PREPAREDNESS
Jamaica,2008,"61,980,408.78",DEVELOPMENTAL FOOD AID/FOOD SECURITY ASSISTANCE
Jamaica,2008,"152,458.59",DEVELOPMENTAL FOOD AID/FOOD SECURITY ASSISTANCE
Jordan,2008,"16,465,527.96",DEVELOPMENTAL FOOD AID/FOOD SECURITY ASSISTANCE
Kazakhstan,2008,"152,458,592.19",DEVELOPMENTAL FOOD AID/FOOD SECURITY ASSISTANCE
Kazakhstan,2008,"66,593,913.07",DEVELOPMENTAL FOOD AID/FOOD SECURITY ASSISTANCE
Kazakhstan,2008,"152,458,592.19",DISASTER PREVENTION AND PREPAREDNESS
Kazakhstan,2008,"5,717,197,207.31",DISASTER PREVENTION AND PREPAREDNESS
Kazakhstan,2008,"899,505,693.95",DISASTER PREVENTION AND PREPAREDNESS
Kazakhstan,2008,"1,184,450.80",DISASTER PREVENTION AND PREPAREDNESS
Kazakhstan,2008,"97,116.12",DISASTER PREVENTION AND PREPAREDNESS
Kazakhstan,2008,"9,726,858.18",DEVELOPMENTAL FOOD AID/FOOD SECURITY ASSISTANCE
Kazakhstan,2008,"5,717,197,207.31",DEVELOPMENTAL FOOD AID/FOOD SECURITY ASSISTANCE
Kenya,2008,"159,166,770.25",DEVELOPMENTAL FOOD AID/FOOD SECURITY ASSISTANCE
Kenya,2008,"10,968,070.96",DEVELOPMENTAL FOOD AID/FOOD SECURITY ASSISTANCE
Kenya,2008,"79,817,085.16",DEVELOPMENTAL FOOD AID/FOOD SECURITY ASSISTANCE
Kenya,2008,"457,375.78",GOVERNMENT AND CIVIL SOCIETY
Kenya,2008,"4,406,318.33",DISASTER PREVENTION AND PREPAREDNESS
Kenya,2008,"35,065.48",DISASTER PREVENTION AND PREPAREDNESS
Kenya,2008,"304,917.18",DISASTER PREVENTION AND PREPAREDNESS
Kenya,2008,"25,460,584.90",DISASTER PREVENTION AND PREPAREDNESS
Kenya,2008,"87,744.57",DISASTER PREVENTION AND PREPAREDNESS
Kyrgyz Republic,2008,"228,687.89",DEVELOPMENTAL FOOD AID/FOOD SECURITY ASSISTANCE
Kyrgyz Republic,2008,"10,968,070.96",DEVELOPMENTAL FOOD AID/FOOD SECURITY ASSISTANCE
Kyrgyz Republic,2008,"114,771,789.99",DEVELOPMENTAL FOOD AID/FOOD SECURITY ASSISTANCE
Kyrgyz Republic,2008,"38,572,023.83",DEVELOPMENTAL FOOD AID/FOOD SECURITY ASSISTANCE
Kyrgyz Republic,2008,"14,232,421.22",DEVELOPMENTAL FOOD AID/FOOD SECURITY ASSISTANCE
Kyrgyz Republic,2008,"3,811,464.80",DISASTER PREVENTION AND PREPAREDNESS
Kyrgyz Republic,2008,"11,434,394.41",DISASTER PREVENTION AND PREPAREDNESS
Lao People's Democratic Republic,2008,"181,883,100.49",DISASTER PREVENTION AND PREPAREDNESS
Lao People's Democratic Republic,2008,"96,374,002.06",DISASTER PREVENTION AND PREPAREDNESS
Lao People's Democratic Republic,2008,"121,905,890.32",DISASTER PREVENTION AND PREPAREDNESS
Lao People's Democratic Republic,2008,"152,458.59",DEVELOPMENTAL FOOD AID/FOOD SECURITY ASSISTANCE
Lao People's Democratic Republic,2008,"152,458.59",DEVELOPMENTAL FOOD AID/FOOD SECURITY ASSISTANCE
Lao People's Democratic Republic,2008,"304,917.18",DEVELOPMENTAL FOOD AID/FOOD SECURITY ASSISTANCE
Lao People's Democratic Republic,2008,"762,292.96",DEVELOPMENTAL FOOD AID/FOOD SECURITY ASSISTANCE
Lao People's Democratic Republic,2008,"99,098,084.93",DEVELOPMENTAL FOOD AID/FOOD SECURITY ASSISTANCE
Lao People's Democratic Republic,2008,"5,793,426.50",GOVERNMENT AND CIVIL SOCIETY
Lao People's Democratic Republic,2008,"119,771,334.85",DISASTER PREVENTION AND PREPAREDNESS
Lao People's Democratic Republic,2008,"10,968,070.96",DISASTER PREVENTION AND PREPAREDNESS
Lebanon,2008,"5,484,035.48",DISASTER PREVENTION AND PREPAREDNESS
Lebanon,2008,"1,096,807.10",DISASTER PREVENTION AND PREPAREDNESS
Lesotho,2008,"50,044,656.53",DISASTER PREVENTION AND PREPAREDNESS
Lesotho,2008,"1,524,585.92",DEVELOPMENTAL FOOD AID/FOOD SECURITY ASSISTANCE
Lesotho,2008,"4,387,228.38",DEVELOPMENTAL FOOD AID/FOOD SECURITY ASSISTANCE
Liberia,2008,"9,147,515.53",DEVELOPMENTAL FOOD AID/FOOD SECURITY ASSISTANCE
Liberia,2008,"54,885.09",DEVELOPMENTAL FOOD AID/FOOD SECURITY ASSISTANCE
Liberia,2008,"3,354,089.03",DEVELOPMENTAL FOOD AID/FOOD SECURITY ASSISTANCE
Liberia,2008,"15,245,859.22",DISASTER PREVENTION AND PREPAREDNESS
Liberia,2008,"10,968,070.96",DISASTER PREVENTION AND PREPAREDNESS
Madagascar,2008,"4,106,629.21",DISASTER PREVENTION AND PREPAREDNESS
Malawi,2008,"106,721,014.54",DISASTER PREVENTION AND PREPAREDNESS
Malawi,2008,"1,535,529.93",DISASTER PREVENTION AND PREPAREDNESS
Maldives,2008,"30,253.50",DEVELOPMENTAL FOOD AID/FOOD SECURITY ASSISTANCE
Maldives,2008,"8,774,456.77",DEVELOPMENTAL FOOD AID/FOOD SECURITY ASSISTANCE
Mali,2008,"10,529,348.12",DEVELOPMENTAL FOOD AID/FOOD SECURITY ASSISTANCE
Mali,2008,"109,680,709.57",DEVELOPMENTAL FOOD AID/FOOD SECURITY ASSISTANCE
Mali,2008,"8,774,456.77",DEVELOPMENTAL FOOD AID/FOOD SECURITY ASSISTANCE
Mali,2008,"8,774,456.77",GOVERNMENT AND CIVIL SOCIETY
Mali,2008,"6,580,842.57",DISASTER PREVENTION AND PREPAREDNESS
Mali,2008,"579,342.65",DISASTER PREVENTION AND PREPAREDNESS
Mali,2008,"438,722.84",DISASTER PREVENTION AND PREPAREDNESS
Mauritania,2008,"1,049,628,861.93",DISASTER PREVENTION AND PREPAREDNESS
Mauritius,2008,"6,429,483.20",DISASTER PREVENTION AND PREPAREDNESS
Mauritius,2008,"2,301,101.29",DEVELOPMENTAL FOOD AID/FOOD SECURITY ASSISTANCE
Mauritius,2008,"8,774,456.77",DEVELOPMENTAL FOOD AID/FOOD SECURITY ASSISTANCE
Micronesia,2008,"487,867.50",DEVELOPMENTAL FOOD AID/FOOD SECURITY ASSISTANCE
Micronesia,2008,"21,344.20",DEVELOPMENTAL FOOD AID/FOOD SECURITY ASSISTANCE
Micronesia,2008,"45,737.58",DEVELOPMENTAL FOOD AID/FOOD SECURITY ASSISTANCE
Micronesia,2008,"243,933.75",DISASTER PREVENTION AND PREPAREDNESS
Micronesia,2008,"285,169.84",DISASTER PREVENTION AND PREPAREDNESS
Micronesia,2008,"152,458.59",DISASTER PREVENTION AND PREPAREDNESS
Micronesia,2008,"76,229.30",DISASTER PREVENTION AND PREPAREDNESS
Moldova,2008,"3,049,171.84",DISASTER PREVENTION AND PREPAREDNESS
Moldova,2008,"6,699,758.69",DEVELOPMENTAL FOOD AID/FOOD SECURITY ASSISTANCE
Moldova,2008,"1,096,807.10",DEVELOPMENTAL FOOD AID/FOOD SECURITY ASSISTANCE
Moldova,2008,"4,387,228.38",DEVELOPMENTAL FOOD AID/FOOD SECURITY ASSISTANCE
Mongolia,2008,"19,128,228.00",DEVELOPMENTAL FOOD AID/FOOD SECURITY ASSISTANCE
Morocco,2008,"2,193,614.19",DEVELOPMENTAL FOOD AID/FOOD SECURITY ASSISTANCE
Morocco,2008,"6,580,842.57",GOVERNMENT AND CIVIL SOCIETY
Morocco,2008,"785,106,373.79",DISASTER PREVENTION AND PREPAREDNESS
Mozambique,2008,"4,573,757.77",DISASTER PREVENTION AND PREPAREDNESS
Mozambique,2008,"35,525,358.40",DISASTER PREVENTION AND PREPAREDNESS
Mozambique,2008,"67,738,806.23",DISASTER PREVENTION AND PREPAREDNESS
Myanmar,2008,"762,292.96",DISASTER PREVENTION AND PREPAREDNESS
Myanmar,2008,"762,292.96",DEVELOPMENTAL FOOD AID/FOOD SECURITY ASSISTANCE
Myanmar,2008,"6,580,842.57",DEVELOPMENTAL FOOD AID/FOOD SECURITY ASSISTANCE
Myanmar,2008,"381,146.48",DEVELOPMENTAL FOOD AID/FOOD SECURITY ASSISTANCE
Myanmar,2008,"15,245,859.22",DEVELOPMENTAL FOOD AID/FOOD SECURITY ASSISTANCE
Myanmar,2008,"152,458.59",DEVELOPMENTAL FOOD AID/FOOD SECURITY ASSISTANCE
Myanmar,2008,"28,018,008.47",DISASTER PREVENTION AND PREPAREDNESS
Myanmar,2008,"381,146.48",DISASTER PREVENTION AND PREPAREDNESS
Myanmar,2008,"10,968,070.96",DISASTER PREVENTION AND PREPAREDNESS
Myanmar,2008,"4,573,757.77",DISASTER PREVENTION AND PREPAREDNESS
Myanmar,2008,"152,458.59",DISASTER PREVENTION AND PREPAREDNESS
Namibia,2008,"65,808,425.74",DISASTER PREVENTION AND PREPAREDNESS
Namibia,2008,"9,214.39",DISASTER PREVENTION AND PREPAREDNESS
Namibia,2008,"4,387,228.38",DISASTER PREVENTION AND PREPAREDNESS
Namibia,2008,"7,320,236.80",DISASTER PREVENTION AND PREPAREDNESS
Nepal,2008,"30,491.72",DISASTER PREVENTION AND PREPAREDNESS
Nepal,2008,"22,868,788.83",DEVELOPMENTAL FOOD AID/FOOD SECURITY ASSISTANCE
Nepal,2008,"152,458,592.19",DEVELOPMENTAL FOOD AID/FOOD SECURITY ASSISTANCE
Niger,2008,"329,042.13",DEVELOPMENTAL FOOD AID/FOOD SECURITY ASSISTANCE
Niger,2008,"17,548,913.53",DEVELOPMENTAL FOOD AID/FOOD SECURITY ASSISTANCE
Niger,2008,"1,341,635,611.32",DEVELOPMENTAL FOOD AID/FOOD SECURITY ASSISTANCE
Nigeria,2008,"126,315,312.68",GOVERNMENT AND CIVIL SOCIETY
Nigeria,2008,"762,292,960.97",DISASTER PREVENTION AND PREPAREDNESS
Nigeria,2008,"60,022,947.75",DISASTER PREVENTION AND PREPAREDNESS
Nigeria,2008,"10,214,725.68",DISASTER PREVENTION AND PREPAREDNESS
Niue,2008,"320,990.53",DISASTER PREVENTION AND PREPAREDNESS
North Macedonia,2008,"2,193,614.19",DISASTER PREVENTION AND PREPAREDNESS
North Macedonia,2008,"219,361.42",DEVELOPMENTAL FOOD AID/FOOD SECURITY ASSISTANCE
Pakistan,2008,"762,292,960.97",DEVELOPMENTAL FOOD AID/FOOD SECURITY ASSISTANCE
Pakistan,2008,"457,375,776.58",DEVELOPMENTAL FOOD AID/FOOD SECURITY ASSISTANCE
Pakistan,2008,"499,667,790.06",DEVELOPMENTAL FOOD AID/FOOD SECURITY ASSISTANCE
Pakistan,2008,"96,999.09",DEVELOPMENTAL FOOD AID/FOOD SECURITY ASSISTANCE
Pakistan,2008,"1,524,585.92",DISASTER PREVENTION AND PREPAREDNESS
Pakistan,2008,"21,936,141.91",DISASTER PREVENTION AND PREPAREDNESS
Pakistan,2008,"442,129,917.37",DISASTER PREVENTION AND PREPAREDNESS
Pakistan,2008,"457,375,776.58",DISASTER PREVENTION AND PREPAREDNESS
Papua New Guinea,2008,"573,462.99",DISASTER PREVENTION AND PREPAREDNESS
Papua New Guinea,2008,"2,867,314.94",DEVELOPMENTAL FOOD AID/FOOD SECURITY ASSISTANCE
Papua New Guinea,2008,"943,254.10",DEVELOPMENTAL FOOD AID/FOOD SECURITY ASSISTANCE
Papua New Guinea,2008,"286,731.49",DEVELOPMENTAL FOOD AID/FOOD SECURITY ASSISTANCE
Papua New Guinea,2008,"11,469.26",DEVELOPMENTAL FOOD AID/FOOD SECURITY ASSISTANCE
Papua New Guinea,2008,"5,734,629.89",DEVELOPMENTAL FOOD AID/FOOD SECURITY ASSISTANCE
Papua New Guinea,2008,"2,439,337.48",GOVERNMENT AND CIVIL SOCIETY
Papua New Guinea,2008,"4,421,299.17",DISASTER PREVENTION AND PREPAREDNESS
Papua New Guinea,2008,"853,768,116.29",DISASTER PREVENTION AND PREPAREDNESS
Papua New Guinea,2008,"721,129,141.08",DISASTER PREVENTION AND PREPAREDNESS
Papua New Guinea,2008,"6,555,719.46",DISASTER PREVENTION AND PREPAREDNESS
Peru,2008,"152,458.59",DISASTER PREVENTION AND PREPAREDNESS
Peru,2008,"4,387,228.38",DEVELOPMENTAL FOOD AID/FOOD SECURITY ASSISTANCE
Peru,2008,"37,187.66",DEVELOPMENTAL FOOD AID/FOOD SECURITY ASSISTANCE
Peru,2008,"788,210.92",DEVELOPMENTAL FOOD AID/FOOD SECURITY ASSISTANCE
Peru,2008,"631,760.89",DEVELOPMENTAL FOOD AID/FOOD SECURITY ASSISTANCE
Peru,2008,"2,193,614.19",DEVELOPMENTAL FOOD AID/FOOD SECURITY ASSISTANCE
Peru,2008,"6,580,842.57",DISASTER PREVENTION AND PREPAREDNESS
Russia,2008,"28,204,839.56",DISASTER PREVENTION AND PREPAREDNESS
Russia,2008,"27,224,748.61",DISASTER PREVENTION AND PREPAREDNESS
Rwanda,2008,"167,310.50",DISASTER PREVENTION AND PREPAREDNESS
Rwanda,2008,"76,229.30",DISASTER PREVENTION AND PREPAREDNESS
Rwanda,2008,"2,193,614.19",DEVELOPMENTAL FOOD AID/FOOD SECURITY ASSISTANCE
Samoa,2008,"2,789,992.24",DEVELOPMENTAL FOOD AID/FOOD SECURITY ASSISTANCE
Samoa,2008,"79,278,467.94",DEVELOPMENTAL FOOD AID/FOOD SECURITY ASSISTANCE
Samoa,2008,"2,193,614.19",DEVELOPMENTAL FOOD AID/FOOD SECURITY ASSISTANCE
Samoa,2008,"4,387,228.38",DEVELOPMENTAL FOOD AID/FOOD SECURITY ASSISTANCE
Serbia,2008,"2,193,614.19",GOVERNMENT AND CIVIL SOCIETY
Seychelles,2008,"5,336,050.73",DISASTER PREVENTION AND PREPAREDNESS
Seychelles,2008,"4,387,228.38",DISASTER PREVENTION AND PREPAREDNESS
Seychelles,2008,"15,794,022.18",DISASTER PREVENTION AND PREPAREDNESS
Somalia,2008,"762,292.96",DISASTER PREVENTION AND PREPAREDNESS
Somalia,2008,"1,524,585.92",DISASTER PREVENTION AND PREPAREDNESS
South Sudan,2008,"1,067,210.15",DEVELOPMENTAL FOOD AID/FOOD SECURITY ASSISTANCE
South Sudan,2008,"1,096,807.10",DEVELOPMENTAL FOOD AID/FOOD SECURITY ASSISTANCE
Sri Lanka,2008,"10,968,070.96",DEVELOPMENTAL FOOD AID/FOOD SECURITY ASSISTANCE
Sri Lanka,2008,"14,070.83",DEVELOPMENTAL FOOD AID/FOOD SECURITY ASSISTANCE
Sudan,2008,"15,355,299.34",DEVELOPMENTAL FOOD AID/FOOD SECURITY ASSISTANCE
Sudan,2008,"4,387,228.38",DISASTER PREVENTION AND PREPAREDNESS
Sudan,2008,"350,978.27",DISASTER PREVENTION AND PREPAREDNESS
Sudan,2008,"76,229.30",DISASTER PREVENTION AND PREPAREDNESS
Sudan,2008,"304,917.18",DISASTER PREVENTION AND PREPAREDNESS
Sudan,2008,"4,573,757.77",DISASTER PREVENTION AND PREPAREDNESS
Sudan,2008,"72,906.55",DEVELOPMENTAL FOOD AID/FOOD SECURITY ASSISTANCE
Sudan,2008,"8,774,456.77",DEVELOPMENTAL FOOD AID/FOOD SECURITY ASSISTANCE
Sudan,2008,"15,550,776.40",DEVELOPMENTAL FOOD AID/FOOD SECURITY ASSISTANCE
Sudan,2008,"26,680,253.63",DEVELOPMENTAL FOOD AID/FOOD SECURITY ASSISTANCE
Sudan,2008,"22,258,954.46",DEVELOPMENTAL FOOD AID/FOOD SECURITY ASSISTANCE
Sudan,2008,"4,421,299.17",GOVERNMENT AND CIVIL SOCIETY
Sudan,2008,"182,950,310.63",DISASTER PREVENTION AND PREPAREDNESS
Sudan,2008,"6,708,178.06",DISASTER PREVENTION AND PREPAREDNESS
Sudan,2008,"990,980,849.27",DISASTER PREVENTION AND PREPAREDNESS
Sudan,2008,"4,573,757,765.85",DISASTER PREVENTION AND PREPAREDNESS
Sudan,2008,"72,906.55",DISASTER PREVENTION AND PREPAREDNESS
Sudan,2008,"3,202,676.72",DEVELOPMENTAL FOOD AID/FOOD SECURITY ASSISTANCE
Suriname,2008,"214,204,322.03",DEVELOPMENTAL FOOD AID/FOOD SECURITY ASSISTANCE
Suriname,2008,"87,744,567.66",DEVELOPMENTAL FOOD AID/FOOD SECURITY ASSISTANCE
Syrian Arab Republic,2008,"762,292.96",DEVELOPMENTAL FOOD AID/FOOD SECURITY ASSISTANCE
Syrian Arab Republic,2008,"18,865,082.05",DEVELOPMENTAL FOOD AID/FOOD SECURITY ASSISTANCE
Syrian Arab Republic,2008,"48,706,257.46",DISASTER PREVENTION AND PREPAREDNESS
Syrian Arab Republic,2008,"76,776,496.70",DISASTER PREVENTION AND PREPAREDNESS
Tajikistan,2008,"4,176,947.69",DISASTER PREVENTION AND PREPAREDNESS
Tajikistan,2008,"457,375,776.58",DISASTER PREVENTION AND PREPAREDNESS
Tajikistan,2008,"1,044,236.16",DISASTER PREVENTION AND PREPAREDNESS
Tajikistan,2008,"626,543.83",DEVELOPMENTAL FOOD AID/FOOD SECURITY ASSISTANCE
Tajikistan,2008,"762,292.96",DEVELOPMENTAL FOOD AID/FOOD SECURITY ASSISTANCE
Tanzania,2008,"2,286,878.88",DEVELOPMENTAL FOOD AID/FOOD SECURITY ASSISTANCE
Tanzania,2008,"106,721,014.54",DEVELOPMENTAL FOOD AID/FOOD SECURITY ASSISTANCE
Tanzania,2008,"40,252,820.41",DEVELOPMENTAL FOOD AID/FOOD SECURITY ASSISTANCE
Tanzania,2008,"32,016,304.36",GOVERNMENT AND CIVIL SOCIETY
Timor-Leste,2008,"4,463,628.89",DISASTER PREVENTION AND PREPAREDNESS
Timor-Leste,2008,"1,178,888.63",DISASTER PREVENTION AND PREPAREDNESS
Timor-Leste,2008,"2,231,815.20",DISASTER PREVENTION AND PREPAREDNESS
Timor-Leste,2008,"16,173,259.67",DISASTER PREVENTION AND PREPAREDNESS
Togo,2008,"4,167,866.96",DISASTER PREVENTION AND PREPAREDNESS
Togo,2008,"714,305.52",DEVELOPMENTAL FOOD AID/FOOD SECURITY ASSISTANCE
Togo,2008,"1,096,807.10",DEVELOPMENTAL FOOD AID/FOOD SECURITY ASSISTANCE
Togo,2008,"1,020,436.46",DEVELOPMENTAL FOOD AID/FOOD SECURITY ASSISTANCE
Togo,2008,"112,248.01",DEVELOPMENTAL FOOD AID/FOOD SECURITY ASSISTANCE
Togo,2008,"8,774,456.77",DEVELOPMENTAL FOOD AID/FOOD SECURITY ASSISTANCE
Togo,2008,"8,774,456.77",DISASTER PREVENTION AND PREPAREDNESS
Tonga,2008,"4,387,228.38",DISASTER PREVENTION AND PREPAREDNESS
Tonga,2008,"1,096,807.10",DISASTER PREVENTION AND PREPAREDNESS
Tonga,2008,"5,488,509.32",DISASTER PREVENTION AND PREPAREDNESS
Tonga,2008,"1,595.68",DISASTER PREVENTION AND PREPAREDNESS
Tonga,2008,"37,276,125.79",DISASTER PREVENTION AND PREPAREDNESS
Tonga,2008,"10,184,233.96",DISASTER PREVENTION AND PREPAREDNESS
Uganda,2008,"2,307,600.71",DISASTER PREVENTION AND PREPAREDNESS
Uganda,2008,"654,047.36",DISASTER PREVENTION AND PREPAREDNESS
Uganda,2008,"10,968,070.96",DISASTER PREVENTION AND PREPAREDNESS
Uganda,2008,"9,147,515.53",DEVELOPMENTAL FOOD AID/FOOD SECURITY ASSISTANCE
Uganda,2008,"652,275.78",DEVELOPMENTAL FOOD AID/FOOD SECURITY ASSISTANCE
Ukraine,2008,"762,292.96",DEVELOPMENTAL FOOD AID/FOOD SECURITY ASSISTANCE
Uruguay,2008,"4,387,228.38",DEVELOPMENTAL FOOD AID/FOOD SECURITY ASSISTANCE
Uzbekistan,2008,"68,560,628.91",DEVELOPMENTAL FOOD AID/FOOD SECURITY ASSISTANCE
Uzbekistan,2008,"3,201,630.44",GOVERNMENT AND CIVIL SOCIETY
Uzbekistan,2008,"1,524,585.92",DISASTER PREVENTION AND PREPAREDNESS
Uzbekistan,2008,"1,524,585.92",DISASTER PREVENTION AND PREPAREDNESS
Uzbekistan,2008,"29,119,591.11",DISASTER PREVENTION AND PREPAREDNESS
Uzbekistan,2008,"60,983,436.88",DISASTER PREVENTION AND PREPAREDNESS
Uzbekistan,2008,"30,339,259.85",DISASTER PREVENTION AND PREPAREDNESS
Uzbekistan,2008,"22,868,788.83",DEVELOPMENTAL FOOD AID/FOOD SECURITY ASSISTANCE
Uzbekistan,2008,"21,801,578.68",DEVELOPMENTAL FOOD AID/FOOD SECURITY ASSISTANCE
Uzbekistan,2008,"13,416,356.11",DEVELOPMENTAL FOOD AID/FOOD SECURITY ASSISTANCE
Uzbekistan,2008,"8,781,355.73",DEVELOPMENTAL FOOD AID/FOOD SECURITY ASSISTANCE
Uzbekistan,2008,"5,640,967.91",DEVELOPMENTAL FOOD AID/FOOD SECURITY ASSISTANCE
Uzbekistan,2008,"12,928,488.62",DISASTER PREVENTION AND PREPAREDNESS
Uzbekistan,2008,"12,349,145.97",DISASTER PREVENTION AND PREPAREDNESS
Uzbekistan,2008,"38,114,648.05",DISASTER PREVENTION AND PREPAREDNESS
Uzbekistan,2008,"2,668,025,363.41",DISASTER PREVENTION AND PREPAREDNESS
Uzbekistan,2008,"2,668,025,363.41",DISASTER PREVENTION AND PREPAREDNESS
Vanuatu,2008,"43,872,283.83",DEVELOPMENTAL FOOD AID/FOOD SECURITY ASSISTANCE
Vanuatu,2008,"2,193,614.19",DEVELOPMENTAL FOOD AID/FOOD SECURITY ASSISTANCE
Vanuatu,2008,"15,245,859.22",DEVELOPMENTAL FOOD AID/FOOD SECURITY ASSISTANCE
Viet Nam,2008,"381,146,480.49",DEVELOPMENTAL FOOD AID/FOOD SECURITY ASSISTANCE
Viet Nam,2008,"21,344,202.91",DEVELOPMENTAL FOOD AID/FOOD SECURITY ASSISTANCE
Viet Nam,2008,"263,233,702.97",GOVERNMENT AND CIVIL SOCIETY
Viet Nam,2008,"762,292,960.97",DISASTER PREVENTION AND PREPAREDNESS
Viet Nam,2008,"12,196,687.38",DISASTER PREVENTION AND PREPAREDNESS
West Bank and Gaza Strip,2008,"762,292.96",DISASTER PREVENTION AND PREPAREDNESS
West Bank and Gaza Strip,2008,"1,524,585.92",DISASTER PREVENTION AND PREPAREDNESS
West Bank and Gaza Strip,2008,"6,342,277.44",DISASTER PREVENTION AND PREPAREDNESS
West Bank and Gaza Strip,2008,"10,428,167.71",DEVELOPMENTAL FOOD AID/FOOD SECURITY ASSISTANCE
Yemen,2008,"64,053,534.39",DEVELOPMENTAL FOOD AID/FOOD SECURITY ASSISTANCE
Yemen,2008,"18,295,031.06",DEVELOPMENTAL FOOD AID/FOOD SECURITY ASSISTANCE
Yemen,2008,"457,375.78",DEVELOPMENTAL FOOD AID/FOOD SECURITY ASSISTANCE
Yemen,2008,"457,375.78",DEVELOPMENTAL FOOD AID/FOOD SECURITY ASSISTANCE
Yemen,2008,"1,096,807.10",DISASTER PREVENTION AND PREPAREDNESS
Zambia,2008,"480,244,565.41",DISASTER PREVENTION AND PREPAREDNESS
Zimbabwe,2008,"152,458,592.19",DISASTER PREVENTION AND PREPAREDNESS
Zimbabwe,2008,"3,811,464.80",DISASTER PREVENTION AND PREPAREDNESS
Zimbabwe,2008,"762,292.96",DISASTER PREVENTION AND PREPAREDNESS
Zimbabwe,2008,"61,421,197.36",DEVELOPMENTAL FOOD AID/FOOD SECURITY ASSISTANCE
Zimbabwe,2008,"7,622,929.61",DEVELOPMENTAL FOOD AID/FOOD SECURITY ASSISTANCE
Afghanistan,2007,"3,598,528.77",DEVELOPMENTAL FOOD AID/FOOD SECURITY ASSISTANCE
Afghanistan,2007,"2,339,043.70",DEVELOPMENTAL FOOD AID/FOOD SECURITY ASSISTANCE
Afghanistan,2007,"359,852.88",DEVELOPMENTAL FOOD AID/FOOD SECURITY ASSISTANCE
Afghanistan,2007,"18,924,146.75",GOVERNMENT AND CIVIL SOCIETY
Afghanistan,2007,"251,897.01",DISASTER PREVENTION AND PREPAREDNESS
Afghanistan,2007,"8,996.32",DISASTER PREVENTION AND PREPAREDNESS
Algeria,2007,"899,632.19",DISASTER PREVENTION AND PREPAREDNESS
Algeria,2007,"23,655.18",DISASTER PREVENTION AND PREPAREDNESS
"America, regional",2007,"269,889,657.43",DISASTER PREVENTION AND PREPAREDNESS
Angola,2007,"46,634,301.96",DEVELOPMENTAL FOOD AID/FOOD SECURITY ASSISTANCE
Angola,2007,"91,227,832.12",DEVELOPMENTAL FOOD AID/FOOD SECURITY ASSISTANCE
Angola,2007,"3,598,528,765.77",DEVELOPMENTAL FOOD AID/FOOD SECURITY ASSISTANCE
Angola,2007,"899,632,191.44",DEVELOPMENTAL FOOD AID/FOOD SECURITY ASSISTANCE
Angola,2007,"11,827,591.72",DEVELOPMENTAL FOOD AID/FOOD SECURITY ASSISTANCE
Angola,2007,"53,977,931.49",DISASTER PREVENTION AND PREPAREDNESS
Angola,2007,"47,770,469.37",DISASTER PREVENTION AND PREPAREDNESS
Angola,2007,"19,373,759.17",DISASTER PREVENTION AND PREPAREDNESS
Angola,2007,"60,416,372.28",DISASTER PREVENTION AND PREPAREDNESS
Angola,2007,"47,797,368.37",DISASTER PREVENTION AND PREPAREDNESS
Angola,2007,"16,237,911.24",DEVELOPMENTAL FOOD AID/FOOD SECURITY ASSISTANCE
Angola,2007,"23,925,718.13",DEVELOPMENTAL FOOD AID/FOOD SECURITY ASSISTANCE
Angola,2007,"23,022,126.46",DEVELOPMENTAL FOOD AID/FOOD SECURITY ASSISTANCE
Angola,2007,"17,261,915.78",DEVELOPMENTAL FOOD AID/FOOD SECURITY ASSISTANCE
Angola,2007,"37,088,522.81",DEVELOPMENTAL FOOD AID/FOOD SECURITY ASSISTANCE
Angola,2007,"15,836,334.09",GOVERNMENT AND CIVIL SOCIETY
Angola,2007,"8,754,198.94",DISASTER PREVENTION AND PREPAREDNESS
Angola,2007,"122,936,451.72",DISASTER PREVENTION AND PREPAREDNESS
Angola,2007,"117,599,008.20",DISASTER PREVENTION AND PREPAREDNESS
Angola,2007,"17,610,300.15",DISASTER PREVENTION AND PREPAREDNESS
Angola,2007,"64,773,517.78",DISASTER PREVENTION AND PREPAREDNESS
Angola,2007,"96,260,644.48",DEVELOPMENTAL FOOD AID/FOOD SECURITY ASSISTANCE
Angola,2007,"80,808,333.60",DEVELOPMENTAL FOOD AID/FOOD SECURITY ASSISTANCE
Angola,2007,"232,967,494.61",DEVELOPMENTAL FOOD AID/FOOD SECURITY ASSISTANCE
Angola,2007,"36,435,103.75",DEVELOPMENTAL FOOD AID/FOOD SECURITY ASSISTANCE
Angola,2007,"134,856,520.82",DEVELOPMENTAL FOOD AID/FOOD SECURITY ASSISTANCE
Angola,2007,"773,163,555.27",DISASTER PREVENTION AND PREPAREDNESS
Angola,2007,"259,094,071.14",DISASTER PREVENTION AND PREPAREDNESS
Angola,2007,"118,262,440.73",DISASTER PREVENTION AND PREPAREDNESS
Angola,2007,"183,230,642.94",DISASTER PREVENTION AND PREPAREDNESS
Angola,2007,"136,178,224.45",DISASTER PREVENTION AND PREPAREDNESS
Angola,2007,"79,707,412.16",DEVELOPMENTAL FOOD AID/FOOD SECURITY ASSISTANCE
Angola,2007,"100,350,696.29",DEVELOPMENTAL FOOD AID/FOOD SECURITY ASSISTANCE
Angola,2007,"712,508,695.62",DEVELOPMENTAL FOOD AID/FOOD SECURITY ASSISTANCE
Angola,2007,"87,455,516.36",DEVELOPMENTAL FOOD AID/FOOD SECURITY ASSISTANCE
Angola,2007,"473,103.67",DEVELOPMENTAL FOOD AID/FOOD SECURITY ASSISTANCE
Angola,2007,"32,386,758.89",GOVERNMENT AND CIVIL SOCIETY
Argentina,2007,"53,977,931.49",DISASTER PREVENTION AND PREPAREDNESS
Argentina,2007,"107,955,862.97",DISASTER PREVENTION AND PREPAREDNESS
Argentina,2007,"46,939,134.64",DISASTER PREVENTION AND PREPAREDNESS
Armenia,2007,"4,731,036.69",DISASTER PREVENTION AND PREPAREDNESS
"Asia, regional",2007,"7,236,641.35",DISASTER PREVENTION AND PREPAREDNESS
Bangladesh,2007,"1,799,264.38",DEVELOPMENTAL FOOD AID/FOOD SECURITY ASSISTANCE
Bangladesh,2007,"4,498,160.96",DEVELOPMENTAL FOOD AID/FOOD SECURITY ASSISTANCE
Bangladesh,2007,"26,387.13",DEVELOPMENTAL FOOD AID/FOOD SECURITY ASSISTANCE
Bangladesh,2007,"2,365,518.34",DEVELOPMENTAL FOOD AID/FOOD SECURITY ASSISTANCE
Belarus,2007,"4,858,013.83",DEVELOPMENTAL FOOD AID/FOOD SECURITY ASSISTANCE
Belarus,2007,"899,632,191.44",DISASTER PREVENTION AND PREPAREDNESS
Belarus,2007,"16,558,628.41",DISASTER PREVENTION AND PREPAREDNESS
Belarus,2007,"77,085,146.27",DISASTER PREVENTION AND PREPAREDNESS
Belarus,2007,"6,386,899.53",DISASTER PREVENTION AND PREPAREDNESS
Belarus,2007,"11,827,591.72",DISASTER PREVENTION AND PREPAREDNESS
Benin,2007,"37,848,293.50",DISASTER PREVENTION AND PREPAREDNESS
Bolivia,2007,"5,654,390.02",DISASTER PREVENTION AND PREPAREDNESS
Bolivia,2007,"4,498,160.96",DISASTER PREVENTION AND PREPAREDNESS
Bolivia,2007,"89,963.22",DISASTER PREVENTION AND PREPAREDNESS
Botswana,2007,"2,365,518.34",DISASTER PREVENTION AND PREPAREDNESS
Botswana,2007,"32,321,934.06",DEVELOPMENTAL FOOD AID/FOOD SECURITY ASSISTANCE
Botswana,2007,"473,103.67",DEVELOPMENTAL FOOD AID/FOOD SECURITY ASSISTANCE
Botswana,2007,"118,275.92",DEVELOPMENTAL FOOD AID/FOOD SECURITY ASSISTANCE
Brazil,2007,"1,349,448,287.16",DEVELOPMENTAL FOOD AID/FOOD SECURITY ASSISTANCE
Brazil,2007,"640,538,120.31",DEVELOPMENTAL FOOD AID/FOOD SECURITY ASSISTANCE
Brazil,2007,"269,889,657.43",GOVERNMENT AND CIVIL SOCIETY
Bulgaria,2007,"141,931.10",DISASTER PREVENTION AND PREPAREDNESS
Burundi,2007,"50,385,540.72",DISASTER PREVENTION AND PREPAREDNESS
Burundi,2007,"791,336.27",DISASTER PREVENTION AND PREPAREDNESS
Burundi,2007,"7,096,555.03",DISASTER PREVENTION AND PREPAREDNESS
Burundi,2007,"236,551.83",DISASTER PREVENTION AND PREPAREDNESS
Burundi,2007,"2,365,518.34",DEVELOPMENTAL FOOD AID/FOOD SECURITY ASSISTANCE
Burundi,2007,"473,103.67",DEVELOPMENTAL FOOD AID/FOOD SECURITY ASSISTANCE
Burundi,2007,"236,551.83",DEVELOPMENTAL FOOD AID/FOOD SECURITY ASSISTANCE
Burundi,2007,"449,816.10",DEVELOPMENTAL FOOD AID/FOOD SECURITY ASSISTANCE
Cabo Verde,2007,"35,516,576.57",DEVELOPMENTAL FOOD AID/FOOD SECURITY ASSISTANCE
Cabo Verde,2007,"7,096,555.03",DISASTER PREVENTION AND PREPAREDNESS
Cabo Verde,2007,"1,830,176.13",DISASTER PREVENTION AND PREPAREDNESS
Cabo Verde,2007,"1,830,176.13",DISASTER PREVENTION AND PREPAREDNESS
Cabo Verde,2007,"7,096,555.03",DISASTER PREVENTION AND PREPAREDNESS
Cambodia,2007,"75,353,192.36",DISASTER PREVENTION AND PREPAREDNESS
Cambodia,2007,"372,447,727.26",DEVELOPMENTAL FOOD AID/FOOD SECURITY ASSISTANCE
Cambodia,2007,"2,249,080.48",DEVELOPMENTAL FOOD AID/FOOD SECURITY ASSISTANCE
Cambodia,2007,"31,934,497.64",DEVELOPMENTAL FOOD AID/FOOD SECURITY ASSISTANCE
Cambodia,2007,"93,381,821.47",DEVELOPMENTAL FOOD AID/FOOD SECURITY ASSISTANCE
Cambodia,2007,"18,924,146.75",DEVELOPMENTAL FOOD AID/FOOD SECURITY ASSISTANCE
Cambodia,2007,"128,670,284.62",GOVERNMENT AND CIVIL SOCIETY
Cambodia,2007,"371,425,745.09",DISASTER PREVENTION AND PREPAREDNESS
Cambodia,2007,"51,789,421.44",DISASTER PREVENTION AND PREPAREDNESS
Cambodia,2007,"78,274,512.19",DISASTER PREVENTION AND PREPAREDNESS
Cambodia,2007,"145,398.55",DISASTER PREVENTION AND PREPAREDNESS
Cambodia,2007,"1,799,264.38",DISASTER PREVENTION AND PREPAREDNESS
Cameroon,2007,"4,731,036.69",DEVELOPMENTAL FOOD AID/FOOD SECURITY ASSISTANCE
Cameroon,2007,"57,664,859.68",DEVELOPMENTAL FOOD AID/FOOD SECURITY ASSISTANCE
Cameroon,2007,"1,802,026.86",DEVELOPMENTAL FOOD AID/FOOD SECURITY ASSISTANCE
Cameroon,2007,"82,793,142.03",DEVELOPMENTAL FOOD AID/FOOD SECURITY ASSISTANCE
Cameroon,2007,"168,189.17",DEVELOPMENTAL FOOD AID/FOOD SECURITY ASSISTANCE
Cameroon,2007,"5,397,793.15",DISASTER PREVENTION AND PREPAREDNESS
Cameroon,2007,"240,270.25",DISASTER PREVENTION AND PREPAREDNESS
Cameroon,2007,"7,096,555.03",DISASTER PREVENTION AND PREPAREDNESS
Cameroon,2007,"9,610,809.95",DISASTER PREVENTION AND PREPAREDNESS
Cameroon,2007,"9,462,073.37",DISASTER PREVENTION AND PREPAREDNESS
Cameroon,2007,"14,193,110.06",DEVELOPMENTAL FOOD AID/FOOD SECURITY ASSISTANCE
Cameroon,2007,"11,827,591.72",DEVELOPMENTAL FOOD AID/FOOD SECURITY ASSISTANCE
Cameroon,2007,"7,096,555.03",DEVELOPMENTAL FOOD AID/FOOD SECURITY ASSISTANCE
Cameroon,2007,"11,827,591.72",DEVELOPMENTAL FOOD AID/FOOD SECURITY ASSISTANCE
Central African Republic,2007,"6,837,204.65",DEVELOPMENTAL FOOD AID/FOOD SECURITY ASSISTANCE
Central African Republic,2007,"20,648,224.49",GOVERNMENT AND CIVIL SOCIETY
Central African Republic,2007,"189,241.47",DISASTER PREVENTION AND PREPAREDNESS
Central African Republic,2007,"2,365,518.34",DISASTER PREVENTION AND PREPAREDNESS
Central African Republic,2007,"7,133,023.01",DISASTER PREVENTION AND PREPAREDNESS
Central African Republic,2007,"3,754.22",DISASTER PREVENTION AND PREPAREDNESS
Central African Republic,2007,"2,698,896.57",DISASTER PREVENTION AND PREPAREDNESS
Chad,2007,"462,410,946.40",DEVELOPMENTAL FOOD AID/FOOD SECURITY ASSISTANCE
Chad,2007,"165,586,284.06",DEVELOPMENTAL FOOD AID/FOOD SECURITY ASSISTANCE
Chad,2007,"45,089,565.44",DEVELOPMENTAL FOOD AID/FOOD SECURITY ASSISTANCE
Chad,2007,"53,977,931.49",DEVELOPMENTAL FOOD AID/FOOD SECURITY ASSISTANCE
Chad,2007,"1,979,190.82",DEVELOPMENTAL FOOD AID/FOOD SECURITY ASSISTANCE
Chad,2007,"49,675,885.22",DISASTER PREVENTION AND PREPAREDNESS
Chad,2007,"55,777,195.87",DISASTER PREVENTION AND PREPAREDNESS
Chad,2007,"35,985,287.66",DISASTER PREVENTION AND PREPAREDNESS
Colombia,2007,"2,365,518.34",DISASTER PREVENTION AND PREPAREDNESS
Comoros,2007,"5,913,795.86",DISASTER PREVENTION AND PREPAREDNESS
Comoros,2007,"575,764.60",DEVELOPMENTAL FOOD AID/FOOD SECURITY ASSISTANCE
Congo,2007,"145,740,415.01",DEVELOPMENTAL FOOD AID/FOOD SECURITY ASSISTANCE
Congo,2007,"151,138,208.16",DEVELOPMENTAL FOOD AID/FOOD SECURITY ASSISTANCE
Congo,2007,"7,508,445.27",DEVELOPMENTAL FOOD AID/FOOD SECURITY ASSISTANCE
Congo,2007,"57,576,460.25",DEVELOPMENTAL FOOD AID/FOOD SECURITY ASSISTANCE
Congo,2007,"152,937,472.55",GOVERNMENT AND CIVIL SOCIETY
Congo,2007,"145,740,415.01",DISASTER PREVENTION AND PREPAREDNESS
Congo,2007,"151,138,208.16",DISASTER PREVENTION AND PREPAREDNESS
Congo,2007,"151,138,208.16",DISASTER PREVENTION AND PREPAREDNESS
Congo,2007,"133,145,564.33",DISASTER PREVENTION AND PREPAREDNESS
Cook Islands,2007,"5,757,646.03",DISASTER PREVENTION AND PREPAREDNESS
Cook Islands,2007,"13,134,630.00",DEVELOPMENTAL FOOD AID/FOOD SECURITY ASSISTANCE
Costa Rica,2007,"89,963,219.14",DEVELOPMENTAL FOOD AID/FOOD SECURITY ASSISTANCE
Costa Rica,2007,"35,985,287.66",DEVELOPMENTAL FOOD AID/FOOD SECURITY ASSISTANCE
Costa Rica,2007,"50,379,402.72",DEVELOPMENTAL FOOD AID/FOOD SECURITY ASSISTANCE
Costa Rica,2007,"7,577,659.52",DEVELOPMENTAL FOOD AID/FOOD SECURITY ASSISTANCE
Costa Rica,2007,"233,904,369.77",DISASTER PREVENTION AND PREPAREDNESS
Costa Rica,2007,"47,310,366.87",DISASTER PREVENTION AND PREPAREDNESS
Cote d'Ivoire,2007,"2,462,593.49",DISASTER PREVENTION AND PREPAREDNESS
Cote d'Ivoire,2007,"24,625,934.91",DISASTER PREVENTION AND PREPAREDNESS
Cote d'Ivoire,2007,"42,579,330.19",DISASTER PREVENTION AND PREPAREDNESS
Cote d'Ivoire,2007,"2,252,533.58",DEVELOPMENTAL FOOD AID/FOOD SECURITY ASSISTANCE
Cuba,2007,"281,404,949.48",DEVELOPMENTAL FOOD AID/FOOD SECURITY ASSISTANCE
Democratic People's Republic of Korea,2007,"47,507,956.69",DEVELOPMENTAL FOOD AID/FOOD SECURITY ASSISTANCE
Democratic People's Republic of Korea,2007,"9,462,073.37",DEVELOPMENTAL FOOD AID/FOOD SECURITY ASSISTANCE
Democratic People's Republic of Korea,2007,"15,954,275.35",DEVELOPMENTAL FOOD AID/FOOD SECURITY ASSISTANCE
Democratic People's Republic of Korea,2007,"40,295,474.14",GOVERNMENT AND CIVIL SOCIETY
Democratic People's Republic of Korea,2007,"45,538,039.87",DISASTER PREVENTION AND PREPAREDNESS
Democratic People's Republic of Korea,2007,"477,031,948.70",DISASTER PREVENTION AND PREPAREDNESS
Democratic Republic of the Congo,2007,"287,882,301.26",DISASTER PREVENTION AND PREPAREDNESS
Democratic Republic of the Congo,2007,"59,074,089.60",DISASTER PREVENTION AND PREPAREDNESS
Democratic Republic of the Congo,2007,"15,358,454.87",DISASTER PREVENTION AND PREPAREDNESS
Democratic Republic of the Congo,2007,"13,840,495.25",DEVELOPMENTAL FOOD AID/FOOD SECURITY ASSISTANCE
Democratic Republic of the Congo,2007,"188,922,760.20",DEVELOPMENTAL FOOD AID/FOOD SECURITY ASSISTANCE
Djibouti,2007,"121,489.15",DEVELOPMENTAL FOOD AID/FOOD SECURITY ASSISTANCE
Djibouti,2007,"404,963.82",DEVELOPMENTAL FOOD AID/FOOD SECURITY ASSISTANCE
Djibouti,2007,"121,489.15",DEVELOPMENTAL FOOD AID/FOOD SECURITY ASSISTANCE
Djibouti,2007,"12,849,495.64",DISASTER PREVENTION AND PREPAREDNESS
Dominica,2007,"179,926.44",DISASTER PREVENTION AND PREPAREDNESS
Dominica,2007,"4,731,036.69",DISASTER PREVENTION AND PREPAREDNESS
Dominica,2007,"1,799,264.38",DISASTER PREVENTION AND PREPAREDNESS
Dominica,2007,"2,018,630.03",DISASTER PREVENTION AND PREPAREDNESS
Ecuador,2007,"4,731,036.69",DISASTER PREVENTION AND PREPAREDNESS
Ecuador,2007,"4,731,036.69",DISASTER PREVENTION AND PREPAREDNESS
Ecuador,2007,"47,310,366.87",DISASTER PREVENTION AND PREPAREDNESS
Egypt,2007,"359,852,876.58",DISASTER PREVENTION AND PREPAREDNESS
Egypt,2007,"11,827,591.72",DISASTER PREVENTION AND PREPAREDNESS
Egypt,2007,"753,891.78",DEVELOPMENTAL FOOD AID/FOOD SECURITY ASSISTANCE
Equatorial Guinea,2007,"393,049,304.44",DEVELOPMENTAL FOOD AID/FOOD SECURITY ASSISTANCE
Equatorial Guinea,2007,"659,359,407.14",DEVELOPMENTAL FOOD AID/FOOD SECURITY ASSISTANCE
Equatorial Guinea,2007,"118,275.92",DEVELOPMENTAL FOOD AID/FOOD SECURITY ASSISTANCE
Equatorial Guinea,2007,"375,422.26",DEVELOPMENTAL FOOD AID/FOOD SECURITY ASSISTANCE
Equatorial Guinea,2007,"236,551.83",GOVERNMENT AND CIVIL SOCIETY
Equatorial Guinea,2007,"4,731,036.69",DISASTER PREVENTION AND PREPAREDNESS
Equatorial Guinea,2007,"7,096,555.03",DISASTER PREVENTION AND PREPAREDNESS
Eritrea,2007,"83,384,521.61",DISASTER PREVENTION AND PREPAREDNESS
Eritrea,2007,"17,992,643.83",DISASTER PREVENTION AND PREPAREDNESS
Eritrea,2007,"14,193.11",DISASTER PREVENTION AND PREPAREDNESS
Eritrea,2007,"143,941,150.63",DEVELOPMENTAL FOOD AID/FOOD SECURITY ASSISTANCE
Eritrea,2007,"11,827,591.72",DEVELOPMENTAL FOOD AID/FOOD SECURITY ASSISTANCE
Ethiopia,2007,"4,731,036.69",DEVELOPMENTAL FOOD AID/FOOD SECURITY ASSISTANCE
Ethiopia,2007,"33,286,391.08",DEVELOPMENTAL FOOD AID/FOOD SECURITY ASSISTANCE
Ethiopia,2007,"449,816.10",DEVELOPMENTAL FOOD AID/FOOD SECURITY ASSISTANCE
Ethiopia,2007,"2,698,896,574.33",DISASTER PREVENTION AND PREPAREDNESS
Ethiopia,2007,"539,779.31",DISASTER PREVENTION AND PREPAREDNESS
Ethiopia,2007,"129,083,662.01",DISASTER PREVENTION AND PREPAREDNESS
Ethiopia,2007,"104,303,203.34",DISASTER PREVENTION AND PREPAREDNESS
Fiji,2007,"4,678,087.40",DISASTER PREVENTION AND PREPAREDNESS
Fiji,2007,"8,996,321.91",DEVELOPMENTAL FOOD AID/FOOD SECURITY ASSISTANCE
Fiji,2007,"3,598,528.77",DEVELOPMENTAL FOOD AID/FOOD SECURITY ASSISTANCE
Fiji,2007,"169,628.89",DEVELOPMENTAL FOOD AID/FOOD SECURITY ASSISTANCE
Fiji,2007,"169,324.56",DEVELOPMENTAL FOOD AID/FOOD SECURITY ASSISTANCE
Fiji,2007,"64,364.03",DEVELOPMENTAL FOOD AID/FOOD SECURITY ASSISTANCE
Gabon,2007,"7,051,137.08",GOVERNMENT AND CIVIL SOCIETY
Gabon,2007,"118,275.92",DISASTER PREVENTION AND PREPAREDNESS
Ghana,2007,"528,095,003.52",DISASTER PREVENTION AND PREPAREDNESS
Ghana,2007,"44,981,609.57",DISASTER PREVENTION AND PREPAREDNESS
Ghana,2007,"6,837,204.65",DISASTER PREVENTION AND PREPAREDNESS
Ghana,2007,"53,977,931.49",DISASTER PREVENTION AND PREPAREDNESS
Ghana,2007,"424,626.39",DEVELOPMENTAL FOOD AID/FOOD SECURITY ASSISTANCE
Ghana,2007,"8,096,689.72",DEVELOPMENTAL FOOD AID/FOOD SECURITY ASSISTANCE
Ghana,2007,"8,996,321.91",DEVELOPMENTAL FOOD AID/FOOD SECURITY ASSISTANCE
Grenada,2007,"3,598,528.77",DEVELOPMENTAL FOOD AID/FOOD SECURITY ASSISTANCE
Grenada,2007,"5,397,793.15",DEVELOPMENTAL FOOD AID/FOOD SECURITY ASSISTANCE
Guinea,2007,"7,197,057.53",DISASTER PREVENTION AND PREPAREDNESS
Guinea,2007,"2,365,518.34",DISASTER PREVENTION AND PREPAREDNESS
Guinea,2007,"6,768,832.61",DISASTER PREVENTION AND PREPAREDNESS
Guinea,2007,"9,026,909.41",DISASTER PREVENTION AND PREPAREDNESS
Guinea,2007,"23,736,875.98",DISASTER PREVENTION AND PREPAREDNESS
Guinea-Bissau,2007,"107,955,862.97",DEVELOPMENTAL FOOD AID/FOOD SECURITY ASSISTANCE
Guinea-Bissau,2007,"7,197,057.53",DEVELOPMENTAL FOOD AID/FOOD SECURITY ASSISTANCE
Guinea-Bissau,2007,"23,796,165.14",DEVELOPMENTAL FOOD AID/FOOD SECURITY ASSISTANCE
Guyana,2007,"25,359,790.96",DEVELOPMENTAL FOOD AID/FOOD SECURITY ASSISTANCE
Guyana,2007,"153,758.69",DEVELOPMENTAL FOOD AID/FOOD SECURITY ASSISTANCE
Guyana,2007,"2,196,113.11",GOVERNMENT AND CIVIL SOCIETY
India,2007,"17,992,643.83",DISASTER PREVENTION AND PREPAREDNESS
India,2007,"17,992,643.83",DISASTER PREVENTION AND PREPAREDNESS
India,2007,"44,981,609.57",DISASTER PREVENTION AND PREPAREDNESS
India,2007,"59,439,984.08",DISASTER PREVENTION AND PREPAREDNESS
India,2007,"63,841,181.19",DISASTER PREVENTION AND PREPAREDNESS
Indonesia,2007,"2,365,518.34",DEVELOPMENTAL FOOD AID/FOOD SECURITY ASSISTANCE
Indonesia,2007,"709,655.50",DEVELOPMENTAL FOOD AID/FOOD SECURITY ASSISTANCE
Indonesia,2007,"2,365,518.34",DEVELOPMENTAL FOOD AID/FOOD SECURITY ASSISTANCE
Indonesia,2007,"359,852,876.58",DEVELOPMENTAL FOOD AID/FOOD SECURITY ASSISTANCE
Indonesia,2007,"387,949,707.70",DEVELOPMENTAL FOOD AID/FOOD SECURITY ASSISTANCE
Indonesia,2007,"3,832,433.14",DISASTER PREVENTION AND PREPAREDNESS
Indonesia,2007,"251,897,013.60",DISASTER PREVENTION AND PREPAREDNESS
Indonesia,2007,"8,586,831.59",DISASTER PREVENTION AND PREPAREDNESS
Indonesia,2007,"265,091,619.07",DISASTER PREVENTION AND PREPAREDNESS
Indonesia,2007,"107,955,862.97",DISASTER PREVENTION AND PREPAREDNESS
Indonesia,2007,"71,970,575.32",DEVELOPMENTAL FOOD AID/FOOD SECURITY ASSISTANCE
Indonesia,2007,"5,397,793.15",DEVELOPMENTAL FOOD AID/FOOD SECURITY ASSISTANCE
Iran,2007,"53,887,968.27",DEVELOPMENTAL FOOD AID/FOOD SECURITY ASSISTANCE
Iran,2007,"53,887,968.27",DEVELOPMENTAL FOOD AID/FOOD SECURITY ASSISTANCE
Iran,2007,"40,415,976.20",DEVELOPMENTAL FOOD AID/FOOD SECURITY ASSISTANCE
Iran,2007,"40,415,976.20",GOVERNMENT AND CIVIL SOCIETY
Iran,2007,"40,415,976.20",DISASTER PREVENTION AND PREPAREDNESS
Iran,2007,"40,415,976.20",DISASTER PREVENTION AND PREPAREDNESS
Iraq,2007,"11,827,591.72",DISASTER PREVENTION AND PREPAREDNESS
Jamaica,2007,"82,793,142.03",DISASTER PREVENTION AND PREPAREDNESS
Jordan,2007,"47,310,366.87",DISASTER PREVENTION AND PREPAREDNESS
Jordan,2007,"26,988,965.74",DEVELOPMENTAL FOOD AID/FOOD SECURITY ASSISTANCE
Jordan,2007,"4,731,036.69",DEVELOPMENTAL FOOD AID/FOOD SECURITY ASSISTANCE
Kazakhstan,2007,"61,174,989.02",DEVELOPMENTAL FOOD AID/FOOD SECURITY ASSISTANCE
Kazakhstan,2007,"712,508.70",DEVELOPMENTAL FOOD AID/FOOD SECURITY ASSISTANCE
Kazakhstan,2007,"7,197,057.53",DEVELOPMENTAL FOOD AID/FOOD SECURITY ASSISTANCE
Kazakhstan,2007,"3,238,675.89",DISASTER PREVENTION AND PREPAREDNESS
Kazakhstan,2007,"2,569,548.19",DISASTER PREVENTION AND PREPAREDNESS
Kazakhstan,2007,"114,613.14",DISASTER PREVENTION AND PREPAREDNESS
Kenya,2007,"64,141,386.32",DISASTER PREVENTION AND PREPAREDNESS
Kenya,2007,"144,797,041.42",DISASTER PREVENTION AND PREPAREDNESS
Kenya,2007,"38,753,383.94",DEVELOPMENTAL FOOD AID/FOOD SECURITY ASSISTANCE
Kenya,2007,"8,864,118.20",DEVELOPMENTAL FOOD AID/FOOD SECURITY ASSISTANCE
Kenya,2007,"3,177,500.90",DEVELOPMENTAL FOOD AID/FOOD SECURITY ASSISTANCE
Kenya,2007,"66,572,782.17",DEVELOPMENTAL FOOD AID/FOOD SECURITY ASSISTANCE
Kyrgyz Republic,2007,"11,827,591.72",DEVELOPMENTAL FOOD AID/FOOD SECURITY ASSISTANCE
Kyrgyz Republic,2007,"14,193,110.06",GOVERNMENT AND CIVIL SOCIETY
Kyrgyz Republic,2007,"6,297,425.34",DISASTER PREVENTION AND PREPAREDNESS
Kyrgyz Republic,2007,"1,619,337.94",DISASTER PREVENTION AND PREPAREDNESS
Kyrgyz Republic,2007,"7,197,057.53",DISASTER PREVENTION AND PREPAREDNESS
Lao People's Democratic Republic,2007,"118,275.92",DISASTER PREVENTION AND PREPAREDNESS
Lao People's Democratic Republic,2007,"89,963.22",DISASTER PREVENTION AND PREPAREDNESS
Lao People's Democratic Republic,2007,"179,926.44",DEVELOPMENTAL FOOD AID/FOOD SECURITY ASSISTANCE
Lao People's Democratic Republic,2007,"899,632.19",DEVELOPMENTAL FOOD AID/FOOD SECURITY ASSISTANCE
Lao People's Democratic Republic,2007,"179,926.44",DEVELOPMENTAL FOOD AID/FOOD SECURITY ASSISTANCE
Lao People's Democratic Republic,2007,"2,365,518.34",DEVELOPMENTAL FOOD AID/FOOD SECURITY ASSISTANCE
Lao People's Democratic Republic,2007,"9,462,073.37",DEVELOPMENTAL FOOD AID/FOOD SECURITY ASSISTANCE
Lao People's Democratic Republic,2007,"33,736,207.18",DISASTER PREVENTION AND PREPAREDNESS
Lebanon,2007,"4,731,036.69",DISASTER PREVENTION AND PREPAREDNESS
Lebanon,2007,"1,182,759.17",DISASTER PREVENTION AND PREPAREDNESS
Lebanon,2007,"1,182,759.17",DISASTER PREVENTION AND PREPAREDNESS
Lesotho,2007,"2,365,518.34",DISASTER PREVENTION AND PREPAREDNESS
Lesotho,2007,"11,827,591.72",DISASTER PREVENTION AND PREPAREDNESS
Lesotho,2007,"5,102,750.50",DISASTER PREVENTION AND PREPAREDNESS
Liberia,2007,"236,551.83",DISASTER PREVENTION AND PREPAREDNESS
Liberia,2007,"1,799,264.38",DISASTER PREVENTION AND PREPAREDNESS
Liberia,2007,"18,924,146.75",DISASTER PREVENTION AND PREPAREDNESS
Madagascar,2007,"4,108,810.94",DEVELOPMENTAL FOOD AID/FOOD SECURITY ASSISTANCE
Madagascar,2007,"140,342,621.86",DEVELOPMENTAL FOOD AID/FOOD SECURITY ASSISTANCE
Madagascar,2007,"91,072,456.23",DEVELOPMENTAL FOOD AID/FOOD SECURITY ASSISTANCE
Madagascar,2007,"473,103.67",DEVELOPMENTAL FOOD AID/FOOD SECURITY ASSISTANCE
Madagascar,2007,"1,079,018.85",DEVELOPMENTAL FOOD AID/FOOD SECURITY ASSISTANCE
Madagascar,2007,"473,103.67",GOVERNMENT AND CIVIL SOCIETY
Malawi,2007,"89,963,219.14",DISASTER PREVENTION AND PREPAREDNESS
Malaysia,2007,"1,439,411,506.31",DISASTER PREVENTION AND PREPAREDNESS
Maldives,2007,"7,096,555.03",DISASTER PREVENTION AND PREPAREDNESS
Maldives,2007,"8,658,959.84",DISASTER PREVENTION AND PREPAREDNESS
Mali,2007,"81,823,279.51",DISASTER PREVENTION AND PREPAREDNESS
Mali,2007,"4,731,036.69",DEVELOPMENTAL FOOD AID/FOOD SECURITY ASSISTANCE
Mali,2007,"7,096,555.03",DEVELOPMENTAL FOOD AID/FOOD SECURITY ASSISTANCE
Mali,2007,"2,365,518.34",DEVELOPMENTAL FOOD AID/FOOD SECURITY ASSISTANCE
Mali,2007,"4,731,036.69",DEVELOPMENTAL FOOD AID/FOOD SECURITY ASSISTANCE
Mali,2007,"23,655.18",DEVELOPMENTAL FOOD AID/FOOD SECURITY ASSISTANCE
Mali,2007,"47,310.37",DISASTER PREVENTION AND PREPAREDNESS
Mali,2007,"2,365,518.34",DISASTER PREVENTION AND PREPAREDNESS
Mali,2007,"81,807,572.47",DISASTER PREVENTION AND PREPAREDNESS
Mali,2007,"17,992.64",DISASTER PREVENTION AND PREPAREDNESS
Marshall Islands,2007,"269,889,657.43",DISASTER PREVENTION AND PREPAREDNESS
Marshall Islands,2007,"269,889,657.43",DEVELOPMENTAL FOOD AID/FOOD SECURITY ASSISTANCE
Marshall Islands,2007,"269,889,657.43",DEVELOPMENTAL FOOD AID/FOOD SECURITY ASSISTANCE
Mauritania,2007,"102,558,069.82",DEVELOPMENTAL FOOD AID/FOOD SECURITY ASSISTANCE
Mauritius,2007,"7,096,555.03",DEVELOPMENTAL FOOD AID/FOOD SECURITY ASSISTANCE
Mauritius,2007,"2,365,518.34",DEVELOPMENTAL FOOD AID/FOOD SECURITY ASSISTANCE
Mauritius,2007,"70,965,550.31",GOVERNMENT AND CIVIL SOCIETY
Micronesia,2007,"3,598,528.77",DISASTER PREVENTION AND PREPAREDNESS
Micronesia,2007,"4,731,036.69",DISASTER PREVENTION AND PREPAREDNESS
Micronesia,2007,"946,207.34",DISASTER PREVENTION AND PREPAREDNESS
Micronesia,2007,"2,878,823.01",DISASTER PREVENTION AND PREPAREDNESS
Micronesia,2007,"899,632.19",DISASTER PREVENTION AND PREPAREDNESS
Micronesia,2007,"1,799,264.38",DEVELOPMENTAL FOOD AID/FOOD SECURITY ASSISTANCE
Micronesia,2007,"136,744.09",DEVELOPMENTAL FOOD AID/FOOD SECURITY ASSISTANCE
Micronesia,2007,"7,916,763.28",DEVELOPMENTAL FOOD AID/FOOD SECURITY ASSISTANCE
Micronesia,2007,"89,963.22",DEVELOPMENTAL FOOD AID/FOOD SECURITY ASSISTANCE
Micronesia,2007,"557,771.96",DEVELOPMENTAL FOOD AID/FOOD SECURITY ASSISTANCE
Micronesia,2007,"431,823.45",DISASTER PREVENTION AND PREPAREDNESS
Micronesia,2007,"89,963.22",DISASTER PREVENTION AND PREPAREDNESS
Micronesia,2007,"4,498.16",DISASTER PREVENTION AND PREPAREDNESS
Micronesia,2007,"7,197,057.53",DISASTER PREVENTION AND PREPAREDNESS
Micronesia,2007,"2,159,117.26",DISASTER PREVENTION AND PREPAREDNESS
Micronesia,2007,"1,301,057.07",DEVELOPMENTAL FOOD AID/FOOD SECURITY ASSISTANCE
Moldova,2007,"3,548,277.52",DEVELOPMENTAL FOOD AID/FOOD SECURITY ASSISTANCE
Moldova,2007,"1,477,556.09",DEVELOPMENTAL FOOD AID/FOOD SECURITY ASSISTANCE
Moldova,2007,"3,548,277.52",DEVELOPMENTAL FOOD AID/FOOD SECURITY ASSISTANCE
Mongolia,2007,"4,731,036.69",DEVELOPMENTAL FOOD AID/FOOD SECURITY ASSISTANCE
Mongolia,2007,"7,556,910.41",GOVERNMENT AND CIVIL SOCIETY
Mozambique,2007,"71,970,575.32",DISASTER PREVENTION AND PREPAREDNESS
Mozambique,2007,"278,706,052.91",DISASTER PREVENTION AND PREPAREDNESS
Mozambique,2007,"13,010,350.89",DISASTER PREVENTION AND PREPAREDNESS
Mozambique,2007,"118,275,917.18",DISASTER PREVENTION AND PREPAREDNESS
Mozambique,2007,"69,546,239.30",DISASTER PREVENTION AND PREPAREDNESS
Mozambique,2007,"539,779.31",DEVELOPMENTAL FOOD AID/FOOD SECURITY ASSISTANCE
Myanmar,2007,"1,095,752,009.18",DEVELOPMENTAL FOOD AID/FOOD SECURITY ASSISTANCE
Myanmar,2007,"70,965,550.31",DEVELOPMENTAL FOOD AID/FOOD SECURITY ASSISTANCE
Myanmar,2007,"7,916,763.28",DEVELOPMENTAL FOOD AID/FOOD SECURITY ASSISTANCE
Myanmar,2007,"197,919,082.12",DEVELOPMENTAL FOOD AID/FOOD SECURITY ASSISTANCE
Myanmar,2007,"242,925,013.89",DISASTER PREVENTION AND PREPAREDNESS
Myanmar,2007,"15,473,673.69",DISASTER PREVENTION AND PREPAREDNESS
Myanmar,2007,"45,881,241.76",DISASTER PREVENTION AND PREPAREDNESS
Myanmar,2007,"144,858,775.47",DISASTER PREVENTION AND PREPAREDNESS
Namibia,2007,"179,926,438.29",DISASTER PREVENTION AND PREPAREDNESS
Namibia,2007,"9,698,625.21",DEVELOPMENTAL FOOD AID/FOOD SECURITY ASSISTANCE
Namibia,2007,"236,551,834.37",DEVELOPMENTAL FOOD AID/FOOD SECURITY ASSISTANCE
Namibia,2007,"7,096,555.03",DEVELOPMENTAL FOOD AID/FOOD SECURITY ASSISTANCE
Namibia,2007,"152,575,933.17",DEVELOPMENTAL FOOD AID/FOOD SECURITY ASSISTANCE
Namibia,2007,"183,699,017.84",DEVELOPMENTAL FOOD AID/FOOD SECURITY ASSISTANCE
Namibia,2007,"248,379.43",GOVERNMENT AND CIVIL SOCIETY
Namibia,2007,"7,096,555.03",DISASTER PREVENTION AND PREPAREDNESS
Namibia,2007,"3,808,484.53",DISASTER PREVENTION AND PREPAREDNESS
Namibia,2007,"1,346,492.10",DISASTER PREVENTION AND PREPAREDNESS
Namibia,2007,"29,622,831.50",DISASTER PREVENTION AND PREPAREDNESS
Namibia,2007,"1,655,862.84",DISASTER PREVENTION AND PREPAREDNESS
Namibia,2007,"1,038,535.40",DEVELOPMENTAL FOOD AID/FOOD SECURITY ASSISTANCE
Nepal,2007,"221,309,519.09",DEVELOPMENTAL FOOD AID/FOOD SECURITY ASSISTANCE
Nepal,2007,"2,339,043.70",DEVELOPMENTAL FOOD AID/FOOD SECURITY ASSISTANCE
Nepal,2007,"32,386.76",DEVELOPMENTAL FOOD AID/FOOD SECURITY ASSISTANCE
Nepal,2007,"6,032,071.78",DEVELOPMENTAL FOOD AID/FOOD SECURITY ASSISTANCE
Nepal,2007,"70,965.55",DISASTER PREVENTION AND PREPAREDNESS
Nepal,2007,"58,555,942.00",DISASTER PREVENTION AND PREPAREDNESS
Nepal,2007,"118,275.92",DISASTER PREVENTION AND PREPAREDNESS
Nepal,2007,"6,008,416.59",DISASTER PREVENTION AND PREPAREDNESS
Niger,2007,"6,941,850.13",DISASTER PREVENTION AND PREPAREDNESS
Niger,2007,"2,520,223.24",DEVELOPMENTAL FOOD AID/FOOD SECURITY ASSISTANCE
Niger,2007,"591,379.59",DEVELOPMENTAL FOOD AID/FOOD SECURITY ASSISTANCE
Nigeria,2007,"29,771.91",DEVELOPMENTAL FOOD AID/FOOD SECURITY ASSISTANCE
Nigeria,2007,"1,001,939.27",DEVELOPMENTAL FOOD AID/FOOD SECURITY ASSISTANCE
Nigeria,2007,"22,490,804.79",DEVELOPMENTAL FOOD AID/FOOD SECURITY ASSISTANCE
Niue,2007,"1,349,448.29",GOVERNMENT AND CIVIL SOCIETY
Niue,2007,"1,719,164.46",DISASTER PREVENTION AND PREPAREDNESS
North Macedonia,2007,"4,731,036.69",DISASTER PREVENTION AND PREPAREDNESS
North Macedonia,2007,"2,955,112.19",DISASTER PREVENTION AND PREPAREDNESS
North Macedonia,2007,"1,231,296.75",DISASTER PREVENTION AND PREPAREDNESS
"Oceania, regional",2007,"719,705.75",DISASTER PREVENTION AND PREPAREDNESS
Pakistan,2007,"236,551.83",DEVELOPMENTAL FOOD AID/FOOD SECURITY ASSISTANCE
Pakistan,2007,"359,852.88",DEVELOPMENTAL FOOD AID/FOOD SECURITY ASSISTANCE
Pakistan,2007,"544,069.22",DEVELOPMENTAL FOOD AID/FOOD SECURITY ASSISTANCE
Pakistan,2007,"719,705.75",DEVELOPMENTAL FOOD AID/FOOD SECURITY ASSISTANCE
Pakistan,2007,"7,640,624.25",DEVELOPMENTAL FOOD AID/FOOD SECURITY ASSISTANCE
Pakistan,2007,"6,304,622.40",DISASTER PREVENTION AND PREPAREDNESS
Papua New Guinea,2007,"36,345,140.53",DISASTER PREVENTION AND PREPAREDNESS
Papua New Guinea,2007,"4,498,160.96",DISASTER PREVENTION AND PREPAREDNESS
Papua New Guinea,2007,"719,705.75",DISASTER PREVENTION AND PREPAREDNESS
Peru,2007,"539,779.31",DISASTER PREVENTION AND PREPAREDNESS
Peru,2007,"4,731,036.69",DISASTER PREVENTION AND PREPAREDNESS
Peru,2007,"8,515,866.04",DISASTER PREVENTION AND PREPAREDNESS
Peru,2007,"2,365,518.34",DISASTER PREVENTION AND PREPAREDNESS
Philippines,2007,"189,241,467.49",DISASTER PREVENTION AND PREPAREDNESS
Philippines,2007,"3,316,445.81",DISASTER PREVENTION AND PREPAREDNESS
Philippines,2007,"899,632,191.44",DEVELOPMENTAL FOOD AID/FOOD SECURITY ASSISTANCE
Philippines,2007,"3,901,700.95",DEVELOPMENTAL FOOD AID/FOOD SECURITY ASSISTANCE
Philippines,2007,"166,827,793.58",DEVELOPMENTAL FOOD AID/FOOD SECURITY ASSISTANCE
Philippines,2007,"93,874,663.45",DEVELOPMENTAL FOOD AID/FOOD SECURITY ASSISTANCE
Philippines,2007,"93,874,663.45",DEVELOPMENTAL FOOD AID/FOOD SECURITY ASSISTANCE
Philippines,2007,"28,788,230.13",GOVERNMENT AND CIVIL SOCIETY
Philippines,2007,"28,788,230.13",DISASTER PREVENTION AND PREPAREDNESS
Russia,2007,"179,926,438.29",DISASTER PREVENTION AND PREPAREDNESS
Russia,2007,"89,963.22",DISASTER PREVENTION AND PREPAREDNESS
Russia,2007,"899,632,191.44",DISASTER PREVENTION AND PREPAREDNESS
Russia,2007,"76,468,736.27",DISASTER PREVENTION AND PREPAREDNESS
Rwanda,2007,"3,946,871.31",DEVELOPMENTAL FOOD AID/FOOD SECURITY ASSISTANCE
Rwanda,2007,"57,576,460.25",DEVELOPMENTAL FOOD AID/FOOD SECURITY ASSISTANCE
Samoa,2007,"359,852.88",DEVELOPMENTAL FOOD AID/FOOD SECURITY ASSISTANCE
Samoa,2007,"2,365,518.34",DEVELOPMENTAL FOOD AID/FOOD SECURITY ASSISTANCE
Samoa,2007,"899,632.19",DEVELOPMENTAL FOOD AID/FOOD SECURITY ASSISTANCE
Samoa,2007,"186,502.33",DISASTER PREVENTION AND PREPAREDNESS
Samoa,2007,"2,365,518.34",DISASTER PREVENTION AND PREPAREDNESS
Senegal,2007,"87,524,178.72",DISASTER PREVENTION AND PREPAREDNESS
Senegal,2007,"42,579,330.19",DISASTER PREVENTION AND PREPAREDNESS
Senegal,2007,"92,255,215.40",DISASTER PREVENTION AND PREPAREDNESS
Senegal,2007,"13,139,779.22",DEVELOPMENTAL FOOD AID/FOOD SECURITY ASSISTANCE
Seychelles,2007,"4,925,186.98",DEVELOPMENTAL FOOD AID/FOOD SECURITY ASSISTANCE
Seychelles,2007,"8,096,689.72",DEVELOPMENTAL FOOD AID/FOOD SECURITY ASSISTANCE
Seychelles,2007,"2,698,896.57",DEVELOPMENTAL FOOD AID/FOOD SECURITY ASSISTANCE
Seychelles,2007,"11,827,591.72",DEVELOPMENTAL FOOD AID/FOOD SECURITY ASSISTANCE
Seychelles,2007,"46,780,873.95",GOVERNMENT AND CIVIL SOCIETY
Seychelles,2007,"16,558,628.41",DISASTER PREVENTION AND PREPAREDNESS
Seychelles,2007,"26,765.44",DISASTER PREVENTION AND PREPAREDNESS
Sierra Leone,2007,"27,436,254.45",DISASTER PREVENTION AND PREPAREDNESS
Sierra Leone,2007,"43,105,563.40",DISASTER PREVENTION AND PREPAREDNESS
Somalia,2007,"2,698,896.57",DISASTER PREVENTION AND PREPAREDNESS
Somalia,2007,"237,502.90",DEVELOPMENTAL FOOD AID/FOOD SECURITY ASSISTANCE
South Africa,2007,"714,385.07",DEVELOPMENTAL FOOD AID/FOOD SECURITY ASSISTANCE
South Africa,2007,"7,096,555.03",DEVELOPMENTAL FOOD AID/FOOD SECURITY ASSISTANCE
South Sudan,2007,"709,655.50",DEVELOPMENTAL FOOD AID/FOOD SECURITY ASSISTANCE
Sri Lanka,2007,"551,882,491.36",DEVELOPMENTAL FOOD AID/FOOD SECURITY ASSISTANCE
Sri Lanka,2007,"61,628,564.84",DISASTER PREVENTION AND PREPAREDNESS
Sri Lanka,2007,"43,288,381.54",DISASTER PREVENTION AND PREPAREDNESS
Sri Lanka,2007,"12,954,703.56",DISASTER PREVENTION AND PREPAREDNESS
Sri Lanka,2007,"11,354,488.05",DISASTER PREVENTION AND PREPAREDNESS
Sudan,2007,"1,975,831,018.81",DISASTER PREVENTION AND PREPAREDNESS
Sudan,2007,"23,655,183.44",DEVELOPMENTAL FOOD AID/FOOD SECURITY ASSISTANCE
Sudan,2007,"111,179,362.15",DEVELOPMENTAL FOOD AID/FOOD SECURITY ASSISTANCE
Sudan,2007,"9,462,073.37",DEVELOPMENTAL FOOD AID/FOOD SECURITY ASSISTANCE
Sudan,2007,"1,619,337.94",DEVELOPMENTAL FOOD AID/FOOD SECURITY ASSISTANCE
Sudan,2007,"1,799,264.38",DEVELOPMENTAL FOOD AID/FOOD SECURITY ASSISTANCE
Sudan,2007,"4,731,036.69",GOVERNMENT AND CIVIL SOCIETY
Sudan,2007,"141,931,100.62",DISASTER PREVENTION AND PREPAREDNESS
Sudan,2007,"14,193,110.06",DISASTER PREVENTION AND PREPAREDNESS
Sudan,2007,"269,889.66",DISASTER PREVENTION AND PREPAREDNESS
Sudan,2007,"359,852.88",DISASTER PREVENTION AND PREPAREDNESS
Sudan,2007,"53,977.93",DISASTER PREVENTION AND PREPAREDNESS
Sudan,2007,"899,632.19",DEVELOPMENTAL FOOD AID/FOOD SECURITY ASSISTANCE
Sudan,2007,"19,791.91",DEVELOPMENTAL FOOD AID/FOOD SECURITY ASSISTANCE
Sudan,2007,"4,731,036.69",DEVELOPMENTAL FOOD AID/FOOD SECURITY ASSISTANCE
Sudan,2007,"4,318,234.52",DEVELOPMENTAL FOOD AID/FOOD SECURITY ASSISTANCE
Sudan,2007,"12,215,191.50",DEVELOPMENTAL FOOD AID/FOOD SECURITY ASSISTANCE
Sudan,2007,"2,518,970.14",DISASTER PREVENTION AND PREPAREDNESS
Sudan,2007,"107,955.86",DISASTER PREVENTION AND PREPAREDNESS
Sudan,2007,"37,146,892.74",DISASTER PREVENTION AND PREPAREDNESS
Sudan,2007,"4,731,036.69",DISASTER PREVENTION AND PREPAREDNESS
Sudan,2007,"34,186,023.27",DISASTER PREVENTION AND PREPAREDNESS
Suriname,2007,"4,318,234.52",DEVELOPMENTAL FOOD AID/FOOD SECURITY ASSISTANCE
Suriname,2007,"5,757,646.03",DEVELOPMENTAL FOOD AID/FOOD SECURITY ASSISTANCE
Tajikistan,2007,"16,558,628.41",DEVELOPMENTAL FOOD AID/FOOD SECURITY ASSISTANCE
Tajikistan,2007,"4,929,491.41",DEVELOPMENTAL FOOD AID/FOOD SECURITY ASSISTANCE
Tajikistan,2007,"359,852,876.58",DEVELOPMENTAL FOOD AID/FOOD SECURITY ASSISTANCE
Tajikistan,2007,"18,687,594.92",GOVERNMENT AND CIVIL SOCIETY
Tanzania,2007,"8,120,160.65",DISASTER PREVENTION AND PREPAREDNESS
Thailand,2007,"1,892,414.67",DISASTER PREVENTION AND PREPAREDNESS
Thailand,2007,"1,042,611,159.43",DISASTER PREVENTION AND PREPAREDNESS
Thailand,2007,"719,705,753.15",DISASTER PREVENTION AND PREPAREDNESS
Timor-Leste,2007,"12,379,111.74",DISASTER PREVENTION AND PREPAREDNESS
Togo,2007,"11,262.67",DEVELOPMENTAL FOOD AID/FOOD SECURITY ASSISTANCE
Togo,2007,"35,246,223.32",DEVELOPMENTAL FOOD AID/FOOD SECURITY ASSISTANCE
Togo,2007,"4,021,381.18",DEVELOPMENTAL FOOD AID/FOOD SECURITY ASSISTANCE
Togo,2007,"2,365,518.34",DEVELOPMENTAL FOOD AID/FOOD SECURITY ASSISTANCE
Tonga,2007,"104,082,807.12",DEVELOPMENTAL FOOD AID/FOOD SECURITY ASSISTANCE
Tonga,2007,"4,731,036.69",DISASTER PREVENTION AND PREPAREDNESS
Tunisia,2007,"4,731,036.69",DISASTER PREVENTION AND PREPAREDNESS
Tunisia,2007,"4,967,588.52",DISASTER PREVENTION AND PREPAREDNESS
Turkey,2007,"1,295,470,355.68",DISASTER PREVENTION AND PREPAREDNESS
Turkmenistan,2007,"539,779,314.87",DISASTER PREVENTION AND PREPAREDNESS
Turkmenistan,2007,"70,859,101.99",DEVELOPMENTAL FOOD AID/FOOD SECURITY ASSISTANCE
Turkmenistan,2007,"430,668,324.16",DEVELOPMENTAL FOOD AID/FOOD SECURITY ASSISTANCE
Turkmenistan,2007,"109,110,990.71",DEVELOPMENTAL FOOD AID/FOOD SECURITY ASSISTANCE
Uganda,2007,"30,587,494.51",DEVELOPMENTAL FOOD AID/FOOD SECURITY ASSISTANCE
Uganda,2007,"179,926.44",DEVELOPMENTAL FOOD AID/FOOD SECURITY ASSISTANCE
Uganda,2007,"71,914,213.36",GOVERNMENT AND CIVIL SOCIETY
Uganda,2007,"12,234,997.80",DISASTER PREVENTION AND PREPAREDNESS
Uganda,2007,"1,108,346.86",DISASTER PREVENTION AND PREPAREDNESS
Uganda,2007,"9,858,169.55",DISASTER PREVENTION AND PREPAREDNESS
Uganda,2007,"70,965.55",DISASTER PREVENTION AND PREPAREDNESS
Uganda,2007,"56,772,440.25",DISASTER PREVENTION AND PREPAREDNESS
Uganda,2007,"709,655.50",DEVELOPMENTAL FOOD AID/FOOD SECURITY ASSISTANCE
Uganda,2007,"2,385,975.71",DEVELOPMENTAL FOOD AID/FOOD SECURITY ASSISTANCE
Ukraine,2007,"4,731,036.69",DEVELOPMENTAL FOOD AID/FOOD SECURITY ASSISTANCE
Uruguay,2007,"89,963.22",DEVELOPMENTAL FOOD AID/FOOD SECURITY ASSISTANCE
Uzbekistan,2007,"319,552,866.56",DEVELOPMENTAL FOOD AID/FOOD SECURITY ASSISTANCE
Uzbekistan,2007,"75,029,324.77",DISASTER PREVENTION AND PREPAREDNESS
Uzbekistan,2007,"28,008,231.02",DISASTER PREVENTION AND PREPAREDNESS
Uzbekistan,2007,"31,115,582.83",DISASTER PREVENTION AND PREPAREDNESS
Uzbekistan,2007,"15,274,854.98",DISASTER PREVENTION AND PREPAREDNESS
Uzbekistan,2007,"14,193,110.06",DISASTER PREVENTION AND PREPAREDNESS
Uzbekistan,2007,"107,955,862.97",DISASTER PREVENTION AND PREPAREDNESS
Vanuatu,2007,"16,085,524.74",DISASTER PREVENTION AND PREPAREDNESS
Vanuatu,2007,"8,798,402.83",DISASTER PREVENTION AND PREPAREDNESS
Vanuatu,2007,"9,462,073.37",DISASTER PREVENTION AND PREPAREDNESS
Venezuela,2007,"7,197,057,531.54",DISASTER PREVENTION AND PREPAREDNESS
Venezuela,2007,"89,963,219,144.21",DEVELOPMENTAL FOOD AID/FOOD SECURITY ASSISTANCE
Viet Nam,2007,"693,112,625.57",DEVELOPMENTAL FOOD AID/FOOD SECURITY ASSISTANCE
Viet Nam,2007,"640,165,672.58",DEVELOPMENTAL FOOD AID/FOOD SECURITY ASSISTANCE
Viet Nam,2007,"5,397,793.15",DEVELOPMENTAL FOOD AID/FOOD SECURITY ASSISTANCE
West Bank and Gaza Strip,2007,"18,924,146.75",DEVELOPMENTAL FOOD AID/FOOD SECURITY ASSISTANCE
Yemen,2007,"8,996,321.91",GOVERNMENT AND CIVIL SOCIETY
Yemen,2007,"16,558,628.41",DISASTER PREVENTION AND PREPAREDNESS
Yemen,2007,"4,731,036.69",DISASTER PREVENTION AND PREPAREDNESS
Yemen,2007,"9,462,073.37",DISASTER PREVENTION AND PREPAREDNESS
Yemen,2007,"106,572,534.54",DISASTER PREVENTION AND PREPAREDNESS
Yemen,2007,"8,996,321.91",DISASTER PREVENTION AND PREPAREDNESS
Zambia,2007,"71,788,849.61",DEVELOPMENTAL FOOD AID/FOOD SECURITY ASSISTANCE
Zambia,2007,"20,343,457.76",DEVELOPMENTAL FOOD AID/FOOD SECURITY ASSISTANCE
Zambia,2007,"10,795,586.30",DEVELOPMENTAL FOOD AID/FOOD SECURITY ASSISTANCE
Zambia,2007,"269,889.66",DEVELOPMENTAL FOOD AID/FOOD SECURITY ASSISTANCE
Zambia,2007,"46,600,947.52",DEVELOPMENTAL FOOD AID/FOOD SECURITY ASSISTANCE
Zambia,2007,"35,482,775.16",DISASTER PREVENTION AND PREPAREDNESS
Zimbabwe,2007,"3,986.89",DISASTER PREVENTION AND PREPAREDNESS
Zimbabwe,2007,"899,632.19",DISASTER PREVENTION AND PREPAREDNESS
Zimbabwe,2007,"2,365,518.34",DISASTER PREVENTION AND PREPAREDNESS
Zimbabwe,2007,"431,823,451.89",DISASTER PREVENTION AND PREPAREDNESS
Zimbabwe,2007,"24,205,148.71",DEVELOPMENTAL FOOD AID/FOOD SECURITY ASSISTANCE
Zimbabwe,2007,"107,955,862.97",DEVELOPMENTAL FOOD AID/FOOD SECURITY ASSISTANCE
Afghanistan,2006,"2,031,949.09",DEVELOPMENTAL FOOD AID/FOOD SECURITY ASSISTANCE
Afghanistan,2006,"20,389,898.50",DEVELOPMENTAL FOOD AID/FOOD SECURITY ASSISTANCE
Afghanistan,2006,"4,226,454.10",DEVELOPMENTAL FOOD AID/FOOD SECURITY ASSISTANCE
"Africa, regional",2006,"1,015,974.54",GOVERNMENT AND CIVIL SOCIETY
"Africa, regional",2006,"10,159,745.43",DISASTER PREVENTION AND PREPAREDNESS
"Africa, regional",2006,"203,898,985.03",DISASTER PREVENTION AND PREPAREDNESS
"Africa, regional",2006,"60,958,472.56",DISASTER PREVENTION AND PREPAREDNESS
"Africa, regional",2006,"178,433,220.68",DISASTER PREVENTION AND PREPAREDNESS
"Africa, regional",2006,"2,031,949.09",DISASTER PREVENTION AND PREPAREDNESS
Albania,2006,"2,548,737.31",DEVELOPMENTAL FOOD AID/FOOD SECURITY ASSISTANCE
Angola,2006,"88,389,785.21",DEVELOPMENTAL FOOD AID/FOOD SECURITY ASSISTANCE
Angola,2006,"406,389.82",DEVELOPMENTAL FOOD AID/FOOD SECURITY ASSISTANCE
Angola,2006,"17,612,184.64",DEVELOPMENTAL FOOD AID/FOOD SECURITY ASSISTANCE
Angola,2006,"126,360,943.83",DEVELOPMENTAL FOOD AID/FOOD SECURITY ASSISTANCE
Angola,2006,"170,499,215.48",DISASTER PREVENTION AND PREPAREDNESS
Angola,2006,"123,099,181.90",DISASTER PREVENTION AND PREPAREDNESS
Angola,2006,"135,933,647.91",DISASTER PREVENTION AND PREPAREDNESS
Angola,2006,"124,345,694.03",DISASTER PREVENTION AND PREPAREDNESS
Angola,2006,"137,660,123.52",DISASTER PREVENTION AND PREPAREDNESS
Angola,2006,"107,431,610.66",DEVELOPMENTAL FOOD AID/FOOD SECURITY ASSISTANCE
Angola,2006,"416,549,562.48",DEVELOPMENTAL FOOD AID/FOOD SECURITY ASSISTANCE
Angola,2006,"406,389,817.05",DEVELOPMENTAL FOOD AID/FOOD SECURITY ASSISTANCE
Angola,2006,"152,396,181.39",DEVELOPMENTAL FOOD AID/FOOD SECURITY ASSISTANCE
Angola,2006,"154,428,130.48",DEVELOPMENTAL FOOD AID/FOOD SECURITY ASSISTANCE
Angola,2006,"292,600,668.28",GOVERNMENT AND CIVIL SOCIETY
Angola,2006,"764,621.19",DISASTER PREVENTION AND PREPAREDNESS
Antigua and Barbuda,2006,"41,391,555.44",DISASTER PREVENTION AND PREPAREDNESS
Antigua and Barbuda,2006,"2,539,936.36",DISASTER PREVENTION AND PREPAREDNESS
"Asia, regional",2006,"6,034,888.78",DISASTER PREVENTION AND PREPAREDNESS
Bahamas,2006,"8,283,396.27",DISASTER PREVENTION AND PREPAREDNESS
Bahamas,2006,"6,095.85",DEVELOPMENTAL FOOD AID/FOOD SECURITY ASSISTANCE
Bangladesh,2006,"12,743,686.56",DEVELOPMENTAL FOOD AID/FOOD SECURITY ASSISTANCE
Belarus,2006,"12,191,694.51",DEVELOPMENTAL FOOD AID/FOOD SECURITY ASSISTANCE
Benin,2006,"7,646,211.94",DEVELOPMENTAL FOOD AID/FOOD SECURITY ASSISTANCE
Benin,2006,"5,097,474.63",DEVELOPMENTAL FOOD AID/FOOD SECURITY ASSISTANCE
Benin,2006,"509,747.46",DISASTER PREVENTION AND PREPAREDNESS
Benin,2006,"2,020,834.50",DISASTER PREVENTION AND PREPAREDNESS
Bolivia,2006,"2,438,338.90",DISASTER PREVENTION AND PREPAREDNESS
Bosnia and Herzegovina,2006,"254,873.73",DISASTER PREVENTION AND PREPAREDNESS
Botswana,2006,"16,235,273.19",DISASTER PREVENTION AND PREPAREDNESS
Botswana,2006,"243,833.89",DEVELOPMENTAL FOOD AID/FOOD SECURITY ASSISTANCE
Botswana,2006,"38,231,059.69",DEVELOPMENTAL FOOD AID/FOOD SECURITY ASSISTANCE
Burundi,2006,"7,646,211.94",DEVELOPMENTAL FOOD AID/FOOD SECURITY ASSISTANCE
Burundi,2006,"7,646,211.94",DEVELOPMENTAL FOOD AID/FOOD SECURITY ASSISTANCE
Burundi,2006,"406,389.82",DEVELOPMENTAL FOOD AID/FOOD SECURITY ASSISTANCE
Burundi,2006,"1,015,974.54",GOVERNMENT AND CIVIL SOCIETY
Cabo Verde,2006,"203,194.91",DISASTER PREVENTION AND PREPAREDNESS
Cabo Verde,2006,"5,098,092.02",DISASTER PREVENTION AND PREPAREDNESS
Cambodia,2006,"63,718,432.82",DISASTER PREVENTION AND PREPAREDNESS
Cambodia,2006,"30,479.24",DISASTER PREVENTION AND PREPAREDNESS
Cambodia,2006,"25,487,373.13",DISASTER PREVENTION AND PREPAREDNESS
Cambodia,2006,"76,462.12",DEVELOPMENTAL FOOD AID/FOOD SECURITY ASSISTANCE
Cambodia,2006,"1,146,931.79",DEVELOPMENTAL FOOD AID/FOOD SECURITY ASSISTANCE
Cameroon,2006,"1,865,385.69",DEVELOPMENTAL FOOD AID/FOOD SECURITY ASSISTANCE
Cameroon,2006,"33,133.59",DEVELOPMENTAL FOOD AID/FOOD SECURITY ASSISTANCE
Central African Republic,2006,"10,500,797.73",DEVELOPMENTAL FOOD AID/FOOD SECURITY ASSISTANCE
Central African Republic,2006,"25,487,373.13",DISASTER PREVENTION AND PREPAREDNESS
Central African Republic,2006,"202,083.45",DISASTER PREVENTION AND PREPAREDNESS
Central African Republic,2006,"203,898.99",DISASTER PREVENTION AND PREPAREDNESS
Chile,2006,"670,543,198.13",DISASTER PREVENTION AND PREPAREDNESS
Colombia,2006,"1,260.16",DISASTER PREVENTION AND PREPAREDNESS
Comoros,2006,"2,803,611.04",DEVELOPMENTAL FOOD AID/FOOD SECURITY ASSISTANCE
Congo,2006,"8,938,306.42",DEVELOPMENTAL FOOD AID/FOOD SECURITY ASSISTANCE
Congo,2006,"63,718,432.82",DEVELOPMENTAL FOOD AID/FOOD SECURITY ASSISTANCE
Congo,2006,"172,715,672.25",DEVELOPMENTAL FOOD AID/FOOD SECURITY ASSISTANCE
Congo,2006,"107,693,301.52",DEVELOPMENTAL FOOD AID/FOOD SECURITY ASSISTANCE
Congo,2006,"3,251,118,536.41",GOVERNMENT AND CIVIL SOCIETY
Congo,2006,"52,830,676.22",DISASTER PREVENTION AND PREPAREDNESS
Congo,2006,"91,437,708.84",DISASTER PREVENTION AND PREPAREDNESS
Congo,2006,"154,428,130.48",DISASTER PREVENTION AND PREPAREDNESS
Congo,2006,"140,204,486.88",DISASTER PREVENTION AND PREPAREDNESS
Cook Islands,2006,"2,548,737.31",DISASTER PREVENTION AND PREPAREDNESS
Cook Islands,2006,"5,097,474.63",DEVELOPMENTAL FOOD AID/FOOD SECURITY ASSISTANCE
Cote d'Ivoire,2006,"60,958,472.56",DEVELOPMENTAL FOOD AID/FOOD SECURITY ASSISTANCE
Cote d'Ivoire,2006,"11,658,660.55",DEVELOPMENTAL FOOD AID/FOOD SECURITY ASSISTANCE
Cote d'Ivoire,2006,"5,829,330.28",DEVELOPMENTAL FOOD AID/FOOD SECURITY ASSISTANCE
Cote d'Ivoire,2006,"254,873.73",DEVELOPMENTAL FOOD AID/FOOD SECURITY ASSISTANCE
Cote d'Ivoire,2006,"3,886,220.18",DISASTER PREVENTION AND PREPAREDNESS
Democratic People's Republic of Korea,2006,"127,436.87",DISASTER PREVENTION AND PREPAREDNESS
Democratic People's Republic of Korea,2006,"10,194,949.25",DISASTER PREVENTION AND PREPAREDNESS
Democratic People's Republic of Korea,2006,"40,281,837.39",DISASTER PREVENTION AND PREPAREDNESS
Democratic People's Republic of Korea,2006,"15,191,256.43",DISASTER PREVENTION AND PREPAREDNESS
Democratic People's Republic of Korea,2006,"9,155,137.75",DISASTER PREVENTION AND PREPAREDNESS
Democratic People's Republic of Korea,2006,"491,880,518.90",DISASTER PREVENTION AND PREPAREDNESS
Democratic Republic of the Congo,2006,"9,143,770.88",DISASTER PREVENTION AND PREPAREDNESS
Democratic Republic of the Congo,2006,"215,386,603.04",DISASTER PREVENTION AND PREPAREDNESS
Democratic Republic of the Congo,2006,"6,949,783.90",DISASTER PREVENTION AND PREPAREDNESS
Democratic Republic of the Congo,2006,"63,718,432.82",DEVELOPMENTAL FOOD AID/FOOD SECURITY ASSISTANCE
Democratic Republic of the Congo,2006,"121,916,945.12",DEVELOPMENTAL FOOD AID/FOOD SECURITY ASSISTANCE
Djibouti,2006,"37,164,348.77",DEVELOPMENTAL FOOD AID/FOOD SECURITY ASSISTANCE
Dominica,2006,"2,496,611.44",DEVELOPMENTAL FOOD AID/FOOD SECURITY ASSISTANCE
Ecuador,2006,"2,548,737.31",DEVELOPMENTAL FOOD AID/FOOD SECURITY ASSISTANCE
Ecuador,2006,"2,548,737.31",GOVERNMENT AND CIVIL SOCIETY
Ecuador,2006,"5,097,474.63",DISASTER PREVENTION AND PREPAREDNESS
Ecuador,2006,"183,509.09",DISASTER PREVENTION AND PREPAREDNESS
Egypt,2006,"8,920,580.59",DISASTER PREVENTION AND PREPAREDNESS
Egypt,2006,"12,743,686.56",DISASTER PREVENTION AND PREPAREDNESS
Equatorial Guinea,2006,"34,786,968.34",DISASTER PREVENTION AND PREPAREDNESS
Equatorial Guinea,2006,"4,063,898,170.51",DEVELOPMENTAL FOOD AID/FOOD SECURITY ASSISTANCE
Equatorial Guinea,2006,"121,916,945.12",DEVELOPMENTAL FOOD AID/FOOD SECURITY ASSISTANCE
Eritrea,2006,"42,309,039.39",DEVELOPMENTAL FOOD AID/FOOD SECURITY ASSISTANCE
Ethiopia,2006,"25,487,373.13",DEVELOPMENTAL FOOD AID/FOOD SECURITY ASSISTANCE
Ethiopia,2006,"59,293.57",DEVELOPMENTAL FOOD AID/FOOD SECURITY ASSISTANCE
Ethiopia,2006,"5,348,047.29",DISASTER PREVENTION AND PREPAREDNESS
Ethiopia,2006,"101,597.45",DISASTER PREVENTION AND PREPAREDNESS
Ethiopia,2006,"2,548,737.31",DISASTER PREVENTION AND PREPAREDNESS
Ethiopia,2006,"1,015,974,542.63",DISASTER PREVENTION AND PREPAREDNESS
Ethiopia,2006,"12,743,686.56",DISASTER PREVENTION AND PREPAREDNESS
Ethiopia,2006,"31,698,855.81",DEVELOPMENTAL FOOD AID/FOOD SECURITY ASSISTANCE
Ethiopia,2006,"20,319,490.85",DEVELOPMENTAL FOOD AID/FOOD SECURITY ASSISTANCE
Ethiopia,2006,"702,979.20",DEVELOPMENTAL FOOD AID/FOOD SECURITY ASSISTANCE
Fiji,2006,"2,377,380.43",DEVELOPMENTAL FOOD AID/FOOD SECURITY ASSISTANCE
Fiji,2006,"42,054,165.66",DEVELOPMENTAL FOOD AID/FOOD SECURITY ASSISTANCE
Fiji,2006,"365,750.84",GOVERNMENT AND CIVIL SOCIETY
Fiji,2006,"22,302.67",DISASTER PREVENTION AND PREPAREDNESS
Fiji,2006,"58,640.02",DISASTER PREVENTION AND PREPAREDNESS
Fiji,2006,"24,277.73",DISASTER PREVENTION AND PREPAREDNESS
Fiji,2006,"587,407.88",DISASTER PREVENTION AND PREPAREDNESS
Gabon,2006,"5,097,474.63",DISASTER PREVENTION AND PREPAREDNESS
Gabon,2006,"12,743,686.56",DEVELOPMENTAL FOOD AID/FOOD SECURITY ASSISTANCE
Georgia,2006,"5,097,474.63",DEVELOPMENTAL FOOD AID/FOOD SECURITY ASSISTANCE
Ghana,2006,"164,587,875.91",DEVELOPMENTAL FOOD AID/FOOD SECURITY ASSISTANCE
Ghana,2006,"134,108,639.63",DEVELOPMENTAL FOOD AID/FOOD SECURITY ASSISTANCE
Ghana,2006,"509,747.46",DEVELOPMENTAL FOOD AID/FOOD SECURITY ASSISTANCE
Ghana,2006,"7,619,809.07",DISASTER PREVENTION AND PREPAREDNESS
Ghana,2006,"60,958,472.56",DISASTER PREVENTION AND PREPAREDNESS
Ghana,2006,"77,214,065.24",DISASTER PREVENTION AND PREPAREDNESS
Ghana,2006,"7,619,809.07",DISASTER PREVENTION AND PREPAREDNESS
Grenada,2006,"6,095,847.26",DISASTER PREVENTION AND PREPAREDNESS
Grenada,2006,"2,031,949.09",DEVELOPMENTAL FOOD AID/FOOD SECURITY ASSISTANCE
Grenada,2006,"6,095,847.26",DEVELOPMENTAL FOOD AID/FOOD SECURITY ASSISTANCE
Grenada,2006,"4,063,898.17",DEVELOPMENTAL FOOD AID/FOOD SECURITY ASSISTANCE
Grenada,2006,"96,517,581.55",DEVELOPMENTAL FOOD AID/FOOD SECURITY ASSISTANCE
Guinea,2006,"81,844.71",DEVELOPMENTAL FOOD AID/FOOD SECURITY ASSISTANCE
Guinea,2006,"122,767.06",GOVERNMENT AND CIVIL SOCIETY
Guinea,2006,"18,287,541.77",DISASTER PREVENTION AND PREPAREDNESS
Guinea,2006,"8,127,796.34",DISASTER PREVENTION AND PREPAREDNESS
Guinea,2006,"5,097,248.52",DISASTER PREVENTION AND PREPAREDNESS
Guinea,2006,"253,993.64",DISASTER PREVENTION AND PREPAREDNESS
Guinea,2006,"3,047,923.63",DISASTER PREVENTION AND PREPAREDNESS
Guinea,2006,"5,096,128.31",DEVELOPMENTAL FOOD AID/FOOD SECURITY ASSISTANCE
Guinea-Bissau,2006,"812,779.63",DEVELOPMENTAL FOOD AID/FOOD SECURITY ASSISTANCE
India,2006,"60,958,472.56",DEVELOPMENTAL FOOD AID/FOOD SECURITY ASSISTANCE
India,2006,"60,958,472.56",DEVELOPMENTAL FOOD AID/FOOD SECURITY ASSISTANCE
India,2006,"33,872,591.25",DEVELOPMENTAL FOOD AID/FOOD SECURITY ASSISTANCE
India,2006,"33,872,591.25",DISASTER PREVENTION AND PREPAREDNESS
India,2006,"11,175,719.97",DISASTER PREVENTION AND PREPAREDNESS
India,2006,"27,708,396.54",DISASTER PREVENTION AND PREPAREDNESS
Indonesia,2006,"5,097,474.63",DISASTER PREVENTION AND PREPAREDNESS
Indonesia,2006,"2,548,737.31",DISASTER PREVENTION AND PREPAREDNESS
Indonesia,2006,"4,063,898.17",DEVELOPMENTAL FOOD AID/FOOD SECURITY ASSISTANCE
Indonesia,2006,"609,584,725.58",DEVELOPMENTAL FOOD AID/FOOD SECURITY ASSISTANCE
Indonesia,2006,"914,377.09",DEVELOPMENTAL FOOD AID/FOOD SECURITY ASSISTANCE
Indonesia,2006,"2,641,533,810.83",DEVELOPMENTAL FOOD AID/FOOD SECURITY ASSISTANCE
Indonesia,2006,"19,158,377.09",DEVELOPMENTAL FOOD AID/FOOD SECURITY ASSISTANCE
Iran,2006,"1,366,180,967.47",GOVERNMENT AND CIVIL SOCIETY
Jamaica,2006,"27,607,921.54",DISASTER PREVENTION AND PREPAREDNESS
Jamaica,2006,"44,944,413.60",DISASTER PREVENTION AND PREPAREDNESS
Jordan,2006,"5,097,474.63",DISASTER PREVENTION AND PREPAREDNESS
Kazakhstan,2006,"1,274,368.66",DISASTER PREVENTION AND PREPAREDNESS
Kazakhstan,2006,"406,389,817.05",DISASTER PREVENTION AND PREPAREDNESS
Kazakhstan,2006,"406,389,817.05",DEVELOPMENTAL FOOD AID/FOOD SECURITY ASSISTANCE
Kazakhstan,2006,"111,757,199.69",DEVELOPMENTAL FOOD AID/FOOD SECURITY ASSISTANCE
Kazakhstan,2006,"2,563,357.55",DEVELOPMENTAL FOOD AID/FOOD SECURITY ASSISTANCE
Kazakhstan,2006,"1,611,538.82",DEVELOPMENTAL FOOD AID/FOOD SECURITY ASSISTANCE
Kazakhstan,2006,"403,043.64",DEVELOPMENTAL FOOD AID/FOOD SECURITY ASSISTANCE
Kazakhstan,2006,"129,435.16",DISASTER PREVENTION AND PREPAREDNESS
Kazakhstan,2006,"114,398.73",DISASTER PREVENTION AND PREPAREDNESS
Kazakhstan,2006,"30,479,236.28",DISASTER PREVENTION AND PREPAREDNESS
Kazakhstan,2006,"3,474,632,935.79",DISASTER PREVENTION AND PREPAREDNESS
Kenya,2006,"44,313,003.97",DISASTER PREVENTION AND PREPAREDNESS
Kenya,2006,"14,382,665.82",DEVELOPMENTAL FOOD AID/FOOD SECURITY ASSISTANCE
Kenya,2006,"1,274,368.66",DEVELOPMENTAL FOOD AID/FOOD SECURITY ASSISTANCE
Kenya,2006,"127,436.87",DEVELOPMENTAL FOOD AID/FOOD SECURITY ASSISTANCE
Kenya,2006,"39,463,474.66",DEVELOPMENTAL FOOD AID/FOOD SECURITY ASSISTANCE
Kenya,2006,"42,301,958.30",DEVELOPMENTAL FOOD AID/FOOD SECURITY ASSISTANCE
Kyrgyz Republic,2006,"3,657,508.35",GOVERNMENT AND CIVIL SOCIETY
Kyrgyz Republic,2006,"142,277,074.95",DISASTER PREVENTION AND PREPAREDNESS
Kyrgyz Republic,2006,"17,841,161.19",DISASTER PREVENTION AND PREPAREDNESS
Kyrgyz Republic,2006,"13,492,666.17",DISASTER PREVENTION AND PREPAREDNESS
Lao People's Democratic Republic,2006,"91,437,708.84",DISASTER PREVENTION AND PREPAREDNESS
Lao People's Democratic Republic,2006,"44,702,879.88",DISASTER PREVENTION AND PREPAREDNESS
Lao People's Democratic Republic,2006,"2,641,533.81",DEVELOPMENTAL FOOD AID/FOOD SECURITY ASSISTANCE
Lao People's Democratic Republic,2006,"71,364,644.76",DEVELOPMENTAL FOOD AID/FOOD SECURITY ASSISTANCE
Lao People's Democratic Republic,2006,"20,135,024.77",DEVELOPMENTAL FOOD AID/FOOD SECURITY ASSISTANCE
Lebanon,2006,"5,097,474.63",DEVELOPMENTAL FOOD AID/FOOD SECURITY ASSISTANCE
Lebanon,2006,"2,548,737.31",DEVELOPMENTAL FOOD AID/FOOD SECURITY ASSISTANCE
Lebanon,2006,"5,097,474.63",DISASTER PREVENTION AND PREPAREDNESS
Lesotho,2006,"5,097,474.63",DISASTER PREVENTION AND PREPAREDNESS
Lesotho,2006,"2,888,192.48",DISASTER PREVENTION AND PREPAREDNESS
Lesotho,2006,"2,031,949.09",DISASTER PREVENTION AND PREPAREDNESS
Liberia,2006,"2,031,949.09",DISASTER PREVENTION AND PREPAREDNESS
Liberia,2006,"50,798,727.13",DISASTER PREVENTION AND PREPAREDNESS
Liberia,2006,"10,159,745.43",DISASTER PREVENTION AND PREPAREDNESS
Liberia,2006,"2,031,949.09",DISASTER PREVENTION AND PREPAREDNESS
Liberia,2006,"507,987.27",DISASTER PREVENTION AND PREPAREDNESS
Liberia,2006,"44,296,490.06",DISASTER PREVENTION AND PREPAREDNESS
Liberia,2006,"60,958.47",DEVELOPMENTAL FOOD AID/FOOD SECURITY ASSISTANCE
Liberia,2006,"254,873.73",DEVELOPMENTAL FOOD AID/FOOD SECURITY ASSISTANCE
Liberia,2006,"10,159,745.43",DEVELOPMENTAL FOOD AID/FOOD SECURITY ASSISTANCE
Liberia,2006,"8,127,796.34",DEVELOPMENTAL FOOD AID/FOOD SECURITY ASSISTANCE
Madagascar,2006,"17,841,161.19",DEVELOPMENTAL FOOD AID/FOOD SECURITY ASSISTANCE
Madagascar,2006,"45,951,185.01",GOVERNMENT AND CIVIL SOCIETY
Malaysia,2006,"20,319,490.85",DISASTER PREVENTION AND PREPAREDNESS
Malaysia,2006,"50,798,727.13",DISASTER PREVENTION AND PREPAREDNESS
Maldives,2006,"65,085,869.14",DISASTER PREVENTION AND PREPAREDNESS
Maldives,2006,"409,485.36",DISASTER PREVENTION AND PREPAREDNESS
Mali,2006,"7,646,211.94",DISASTER PREVENTION AND PREPAREDNESS
Mali,2006,"7,646,211.94",DEVELOPMENTAL FOOD AID/FOOD SECURITY ASSISTANCE
Mauritania,2006,"5,097,474.63",DEVELOPMENTAL FOOD AID/FOOD SECURITY ASSISTANCE
Mauritania,2006,"764,621.19",DEVELOPMENTAL FOOD AID/FOOD SECURITY ASSISTANCE
Mauritius,2006,"5,097,474.63",DEVELOPMENTAL FOOD AID/FOOD SECURITY ASSISTANCE
Mauritius,2006,"7,646,211.94",DEVELOPMENTAL FOOD AID/FOOD SECURITY ASSISTANCE
Mauritius,2006,"49,843.11",DISASTER PREVENTION AND PREPAREDNESS
Mauritius,2006,"1,274,368.66",DISASTER PREVENTION AND PREPAREDNESS
Mauritius,2006,"25,487,373.13",DISASTER PREVENTION AND PREPAREDNESS
Mauritius,2006,"7,646,211.94",DISASTER PREVENTION AND PREPAREDNESS
Mauritius,2006,"7,442,312.95",DISASTER PREVENTION AND PREPAREDNESS
Micronesia,2006,"3,454,313.44",DEVELOPMENTAL FOOD AID/FOOD SECURITY ASSISTANCE
Micronesia,2006,"7,646,211.94",DEVELOPMENTAL FOOD AID/FOOD SECURITY ASSISTANCE
Micronesia,2006,"60,958.47",DEVELOPMENTAL FOOD AID/FOOD SECURITY ASSISTANCE
Micronesia,2006,"152,924.24",DEVELOPMENTAL FOOD AID/FOOD SECURITY ASSISTANCE
Micronesia,2006,"5,079,872.71",DEVELOPMENTAL FOOD AID/FOOD SECURITY ASSISTANCE
Micronesia,2006,"650,223.71",GOVERNMENT AND CIVIL SOCIETY
Micronesia,2006,"2,548,737.31",DISASTER PREVENTION AND PREPAREDNESS
Moldova,2006,"2,548,737.31",DISASTER PREVENTION AND PREPAREDNESS
Mongolia,2006,"1,529,242.39",DISASTER PREVENTION AND PREPAREDNESS
Mongolia,2006,"29,310,479.10",DISASTER PREVENTION AND PREPAREDNESS
Mongolia,2006,"38,607,032.62",DISASTER PREVENTION AND PREPAREDNESS
Mongolia,2006,"6,095,847.26",DEVELOPMENTAL FOOD AID/FOOD SECURITY ASSISTANCE
Morocco,2006,"10,194,949.25",DEVELOPMENTAL FOOD AID/FOOD SECURITY ASSISTANCE
Morocco,2006,"5,080,725.65",DEVELOPMENTAL FOOD AID/FOOD SECURITY ASSISTANCE
Morocco,2006,"2,548,737.31",DEVELOPMENTAL FOOD AID/FOOD SECURITY ASSISTANCE
Mozambique,2006,"40,638.98",DEVELOPMENTAL FOOD AID/FOOD SECURITY ASSISTANCE
Myanmar,2006,"127,436.87",DISASTER PREVENTION AND PREPAREDNESS
Myanmar,2006,"61,169,695.51",DISASTER PREVENTION AND PREPAREDNESS
Myanmar,2006,"76,462,119.38",DISASTER PREVENTION AND PREPAREDNESS
Myanmar,2006,"396,230,071.63",DISASTER PREVENTION AND PREPAREDNESS
Myanmar,2006,"138,172,537.80",DISASTER PREVENTION AND PREPAREDNESS
Myanmar,2006,"406,389,817.05",DEVELOPMENTAL FOOD AID/FOOD SECURITY ASSISTANCE
Myanmar,2006,"264,584,420.44",DEVELOPMENTAL FOOD AID/FOOD SECURITY ASSISTANCE
Myanmar,2006,"17,841,161.19",DEVELOPMENTAL FOOD AID/FOOD SECURITY ASSISTANCE
Myanmar,2006,"64,006,396.19",DEVELOPMENTAL FOOD AID/FOOD SECURITY ASSISTANCE
Myanmar,2006,"10,769,330.15",DEVELOPMENTAL FOOD AID/FOOD SECURITY ASSISTANCE
Myanmar,2006,"17,841,161.19",GOVERNMENT AND CIVIL SOCIETY
Namibia,2006,"5,097,474.63",DISASTER PREVENTION AND PREPAREDNESS
Namibia,2006,"3,568.23",DISASTER PREVENTION AND PREPAREDNESS
Nepal,2006,"5,097,474.63",DISASTER PREVENTION AND PREPAREDNESS
Nepal,2006,"25,487,373.13",DISASTER PREVENTION AND PREPAREDNESS
Nepal,2006,"21,037.67",DISASTER PREVENTION AND PREPAREDNESS
Niger,2006,"58,111,210.73",DEVELOPMENTAL FOOD AID/FOOD SECURITY ASSISTANCE
Niger,2006,"509,747.46",DEVELOPMENTAL FOOD AID/FOOD SECURITY ASSISTANCE
Niger,2006,"254,873.73",DEVELOPMENTAL FOOD AID/FOOD SECURITY ASSISTANCE
Niger,2006,"382,310.60",DEVELOPMENTAL FOOD AID/FOOD SECURITY ASSISTANCE
Niger,2006,"5,097,474.63",DEVELOPMENTAL FOOD AID/FOOD SECURITY ASSISTANCE
Niger,2006,"7,646,211.94",DISASTER PREVENTION AND PREPAREDNESS
Nigeria,2006,"406,389,817.05",DISASTER PREVENTION AND PREPAREDNESS
Nigeria,2006,"40,638,981.71",DISASTER PREVENTION AND PREPAREDNESS
Nigeria,2006,"10,194,949.25",DISASTER PREVENTION AND PREPAREDNESS
Nigeria,2006,"1,274,368.66",DISASTER PREVENTION AND PREPAREDNESS
Nigeria,2006,"406,389,817.05",DEVELOPMENTAL FOOD AID/FOOD SECURITY ASSISTANCE
Niue,2006,"792,460.14",DEVELOPMENTAL FOOD AID/FOOD SECURITY ASSISTANCE
Niue,2006,"528,306.76",DEVELOPMENTAL FOOD AID/FOOD SECURITY ASSISTANCE
Niue,2006,"790,897.70",DEVELOPMENTAL FOOD AID/FOOD SECURITY ASSISTANCE
Niue,2006,"527,265.13",DEVELOPMENTAL FOOD AID/FOOD SECURITY ASSISTANCE
North Macedonia,2006,"5,079,872.71",GOVERNMENT AND CIVIL SOCIETY
Pakistan,2006,"5,079,872.71",DISASTER PREVENTION AND PREPAREDNESS
Pakistan,2006,"406,389,817.05",DISASTER PREVENTION AND PREPAREDNESS
Pakistan,2006,"406,389.82",DISASTER PREVENTION AND PREPAREDNESS
Pakistan,2006,"7,213,183.16",DISASTER PREVENTION AND PREPAREDNESS
Pakistan,2006,"2,641,533.81",DISASTER PREVENTION AND PREPAREDNESS
Pakistan,2006,"45,231,186.64",DEVELOPMENTAL FOOD AID/FOOD SECURITY ASSISTANCE
Pakistan,2006,"15,292,423.88",DEVELOPMENTAL FOOD AID/FOOD SECURITY ASSISTANCE
Pakistan,2006,"5,097,474.63",DEVELOPMENTAL FOOD AID/FOOD SECURITY ASSISTANCE
Papua New Guinea,2006,"1,606.81",DEVELOPMENTAL FOOD AID/FOOD SECURITY ASSISTANCE
Papua New Guinea,2006,"507,987.27",DEVELOPMENTAL FOOD AID/FOOD SECURITY ASSISTANCE
Papua New Guinea,2006,"254,873.73",DISASTER PREVENTION AND PREPAREDNESS
Papua New Guinea,2006,"132,889,470.18",DISASTER PREVENTION AND PREPAREDNESS
Papua New Guinea,2006,"7,315,016.71",DISASTER PREVENTION AND PREPAREDNESS
Papua New Guinea,2006,"2,743,131.27",DISASTER PREVENTION AND PREPAREDNESS
Peru,2006,"2,548,737.31",DISASTER PREVENTION AND PREPAREDNESS
Philippines,2006,"569,065,825.15",DEVELOPMENTAL FOOD AID/FOOD SECURITY ASSISTANCE
Philippines,2006,"406,389.82",DEVELOPMENTAL FOOD AID/FOOD SECURITY ASSISTANCE
Philippines,2006,"12,191,694,511.54",DEVELOPMENTAL FOOD AID/FOOD SECURITY ASSISTANCE
Philippines,2006,"1,274,368.66",DEVELOPMENTAL FOOD AID/FOOD SECURITY ASSISTANCE
Philippines,2006,"101,949,492.51",DEVELOPMENTAL FOOD AID/FOOD SECURITY ASSISTANCE
Philippines,2006,"507,987.27",GOVERNMENT AND CIVIL SOCIETY
Philippines,2006,"1,523,961.81",DISASTER PREVENTION AND PREPAREDNESS
Philippines,2006,"101,597.45",DISASTER PREVENTION AND PREPAREDNESS
Philippines,2006,"813,450,177.30",DISASTER PREVENTION AND PREPAREDNESS
Philippines,2006,"2,255,463.48",DISASTER PREVENTION AND PREPAREDNESS
Philippines,2006,"254,873.73",DISASTER PREVENTION AND PREPAREDNESS
Philippines,2006,"42,332,271.93",DEVELOPMENTAL FOOD AID/FOOD SECURITY ASSISTANCE
Philippines,2006,"42,332,271.93",DEVELOPMENTAL FOOD AID/FOOD SECURITY ASSISTANCE
Philippines,2006,"12,833,362.64",DEVELOPMENTAL FOOD AID/FOOD SECURITY ASSISTANCE
Russia,2006,"1,015,974,542.63",DEVELOPMENTAL FOOD AID/FOOD SECURITY ASSISTANCE
Russia,2006,"1,015,974,542.63",DEVELOPMENTAL FOOD AID/FOOD SECURITY ASSISTANCE
Russia,2006,"7,315,016,706.92",DISASTER PREVENTION AND PREPAREDNESS
Rwanda,2006,"10,159.75",DISASTER PREVENTION AND PREPAREDNESS
Rwanda,2006,"15,564,729.99",DISASTER PREVENTION AND PREPAREDNESS
Rwanda,2006,"509,747.46",DISASTER PREVENTION AND PREPAREDNESS
Rwanda,2006,"9,143,770.88",DISASTER PREVENTION AND PREPAREDNESS
Rwanda,2006,"3,823,105.97",DISASTER PREVENTION AND PREPAREDNESS
Rwanda,2006,"25,487,373.13",DISASTER PREVENTION AND PREPAREDNESS
Rwanda,2006,"18,287,541.77",DISASTER PREVENTION AND PREPAREDNESS
Saint Lucia,2006,"5,042,244.03",DISASTER PREVENTION AND PREPAREDNESS
Saint Lucia,2006,"5,097,474.63",DISASTER PREVENTION AND PREPAREDNESS
Samoa,2006,"40,779,797.01",DEVELOPMENTAL FOOD AID/FOOD SECURITY ASSISTANCE
Samoa,2006,"2,418,019.41",DEVELOPMENTAL FOOD AID/FOOD SECURITY ASSISTANCE
Samoa,2006,"23,367,414.48",DEVELOPMENTAL FOOD AID/FOOD SECURITY ASSISTANCE
Senegal,2006,"76,462,119.38",DEVELOPMENTAL FOOD AID/FOOD SECURITY ASSISTANCE
Senegal,2006,"7,646,211.94",DEVELOPMENTAL FOOD AID/FOOD SECURITY ASSISTANCE
Senegal,2006,"406,389.82",GOVERNMENT AND CIVIL SOCIETY
Senegal,2006,"42,748,422.02",DISASTER PREVENTION AND PREPAREDNESS
Senegal,2006,"59,513,016.25",DISASTER PREVENTION AND PREPAREDNESS
Senegal,2006,"507,987.27",DISASTER PREVENTION AND PREPAREDNESS
Serbia,2006,"2,548,737.31",DISASTER PREVENTION AND PREPAREDNESS
Serbia,2006,"2,803,950.61",DISASTER PREVENTION AND PREPAREDNESS
Seychelles,2006,"101,597.45",DEVELOPMENTAL FOOD AID/FOOD SECURITY ASSISTANCE
Seychelles,2006,"14,223.64",DEVELOPMENTAL FOOD AID/FOOD SECURITY ASSISTANCE
Seychelles,2006,"129,011.28",DEVELOPMENTAL FOOD AID/FOOD SECURITY ASSISTANCE
Sierra Leone,2006,"5,097,474.63",DEVELOPMENTAL FOOD AID/FOOD SECURITY ASSISTANCE
Sierra Leone,2006,"140,180.55",DEVELOPMENTAL FOOD AID/FOOD SECURITY ASSISTANCE
Sierra Leone,2006,"5,097,474.63",DISASTER PREVENTION AND PREPAREDNESS
Sierra Leone,2006,"8,127.80",DISASTER PREVENTION AND PREPAREDNESS
South Africa,2006,"5,097,474.63",DISASTER PREVENTION AND PREPAREDNESS
Sri Lanka,2006,"882,890.01",DISASTER PREVENTION AND PREPAREDNESS
Sri Lanka,2006,"310,852,504.63",DISASTER PREVENTION AND PREPAREDNESS
Sri Lanka,2006,"20,319,490.85",DEVELOPMENTAL FOOD AID/FOOD SECURITY ASSISTANCE
Sri Lanka,2006,"127,827.89",DEVELOPMENTAL FOOD AID/FOOD SECURITY ASSISTANCE
Sudan,2006,"164,587,875.91",DEVELOPMENTAL FOOD AID/FOOD SECURITY ASSISTANCE
Sudan,2006,"58,723,328.56",DEVELOPMENTAL FOOD AID/FOOD SECURITY ASSISTANCE
Sudan,2006,"2,548,737.31",DEVELOPMENTAL FOOD AID/FOOD SECURITY ASSISTANCE
Sudan,2006,"2,641,533.81",GOVERNMENT AND CIVIL SOCIETY
Sudan,2006,"2,031,949.09",DISASTER PREVENTION AND PREPAREDNESS
Sudan,2006,"9,346,965.79",DISASTER PREVENTION AND PREPAREDNESS
Sudan,2006,"69,289,463.81",DISASTER PREVENTION AND PREPAREDNESS
Sudan,2006,"53,846,650.76",DISASTER PREVENTION AND PREPAREDNESS
Sudan,2006,"34,949,524.27",DISASTER PREVENTION AND PREPAREDNESS
Sudan,2006,"59,962,817.51",DEVELOPMENTAL FOOD AID/FOOD SECURITY ASSISTANCE
Sudan,2006,"29,260,066.83",DEVELOPMENTAL FOOD AID/FOOD SECURITY ASSISTANCE
Sudan,2006,"39,623,007.16",DEVELOPMENTAL FOOD AID/FOOD SECURITY ASSISTANCE
Sudan,2006,"36,778,278.44",DEVELOPMENTAL FOOD AID/FOOD SECURITY ASSISTANCE
Sudan,2006,"160,315,576.98",DEVELOPMENTAL FOOD AID/FOOD SECURITY ASSISTANCE
Sudan,2006,"189,987,239.47",DISASTER PREVENTION AND PREPAREDNESS
Suriname,2006,"1,015,974.54",DISASTER PREVENTION AND PREPAREDNESS
Syrian Arab Republic,2006,"1,015,974.54",DISASTER PREVENTION AND PREPAREDNESS
Syrian Arab Republic,2006,"20,389,898.50",DISASTER PREVENTION AND PREPAREDNESS
Tajikistan,2006,"50,798,727.13",DISASTER PREVENTION AND PREPAREDNESS
Tajikistan,2006,"542,976,319.02",DEVELOPMENTAL FOOD AID/FOOD SECURITY ASSISTANCE
Tajikistan,2006,"112,220,484.08",DEVELOPMENTAL FOOD AID/FOOD SECURITY ASSISTANCE
Tajikistan,2006,"571,191,047.61",DEVELOPMENTAL FOOD AID/FOOD SECURITY ASSISTANCE
Tajikistan,2006,"15,292,423.88",DEVELOPMENTAL FOOD AID/FOOD SECURITY ASSISTANCE
Tajikistan,2006,"66,267,170.13",DEVELOPMENTAL FOOD AID/FOOD SECURITY ASSISTANCE
Tajikistan,2006,"46,328,439.14",GOVERNMENT AND CIVIL SOCIETY
Tajikistan,2006,"143,455,605.42",DISASTER PREVENTION AND PREPAREDNESS
Tanzania,2006,"20,389,898.50",DISASTER PREVENTION AND PREPAREDNESS
Tanzania,2006,"1,997,103.33",DISASTER PREVENTION AND PREPAREDNESS
Tanzania,2006,"10,194,949.25",DISASTER PREVENTION AND PREPAREDNESS
Tanzania,2006,"764,621.19",DISASTER PREVENTION AND PREPAREDNESS
Tanzania,2006,"1,274,368.66",DEVELOPMENTAL FOOD AID/FOOD SECURITY ASSISTANCE
Tanzania,2006,"16,184,481.94",DEVELOPMENTAL FOOD AID/FOOD SECURITY ASSISTANCE
Tanzania,2006,"2,031,949.09",DEVELOPMENTAL FOOD AID/FOOD SECURITY ASSISTANCE
Thailand,2006,"3,979,600.46",DEVELOPMENTAL FOOD AID/FOOD SECURITY ASSISTANCE
Thailand,2006,"12,743,686.56",DEVELOPMENTAL FOOD AID/FOOD SECURITY ASSISTANCE
Thailand,2006,"8,729,619.86",DISASTER PREVENTION AND PREPAREDNESS
Thailand,2006,"6,110,733.90",DISASTER PREVENTION AND PREPAREDNESS
Timor-Leste,2006,"127,436.87",DISASTER PREVENTION AND PREPAREDNESS
Timor-Leste,2006,"2,636,109.32",DISASTER PREVENTION AND PREPAREDNESS
Timor-Leste,2006,"10,956,648.26",DISASTER PREVENTION AND PREPAREDNESS
Togo,2006,"77,724,403.67",DEVELOPMENTAL FOOD AID/FOOD SECURITY ASSISTANCE
Togo,2006,"10,194,949.25",DEVELOPMENTAL FOOD AID/FOOD SECURITY ASSISTANCE
Tonga,2006,"12,027,662.04",DEVELOPMENTAL FOOD AID/FOOD SECURITY ASSISTANCE
Tonga,2006,"3,006,915.51",DEVELOPMENTAL FOOD AID/FOOD SECURITY ASSISTANCE
Tonga,2006,"1,198,849.96",DEVELOPMENTAL FOOD AID/FOOD SECURITY ASSISTANCE
Tonga,2006,"5,097,474.63",GOVERNMENT AND CIVIL SOCIETY
Tonga,2006,"9,685,201.79",DISASTER PREVENTION AND PREPAREDNESS
Tonga,2006,"7,016,136.19",DISASTER PREVENTION AND PREPAREDNESS
Trinidad and Tobago,2006,"206,957,469.80",DISASTER PREVENTION AND PREPAREDNESS
Tunisia,2006,"7,646,211.94",DISASTER PREVENTION AND PREPAREDNESS
Tunisia,2006,"101,949,492.51",DISASTER PREVENTION AND PREPAREDNESS
Tunisia,2006,"1,015,974.54",DEVELOPMENTAL FOOD AID/FOOD SECURITY ASSISTANCE
Tunisia,2006,"764,621.19",DEVELOPMENTAL FOOD AID/FOOD SECURITY ASSISTANCE
Tunisia,2006,"12,743,686.56",DEVELOPMENTAL FOOD AID/FOOD SECURITY ASSISTANCE
Turkmenistan,2006,"50,974,746.26",DEVELOPMENTAL FOOD AID/FOOD SECURITY ASSISTANCE
Turkmenistan,2006,"50,974,746.26",DEVELOPMENTAL FOOD AID/FOOD SECURITY ASSISTANCE
Turkmenistan,2006,"12,743,686.56",DISASTER PREVENTION AND PREPAREDNESS
Turkmenistan,2006,"10,194,949.25",DISASTER PREVENTION AND PREPAREDNESS
Uganda,2006,"26,639,227.57",DISASTER PREVENTION AND PREPAREDNESS
Uganda,2006,"3,712,797.69",DISASTER PREVENTION AND PREPAREDNESS
Uganda,2006,"556,754.05",DISASTER PREVENTION AND PREPAREDNESS
Uganda,2006,"514,663.73",DEVELOPMENTAL FOOD AID/FOOD SECURITY ASSISTANCE
Uganda,2006,"264,153.38",DEVELOPMENTAL FOOD AID/FOOD SECURITY ASSISTANCE
Uganda,2006,"1,219,169.45",DEVELOPMENTAL FOOD AID/FOOD SECURITY ASSISTANCE
Uganda,2006,"101,344.09",DEVELOPMENTAL FOOD AID/FOOD SECURITY ASSISTANCE
Uganda,2006,"10,134,409.40",DEVELOPMENTAL FOOD AID/FOOD SECURITY ASSISTANCE
Uganda,2006,"509,747.46",GOVERNMENT AND CIVIL SOCIETY
Ukraine,2006,"2,548,737.31",DISASTER PREVENTION AND PREPAREDNESS
Ukraine,2006,"2,438,338.90",DISASTER PREVENTION AND PREPAREDNESS
Ukraine,2006,"1,661,727.96",DISASTER PREVENTION AND PREPAREDNESS
Ukraine,2006,"1,523,961.81",DISASTER PREVENTION AND PREPAREDNESS
Ukraine,2006,"2,548,737.31",DISASTER PREVENTION AND PREPAREDNESS
Uruguay,2006,"101,597.45",DEVELOPMENTAL FOOD AID/FOOD SECURITY ASSISTANCE
Uruguay,2006,"50,974,746.26",DEVELOPMENTAL FOOD AID/FOOD SECURITY ASSISTANCE
Uruguay,2006,"2,548,737.31",DEVELOPMENTAL FOOD AID/FOOD SECURITY ASSISTANCE
Uruguay,2006,"5,097,474.63",DEVELOPMENTAL FOOD AID/FOOD SECURITY ASSISTANCE
Uzbekistan,2006,"40,638,981.71",DEVELOPMENTAL FOOD AID/FOOD SECURITY ASSISTANCE
Uzbekistan,2006,"400,293,969.80",DISASTER PREVENTION AND PREPAREDNESS
Uzbekistan,2006,"20,380,449.33",DISASTER PREVENTION AND PREPAREDNESS
Uzbekistan,2006,"12,007,193.53",DISASTER PREVENTION AND PREPAREDNESS
Vanuatu,2006,"5,097,474.63",DISASTER PREVENTION AND PREPAREDNESS
Vanuatu,2006,"3,632,739.39",DISASTER PREVENTION AND PREPAREDNESS
Vanuatu,2006,"5,486,262.53",DISASTER PREVENTION AND PREPAREDNESS
Venezuela,2006,"1,673,310,071.71",DISASTER PREVENTION AND PREPAREDNESS
Viet Nam,2006,"602,720,699.97",DISASTER PREVENTION AND PREPAREDNESS
Viet Nam,2006,"12,743,686.56",DISASTER PREVENTION AND PREPAREDNESS
Viet Nam,2006,"298,696,515.53",DISASTER PREVENTION AND PREPAREDNESS
Viet Nam,2006,"1,529,242.39",DEVELOPMENTAL FOOD AID/FOOD SECURITY ASSISTANCE
Viet Nam,2006,"40,439,376.64",DEVELOPMENTAL FOOD AID/FOOD SECURITY ASSISTANCE
Viet Nam,2006,"160,727,172.64",DEVELOPMENTAL FOOD AID/FOOD SECURITY ASSISTANCE
Viet Nam,2006,"827,867,941.12",DEVELOPMENTAL FOOD AID/FOOD SECURITY ASSISTANCE
Viet Nam,2006,"372,134,914.58",DEVELOPMENTAL FOOD AID/FOOD SECURITY ASSISTANCE
Viet Nam,2006,"8,141,654.19",GOVERNMENT AND CIVIL SOCIETY
Yemen,2006,"377,942,529.86",DISASTER PREVENTION AND PREPAREDNESS
Yemen,2006,"61,169,695.51",DISASTER PREVENTION AND PREPAREDNESS
Yemen,2006,"10,194,949.25",DISASTER PREVENTION AND PREPAREDNESS
Zambia,2006,"428,741,256.99",DISASTER PREVENTION AND PREPAREDNESS
Zambia,2006,"1,625,559.27",DISASTER PREVENTION AND PREPAREDNESS
Zambia,2006,"2,548,737.31",DEVELOPMENTAL FOOD AID/FOOD SECURITY ASSISTANCE
Zambia,2006,"20,389,898.50",DEVELOPMENTAL FOOD AID/FOOD SECURITY ASSISTANCE
Zambia,2006,"2,031,949.09",DEVELOPMENTAL FOOD AID/FOOD SECURITY ASSISTANCE
Zambia,2006,"382,310.60",DEVELOPMENTAL FOOD AID/FOOD SECURITY ASSISTANCE
Zambia,2006,"12,743,686.56",DEVELOPMENTAL FOOD AID/FOOD SECURITY ASSISTANCE
Zambia,2006,"20,319,490.85",DISASTER PREVENTION AND PREPAREDNESS
Zimbabwe,2006,"736,378.35",DISASTER PREVENTION AND PREPAREDNESS
Zimbabwe,2006,"162,555,926.82",DISASTER PREVENTION AND PREPAREDNESS
Zimbabwe,2006,"203,194.91",DISASTER PREVENTION AND PREPAREDNESS
Zimbabwe,2006,"406,389,817.05",DISASTER PREVENTION AND PREPAREDNESS
Zimbabwe,2006,"17,841,161.19",DEVELOPMENTAL FOOD AID/FOOD SECURITY ASSISTANCE
Zimbabwe,2006,"10,159,745.43",DEVELOPMENTAL FOOD AID/FOOD SECURITY ASSISTANCE
Zimbabwe,2006,"50,974,746.26",DEVELOPMENTAL FOOD AID/FOOD SECURITY ASSISTANCE
Zimbabwe,2006,"3,047,923.63",DEVELOPMENTAL FOOD AID/FOOD SECURITY ASSISTANCE
Zimbabwe,2006,"12,598,084.33",DEVELOPMENTAL FOOD AID/FOOD SECURITY ASSISTANCE
Afghanistan,2005,"2,170,233.35",GOVERNMENT AND CIVIL SOCIETY
Afghanistan,2005,"54,255,833.74",DISASTER PREVENTION AND PREPAREDNESS
Albania,2005,"2,648,671.87",DISASTER PREVENTION AND PREPAREDNESS
Albania,2005,"29,949.22",DISASTER PREVENTION AND PREPAREDNESS
Algeria,2005,"65,107,000.49",DISASTER PREVENTION AND PREPAREDNESS
"America, regional",2005,"260,428.00",DISASTER PREVENTION AND PREPAREDNESS
Angola,2005,"13,243,359.34",DEVELOPMENTAL FOOD AID/FOOD SECURITY ASSISTANCE
Angola,2005,"2,170,884.42",DEVELOPMENTAL FOOD AID/FOOD SECURITY ASSISTANCE
Angola,2005,"264,867.19",DEVELOPMENTAL FOOD AID/FOOD SECURITY ASSISTANCE
Angola,2005,"82,468,867.29",DEVELOPMENTAL FOOD AID/FOOD SECURITY ASSISTANCE
Angola,2005,"88,993,492.88",DEVELOPMENTAL FOOD AID/FOOD SECURITY ASSISTANCE
Angola,2005,"33,107,595.43",DISASTER PREVENTION AND PREPAREDNESS
Angola,2005,"35,078,873.94",DISASTER PREVENTION AND PREPAREDNESS
Angola,2005,"115,119,677.06",DISASTER PREVENTION AND PREPAREDNESS
Angola,2005,"15,583,289.99",DISASTER PREVENTION AND PREPAREDNESS
Angola,2005,"27,956,331.33",DISASTER PREVENTION AND PREPAREDNESS
Angola,2005,"89,506,448.01",DEVELOPMENTAL FOOD AID/FOOD SECURITY ASSISTANCE
Angola,2005,"15,639,262.74",DEVELOPMENTAL FOOD AID/FOOD SECURITY ASSISTANCE
Angola,2005,"186,152,633.66",DEVELOPMENTAL FOOD AID/FOOD SECURITY ASSISTANCE
Angola,2005,"62,657,266.26",DEVELOPMENTAL FOOD AID/FOOD SECURITY ASSISTANCE
Angola,2005,"28,505,482.04",DEVELOPMENTAL FOOD AID/FOOD SECURITY ASSISTANCE
Angola,2005,"74,940,177.83",GOVERNMENT AND CIVIL SOCIETY
Angola,2005,"57,005,408.93",DISASTER PREVENTION AND PREPAREDNESS
Angola,2005,"79,147,450.80",DISASTER PREVENTION AND PREPAREDNESS
Angola,2005,"85,561,341.30",DISASTER PREVENTION AND PREPAREDNESS
Angola,2005,"23,458,894.11",DISASTER PREVENTION AND PREPAREDNESS
Angola,2005,"93,872,117.94",DISASTER PREVENTION AND PREPAREDNESS
Angola,2005,"69,738,949.04",DEVELOPMENTAL FOOD AID/FOOD SECURITY ASSISTANCE
Angola,2005,"7,819,631.37",DEVELOPMENTAL FOOD AID/FOOD SECURITY ASSISTANCE
Angola,2005,"36,188,543.88",DEVELOPMENTAL FOOD AID/FOOD SECURITY ASSISTANCE
Angola,2005,"57,652,083.56",DEVELOPMENTAL FOOD AID/FOOD SECURITY ASSISTANCE
Angola,2005,"55,175,497.25",DEVELOPMENTAL FOOD AID/FOOD SECURITY ASSISTANCE
Angola,2005,"87,299,540.00",DISASTER PREVENTION AND PREPAREDNESS
Angola,2005,"48,556,859.56",DISASTER PREVENTION AND PREPAREDNESS
Angola,2005,"42,070,715.92",DISASTER PREVENTION AND PREPAREDNESS
Angola,2005,"130,679,906.67",DISASTER PREVENTION AND PREPAREDNESS
Angola,2005,"413,463,505.34",DISASTER PREVENTION AND PREPAREDNESS
Angola,2005,"94,574,428.91",DEVELOPMENTAL FOOD AID/FOOD SECURITY ASSISTANCE
Angola,2005,"80,218,335.30",DEVELOPMENTAL FOOD AID/FOOD SECURITY ASSISTANCE
Angola,2005,"191,648,038.86",DEVELOPMENTAL FOOD AID/FOOD SECURITY ASSISTANCE
Angola,2005,"191,116,140.71",DEVELOPMENTAL FOOD AID/FOOD SECURITY ASSISTANCE
Angola,2005,"138,444,613.34",DEVELOPMENTAL FOOD AID/FOOD SECURITY ASSISTANCE
Angola,2005,"18,094,271.94",GOVERNMENT AND CIVIL SOCIETY
Antigua and Barbuda,2005,"17,216,367.14",DISASTER PREVENTION AND PREPAREDNESS
Armenia,2005,"2,648,671.87",DISASTER PREVENTION AND PREPAREDNESS
"Asia, regional",2005,"2,648,671.87",DISASTER PREVENTION AND PREPAREDNESS
"Asia, regional",2005,"794,601.56",DISASTER PREVENTION AND PREPAREDNESS
"Asia, regional",2005,"54,985.37",DISASTER PREVENTION AND PREPAREDNESS
"Asia, regional",2005,"264,867.19",DEVELOPMENTAL FOOD AID/FOOD SECURITY ASSISTANCE
"Asia, regional",2005,"8,897,956.73",DEVELOPMENTAL FOOD AID/FOOD SECURITY ASSISTANCE
Azerbaijan,2005,"3,973,007.80",DEVELOPMENTAL FOOD AID/FOOD SECURITY ASSISTANCE
Bahamas,2005,"108,511.67",DEVELOPMENTAL FOOD AID/FOOD SECURITY ASSISTANCE
Bangladesh,2005,"63,479,924.04",DEVELOPMENTAL FOOD AID/FOOD SECURITY ASSISTANCE
Bangladesh,2005,"2,648,671.87",DISASTER PREVENTION AND PREPAREDNESS
Bangladesh,2005,"2,648,671.87",DISASTER PREVENTION AND PREPAREDNESS
Bangladesh,2005,"79,460,156.02",DISASTER PREVENTION AND PREPAREDNESS
Bangladesh,2005,"49,063,764.51",DISASTER PREVENTION AND PREPAREDNESS
Belarus,2005,"2,170,233,349.61",DISASTER PREVENTION AND PREPAREDNESS
Belarus,2005,"399,756,983.00",DEVELOPMENTAL FOOD AID/FOOD SECURITY ASSISTANCE
Belarus,2005,"107,271,210.63",DEVELOPMENTAL FOOD AID/FOOD SECURITY ASSISTANCE
Belarus,2005,"2,648,671.87",DEVELOPMENTAL FOOD AID/FOOD SECURITY ASSISTANCE
Belarus,2005,"5,297,343.73",DEVELOPMENTAL FOOD AID/FOOD SECURITY ASSISTANCE
Belarus,2005,"7,946,015.60",DEVELOPMENTAL FOOD AID/FOOD SECURITY ASSISTANCE
Benin,2005,"5,297,343.73",GOVERNMENT AND CIVIL SOCIETY
Benin,2005,"5,297,343.73",DISASTER PREVENTION AND PREPAREDNESS
Benin,2005,"20,659,640.57",DISASTER PREVENTION AND PREPAREDNESS
Benin,2005,"264,867.19",DISASTER PREVENTION AND PREPAREDNESS
Benin,2005,"148,962,188.96",DISASTER PREVENTION AND PREPAREDNESS
Bolivia,2005,"9,549,026.74",DISASTER PREVENTION AND PREPAREDNESS
Bolivia,2005,"4,926,529.67",DEVELOPMENTAL FOOD AID/FOOD SECURITY ASSISTANCE
Bolivia,2005,"40,524,679.57",DEVELOPMENTAL FOOD AID/FOOD SECURITY ASSISTANCE
Bosnia and Herzegovina,2005,"7,946,015.60",DEVELOPMENTAL FOOD AID/FOOD SECURITY ASSISTANCE
Bosnia and Herzegovina,2005,"2,648,671.87",DEVELOPMENTAL FOOD AID/FOOD SECURITY ASSISTANCE
Botswana,2005,"7,946,015.60",DEVELOPMENTAL FOOD AID/FOOD SECURITY ASSISTANCE
Brazil,2005,"218,108,451.64",DISASTER PREVENTION AND PREPAREDNESS
Bulgaria,2005,"21,702.33",DISASTER PREVENTION AND PREPAREDNESS
Bulgaria,2005,"1,324,335.93",DISASTER PREVENTION AND PREPAREDNESS
Burundi,2005,"1,085,116.67",DISASTER PREVENTION AND PREPAREDNESS
Burundi,2005,"21,702,333.50",DISASTER PREVENTION AND PREPAREDNESS
Cabo Verde,2005,"8,210,882.79",DISASTER PREVENTION AND PREPAREDNESS
Cambodia,2005,"13,243,359.34",DISASTER PREVENTION AND PREPAREDNESS
Cambodia,2005,"13,243,359.34",DISASTER PREVENTION AND PREPAREDNESS
Cambodia,2005,"529,734.37",DISASTER PREVENTION AND PREPAREDNESS
Cambodia,2005,"21,919,356.83",DISASTER PREVENTION AND PREPAREDNESS
Cambodia,2005,"59,613,657.72",DEVELOPMENTAL FOOD AID/FOOD SECURITY ASSISTANCE
Central African Republic,2005,"137,643,511.95",DEVELOPMENTAL FOOD AID/FOOD SECURITY ASSISTANCE
Central African Republic,2005,"3,178,406.24",DEVELOPMENTAL FOOD AID/FOOD SECURITY ASSISTANCE
Colombia,2005,"5,297,343.73",DEVELOPMENTAL FOOD AID/FOOD SECURITY ASSISTANCE
Colombia,2005,"7,946,015.60",DEVELOPMENTAL FOOD AID/FOOD SECURITY ASSISTANCE
Comoros,2005,"6,510,700.05",GOVERNMENT AND CIVIL SOCIETY
Comoros,2005,"16,193.35",DISASTER PREVENTION AND PREPAREDNESS
Comoros,2005,"20,617.22",DISASTER PREVENTION AND PREPAREDNESS
Congo,2005,"1,196,898,883.95",DISASTER PREVENTION AND PREPAREDNESS
Cook Islands,2005,"45,839.04",DISASTER PREVENTION AND PREPAREDNESS
Cook Islands,2005,"5,297,343.73",DISASTER PREVENTION AND PREPAREDNESS
Cuba,2005,"759,581,672.36",DEVELOPMENTAL FOOD AID/FOOD SECURITY ASSISTANCE
Cuba,2005,"2,913,539.05",DEVELOPMENTAL FOOD AID/FOOD SECURITY ASSISTANCE
Democratic People's Republic of Korea,2005,"8,973,307.24",DEVELOPMENTAL FOOD AID/FOOD SECURITY ASSISTANCE
Democratic People's Republic of Korea,2005,"28,737.50",DEVELOPMENTAL FOOD AID/FOOD SECURITY ASSISTANCE
Democratic People's Republic of Korea,2005,"60,623,523.31",DEVELOPMENTAL FOOD AID/FOOD SECURITY ASSISTANCE
Democratic People's Republic of Korea,2005,"29,799,312.05",DISASTER PREVENTION AND PREPAREDNESS
Democratic People's Republic of Korea,2005,"450,509,192.02",DISASTER PREVENTION AND PREPAREDNESS
Democratic Republic of the Congo,2005,"2,648,671.87",DISASTER PREVENTION AND PREPAREDNESS
Dominica,2005,"1,302,140.01",DISASTER PREVENTION AND PREPAREDNESS
Dominica,2005,"26,693,870.20",DISASTER PREVENTION AND PREPAREDNESS
Dominica,2005,"217,023.33",DEVELOPMENTAL FOOD AID/FOOD SECURITY ASSISTANCE
Dominica,2005,"2,923,227.16",DEVELOPMENTAL FOOD AID/FOOD SECURITY ASSISTANCE
Ecuador,2005,"1,085,116.67",DEVELOPMENTAL FOOD AID/FOOD SECURITY ASSISTANCE
Ecuador,2005,"1,678,024.43",DEVELOPMENTAL FOOD AID/FOOD SECURITY ASSISTANCE
Egypt,2005,"34,438,089.89",DEVELOPMENTAL FOOD AID/FOOD SECURITY ASSISTANCE
Equatorial Guinea,2005,"9,333,919.66",GOVERNMENT AND CIVIL SOCIETY
Equatorial Guinea,2005,"10,594,687.47",DISASTER PREVENTION AND PREPAREDNESS
Eritrea,2005,"15,892,031.20",DISASTER PREVENTION AND PREPAREDNESS
Ethiopia,2005,"10,634,143.41",DISASTER PREVENTION AND PREPAREDNESS
Ethiopia,2005,"325,535.00",DISASTER PREVENTION AND PREPAREDNESS
Ethiopia,2005,"52,460.42",DISASTER PREVENTION AND PREPAREDNESS
Ethiopia,2005,"524,604.15",DEVELOPMENTAL FOOD AID/FOOD SECURITY ASSISTANCE
Fiji,2005,"2,170,233.35",DEVELOPMENTAL FOOD AID/FOOD SECURITY ASSISTANCE
Fiji,2005,"217,023.33",DEVELOPMENTAL FOOD AID/FOOD SECURITY ASSISTANCE
Gabon,2005,"794,601.56",DEVELOPMENTAL FOOD AID/FOOD SECURITY ASSISTANCE
Georgia,2005,"5,297,343.73",DEVELOPMENTAL FOOD AID/FOOD SECURITY ASSISTANCE
Ghana,2005,"7,812,840.06",DISASTER PREVENTION AND PREPAREDNESS
Ghana,2005,"132,433.59",DISASTER PREVENTION AND PREPAREDNESS
Ghana,2005,"2,908,112.69",DISASTER PREVENTION AND PREPAREDNESS
Grenada,2005,"32,553,500.24",DISASTER PREVENTION AND PREPAREDNESS
Grenada,2005,"4,340,466.70",DISASTER PREVENTION AND PREPAREDNESS
Grenada,2005,"3,255,350.02",DEVELOPMENTAL FOOD AID/FOOD SECURITY ASSISTANCE
Grenada,2005,"1,085,116.67",DEVELOPMENTAL FOOD AID/FOOD SECURITY ASSISTANCE
Grenada,2005,"2,170,233.35",DEVELOPMENTAL FOOD AID/FOOD SECURITY ASSISTANCE
Grenada,2005,"325,535.00",DEVELOPMENTAL FOOD AID/FOOD SECURITY ASSISTANCE
Grenada,2005,"2,170,233.35",DEVELOPMENTAL FOOD AID/FOOD SECURITY ASSISTANCE
Grenada,2005,"1,736,186.68",GOVERNMENT AND CIVIL SOCIETY
Grenada,2005,"238,725.67",DISASTER PREVENTION AND PREPAREDNESS
Grenada,2005,"217,023.33",DISASTER PREVENTION AND PREPAREDNESS
Grenada,2005,"1,085,116.67",DISASTER PREVENTION AND PREPAREDNESS
Grenada,2005,"8,680,933.40",DISASTER PREVENTION AND PREPAREDNESS
Grenada,2005,"3,255,350.02",DISASTER PREVENTION AND PREPAREDNESS
Grenada,2005,"1,519,163.34",DEVELOPMENTAL FOOD AID/FOOD SECURITY ASSISTANCE
Grenada,2005,"976,605.01",DEVELOPMENTAL FOOD AID/FOOD SECURITY ASSISTANCE
Grenada,2005,"2,170,233.35",DEVELOPMENTAL FOOD AID/FOOD SECURITY ASSISTANCE
Grenada,2005,"434,046.67",DEVELOPMENTAL FOOD AID/FOOD SECURITY ASSISTANCE
Grenada,2005,"4,340,466.70",DEVELOPMENTAL FOOD AID/FOOD SECURITY ASSISTANCE
Grenada,2005,"1,302,140.01",DISASTER PREVENTION AND PREPAREDNESS
Grenada,2005,"5,425,583.37",DISASTER PREVENTION AND PREPAREDNESS
Grenada,2005,"217,023.33",DISASTER PREVENTION AND PREPAREDNESS
Grenada,2005,"1,508,014.86",DISASTER PREVENTION AND PREPAREDNESS
Grenada,2005,"24,291,421.88",DISASTER PREVENTION AND PREPAREDNESS
Guinea,2005,"97,660,500.73",DEVELOPMENTAL FOOD AID/FOOD SECURITY ASSISTANCE
Guinea,2005,"39,731,547.05",DEVELOPMENTAL FOOD AID/FOOD SECURITY ASSISTANCE
Guinea,2005,"2,170,233.35",DEVELOPMENTAL FOOD AID/FOOD SECURITY ASSISTANCE
Guinea,2005,"7,945,224.29",DEVELOPMENTAL FOOD AID/FOOD SECURITY ASSISTANCE
Guinea-Bissau,2005,"43,404.67",DEVELOPMENTAL FOOD AID/FOOD SECURITY ASSISTANCE
Guinea-Bissau,2005,"215,876.11",GOVERNMENT AND CIVIL SOCIETY
Guinea-Bissau,2005,"2,170,233.35",DISASTER PREVENTION AND PREPAREDNESS
Guinea-Bissau,2005,"2,604,280.02",DISASTER PREVENTION AND PREPAREDNESS
Guyana,2005,"8,246,886.73",DISASTER PREVENTION AND PREPAREDNESS
Guyana,2005,"217,023.33",DISASTER PREVENTION AND PREPAREDNESS
India,2005,"54,255,833.74",DISASTER PREVENTION AND PREPAREDNESS
India,2005,"54,255,833.74",DEVELOPMENTAL FOOD AID/FOOD SECURITY ASSISTANCE
Indonesia,2005,"3,973,007.80",DEVELOPMENTAL FOOD AID/FOOD SECURITY ASSISTANCE
Indonesia,2005,"651,070.00",DEVELOPMENTAL FOOD AID/FOOD SECURITY ASSISTANCE
Indonesia,2005,"868,093,339.85",DEVELOPMENTAL FOOD AID/FOOD SECURITY ASSISTANCE
Indonesia,2005,"1,085,116.67",DEVELOPMENTAL FOOD AID/FOOD SECURITY ASSISTANCE
Indonesia,2005,"7,946,015.60",DISASTER PREVENTION AND PREPAREDNESS
Indonesia,2005,"7,151,414.04",DISASTER PREVENTION AND PREPAREDNESS
Indonesia,2005,"3,255,350.02",DISASTER PREVENTION AND PREPAREDNESS
Indonesia,2005,"15,892,031.20",DISASTER PREVENTION AND PREPAREDNESS
Indonesia,2005,"7,946,015.60",DISASTER PREVENTION AND PREPAREDNESS
Indonesia,2005,"476,760.94",DEVELOPMENTAL FOOD AID/FOOD SECURITY ASSISTANCE
Indonesia,2005,"184,469,834.72",DEVELOPMENTAL FOOD AID/FOOD SECURITY ASSISTANCE
Indonesia,2005,"149,529,077.79",DEVELOPMENTAL FOOD AID/FOOD SECURITY ASSISTANCE
Indonesia,2005,"434,046,669.92",DEVELOPMENTAL FOOD AID/FOOD SECURITY ASSISTANCE
Indonesia,2005,"293,734.57",DEVELOPMENTAL FOOD AID/FOOD SECURITY ASSISTANCE
Indonesia,2005,"367,168.76",GOVERNMENT AND CIVIL SOCIETY
Indonesia,2005,"1,174,940.46",DISASTER PREVENTION AND PREPAREDNESS
Indonesia,2005,"734,337.52",DISASTER PREVENTION AND PREPAREDNESS
Indonesia,2005,"1,615,543.41",DISASTER PREVENTION AND PREPAREDNESS
Indonesia,2005,"220,300.39",DISASTER PREVENTION AND PREPAREDNESS
Indonesia,2005,"440,602.94",DISASTER PREVENTION AND PREPAREDNESS
Indonesia,2005,"723,410.39",DEVELOPMENTAL FOOD AID/FOOD SECURITY ASSISTANCE
Indonesia,2005,"813,837.51",DEVELOPMENTAL FOOD AID/FOOD SECURITY ASSISTANCE
Indonesia,2005,"868,093.34",DEVELOPMENTAL FOOD AID/FOOD SECURITY ASSISTANCE
Indonesia,2005,"434,046.67",DEVELOPMENTAL FOOD AID/FOOD SECURITY ASSISTANCE
Indonesia,2005,"217,023.33",DEVELOPMENTAL FOOD AID/FOOD SECURITY ASSISTANCE
Indonesia,2005,"542,558.34",DISASTER PREVENTION AND PREPAREDNESS
Indonesia,2005,"1,085,116.67",DISASTER PREVENTION AND PREPAREDNESS
Iran,2005,"434,046.67",DISASTER PREVENTION AND PREPAREDNESS
Iran,2005,"151,916,334.47",DISASTER PREVENTION AND PREPAREDNESS
Iran,2005,"390,642,002.93",DISASTER PREVENTION AND PREPAREDNESS
Iran,2005,"10,421,817.48",DISASTER PREVENTION AND PREPAREDNESS
Iran,2005,"4,061,990.19",DISASTER PREVENTION AND PREPAREDNESS
Jamaica,2005,"2,648,671.87",DISASTER PREVENTION AND PREPAREDNESS
Jamaica,2005,"66,216,796.68",DISASTER PREVENTION AND PREPAREDNESS
Jamaica,2005,"6,510,700.05",DISASTER PREVENTION AND PREPAREDNESS
Jamaica,2005,"26,486,718.67",DEVELOPMENTAL FOOD AID/FOOD SECURITY ASSISTANCE
Jordan,2005,"5,208,560.04",DEVELOPMENTAL FOOD AID/FOOD SECURITY ASSISTANCE
Kazakhstan,2005,"473,110,870.22",DEVELOPMENTAL FOOD AID/FOOD SECURITY ASSISTANCE
Kazakhstan,2005,"2,170,233.35",DEVELOPMENTAL FOOD AID/FOOD SECURITY ASSISTANCE
Kazakhstan,2005,"651,070.00",DEVELOPMENTAL FOOD AID/FOOD SECURITY ASSISTANCE
Kazakhstan,2005,"138,243.86",GOVERNMENT AND CIVIL SOCIETY
Kazakhstan,2005,"2,343,852,017.58",DISASTER PREVENTION AND PREPAREDNESS
Kenya,2005,"57,487,634.15",DISASTER PREVENTION AND PREPAREDNESS
Kenya,2005,"4,139,109.66",DISASTER PREVENTION AND PREPAREDNESS
Kenya,2005,"344,925.80",DISASTER PREVENTION AND PREPAREDNESS
Kenya,2005,"22,542,213.80",DISASTER PREVENTION AND PREPAREDNESS
Kenya,2005,"1,189,287.88",DEVELOPMENTAL FOOD AID/FOOD SECURITY ASSISTANCE
Kenya,2005,"754,871.48",DEVELOPMENTAL FOOD AID/FOOD SECURITY ASSISTANCE
Kyrgyz Republic,2005,"7,946,015.60",DEVELOPMENTAL FOOD AID/FOOD SECURITY ASSISTANCE
Kyrgyz Republic,2005,"13,243,359.34",DEVELOPMENTAL FOOD AID/FOOD SECURITY ASSISTANCE
Kyrgyz Republic,2005,"492,034.48",DEVELOPMENTAL FOOD AID/FOOD SECURITY ASSISTANCE
Lao People's Democratic Republic,2005,"188,026.85",DISASTER PREVENTION AND PREPAREDNESS
Lao People's Democratic Republic,2005,"48,439,608.36",DISASTER PREVENTION AND PREPAREDNESS
Lao People's Democratic Republic,2005,"71,899,830.87",DISASTER PREVENTION AND PREPAREDNESS
Lebanon,2005,"12,183,890.59",DISASTER PREVENTION AND PREPAREDNESS
Lebanon,2005,"5,297,343.73",DISASTER PREVENTION AND PREPAREDNESS
Lebanon,2005,"1,085,116.67",DEVELOPMENTAL FOOD AID/FOOD SECURITY ASSISTANCE
Lesotho,2005,"3,069,120.92",DEVELOPMENTAL FOOD AID/FOOD SECURITY ASSISTANCE
Lesotho,2005,"21,581,378.38",DEVELOPMENTAL FOOD AID/FOOD SECURITY ASSISTANCE
Lesotho,2005,"264,867.19",DEVELOPMENTAL FOOD AID/FOOD SECURITY ASSISTANCE
Lesotho,2005,"6,820,268.72",DEVELOPMENTAL FOOD AID/FOOD SECURITY ASSISTANCE
Lesotho,2005,"2,170,233.35",GOVERNMENT AND CIVIL SOCIETY
Liberia,2005,"23,872,566.85",DISASTER PREVENTION AND PREPAREDNESS
Liberia,2005,"13,021,400.10",DISASTER PREVENTION AND PREPAREDNESS
Liberia,2005,"536,047.64",DISASTER PREVENTION AND PREPAREDNESS
Madagascar,2005,"5,297,343.73",DISASTER PREVENTION AND PREPAREDNESS
Madagascar,2005,"7,946,015.60",DISASTER PREVENTION AND PREPAREDNESS
Malawi,2005,"542,558.34",DEVELOPMENTAL FOOD AID/FOOD SECURITY ASSISTANCE
Malaysia,2005,"434,046.67",DEVELOPMENTAL FOOD AID/FOOD SECURITY ASSISTANCE
Malaysia,2005,"3,472,373,359.38",DEVELOPMENTAL FOOD AID/FOOD SECURITY ASSISTANCE
Malaysia,2005,"108,511,667.48",DEVELOPMENTAL FOOD AID/FOOD SECURITY ASSISTANCE
Maldives,2005,"1,986,503.90",DEVELOPMENTAL FOOD AID/FOOD SECURITY ASSISTANCE
Maldives,2005,"7,018,980.45",DISASTER PREVENTION AND PREPAREDNESS
Maldives,2005,"217,023.33",DISASTER PREVENTION AND PREPAREDNESS
Maldives,2005,"2,984,070.86",DISASTER PREVENTION AND PREPAREDNESS
Maldives,2005,"87,848.88",DISASTER PREVENTION AND PREPAREDNESS
Maldives,2005,"88,521.65",DISASTER PREVENTION AND PREPAREDNESS
Maldives,2005,"658,871.99",DEVELOPMENTAL FOOD AID/FOOD SECURITY ASSISTANCE
Maldives,2005,"54,906.90",DEVELOPMENTAL FOOD AID/FOOD SECURITY ASSISTANCE
Maldives,2005,"109,811.64",DEVELOPMENTAL FOOD AID/FOOD SECURITY ASSISTANCE
Maldives,2005,"101,794.80",DEVELOPMENTAL FOOD AID/FOOD SECURITY ASSISTANCE
Maldives,2005,"117,498.60",DEVELOPMENTAL FOOD AID/FOOD SECURITY ASSISTANCE
Maldives,2005,"238,621.50",GOVERNMENT AND CIVIL SOCIETY
Mali,2005,"3,060,029.02",DISASTER PREVENTION AND PREPAREDNESS
Mali,2005,"8,223,851.72",DISASTER PREVENTION AND PREPAREDNESS
Mali,2005,"7,416,281.23",DISASTER PREVENTION AND PREPAREDNESS
Mali,2005,"7,943,054.06",DISASTER PREVENTION AND PREPAREDNESS
Mauritania,2005,"295,151,735.55",DISASTER PREVENTION AND PREPAREDNESS
Mauritania,2005,"15,191,633.45",DEVELOPMENTAL FOOD AID/FOOD SECURITY ASSISTANCE
Mauritius,2005,"10,594,687.47",DEVELOPMENTAL FOOD AID/FOOD SECURITY ASSISTANCE
Mauritius,2005,"3,293,358.60",DEVELOPMENTAL FOOD AID/FOOD SECURITY ASSISTANCE
Mauritius,2005,"5,907.90",DEVELOPMENTAL FOOD AID/FOOD SECURITY ASSISTANCE
Mauritius,2005,"794,601.56",DEVELOPMENTAL FOOD AID/FOOD SECURITY ASSISTANCE
Micronesia,2005,"4,991,536.70",DISASTER PREVENTION AND PREPAREDNESS
Micronesia,2005,"7,946,015.60",DISASTER PREVENTION AND PREPAREDNESS
Micronesia,2005,"542,558.34",DISASTER PREVENTION AND PREPAREDNESS
Micronesia,2005,"5,425,583.37",DISASTER PREVENTION AND PREPAREDNESS
Micronesia,2005,"976,605.01",DISASTER PREVENTION AND PREPAREDNESS
Micronesia,2005,"1,085,116.67",DEVELOPMENTAL FOOD AID/FOOD SECURITY ASSISTANCE
Micronesia,2005,"542,558.34",DEVELOPMENTAL FOOD AID/FOOD SECURITY ASSISTANCE
Micronesia,2005,"529,734.37",DEVELOPMENTAL FOOD AID/FOOD SECURITY ASSISTANCE
Micronesia,2005,"542,558.34",DEVELOPMENTAL FOOD AID/FOOD SECURITY ASSISTANCE
Micronesia,2005,"542,558.34",DEVELOPMENTAL FOOD AID/FOOD SECURITY ASSISTANCE
Micronesia,2005,"542,558.34",GOVERNMENT AND CIVIL SOCIETY
Micronesia,2005,"542,558.34",DISASTER PREVENTION AND PREPAREDNESS
Moldova,2005,"2,648,671.87",DISASTER PREVENTION AND PREPAREDNESS
Moldova,2005,"619,947.27",DISASTER PREVENTION AND PREPAREDNESS
Mongolia,2005,"86,809.33",DISASTER PREVENTION AND PREPAREDNESS
Morocco,2005,"5,297,343.73",DISASTER PREVENTION AND PREPAREDNESS
Mozambique,2005,"2,170,233.35",DEVELOPMENTAL FOOD AID/FOOD SECURITY ASSISTANCE
Mozambique,2005,"6,510,700.05",DEVELOPMENTAL FOOD AID/FOOD SECURITY ASSISTANCE
Mozambique,2005,"8,463,910.06",DEVELOPMENTAL FOOD AID/FOOD SECURITY ASSISTANCE
Myanmar,2005,"794,601.56",DEVELOPMENTAL FOOD AID/FOOD SECURITY ASSISTANCE
Myanmar,2005,"2,286,326.44",DEVELOPMENTAL FOOD AID/FOOD SECURITY ASSISTANCE
Myanmar,2005,"695,812.53",DISASTER PREVENTION AND PREPAREDNESS
Myanmar,2005,"434,046.67",DISASTER PREVENTION AND PREPAREDNESS
Myanmar,2005,"89,554,679.17",DISASTER PREVENTION AND PREPAREDNESS
Myanmar,2005,"56,946,445.15",DISASTER PREVENTION AND PREPAREDNESS
Myanmar,2005,"1,119,029.48",DISASTER PREVENTION AND PREPAREDNESS
Myanmar,2005,"264,867.19",DEVELOPMENTAL FOOD AID/FOOD SECURITY ASSISTANCE
Myanmar,2005,"662,167.97",DEVELOPMENTAL FOOD AID/FOOD SECURITY ASSISTANCE
Namibia,2005,"66,216,796.68",DEVELOPMENTAL FOOD AID/FOOD SECURITY ASSISTANCE
Namibia,2005,"170,506.72",DEVELOPMENTAL FOOD AID/FOOD SECURITY ASSISTANCE
Namibia,2005,"351,243.84",DEVELOPMENTAL FOOD AID/FOOD SECURITY ASSISTANCE
Namibia,2005,"13,243,359.34",GOVERNMENT AND CIVIL SOCIETY
Namibia,2005,"264,867.19",DISASTER PREVENTION AND PREPAREDNESS
Nauru,2005,"1,085,116.67",DISASTER PREVENTION AND PREPAREDNESS
Nepal,2005,"550,709.75",DISASTER PREVENTION AND PREPAREDNESS
Nepal,2005,"26,976,000.54",DISASTER PREVENTION AND PREPAREDNESS
Nepal,2005,"6,118,997.27",DISASTER PREVENTION AND PREPAREDNESS
Nepal,2005,"24,475,989.09",DEVELOPMENTAL FOOD AID/FOOD SECURITY ASSISTANCE
Nepal,2005,"11,124,421.84",DEVELOPMENTAL FOOD AID/FOOD SECURITY ASSISTANCE
Niger,2005,"7,946,015.60",DEVELOPMENTAL FOOD AID/FOOD SECURITY ASSISTANCE
Niger,2005,"616,788.88",DEVELOPMENTAL FOOD AID/FOOD SECURITY ASSISTANCE
Nigeria,2005,"646,186,979.85",DEVELOPMENTAL FOOD AID/FOOD SECURITY ASSISTANCE
Nigeria,2005,"49,915,367.04",DISASTER PREVENTION AND PREPAREDNESS
Nigeria,2005,"10,666,201.61",DISASTER PREVENTION AND PREPAREDNESS
Pakistan,2005,"423,460,255.31",DISASTER PREVENTION AND PREPAREDNESS
Pakistan,2005,"117,192,600.88",DISASTER PREVENTION AND PREPAREDNESS
Pakistan,2005,"217,023.33",DISASTER PREVENTION AND PREPAREDNESS
Pakistan,2005,"184,469,834.72",DISASTER PREVENTION AND PREPAREDNESS
Pakistan,2005,"868,093.34",DISASTER PREVENTION AND PREPAREDNESS
Pakistan,2005,"54,255.83",DISASTER PREVENTION AND PREPAREDNESS
Pakistan,2005,"63,568,124.82",DISASTER PREVENTION AND PREPAREDNESS
Pakistan,2005,"86,809,333.98",DISASTER PREVENTION AND PREPAREDNESS
Pakistan,2005,"382,359.41",DEVELOPMENTAL FOOD AID/FOOD SECURITY ASSISTANCE
Pakistan,2005,"651,070.00",DEVELOPMENTAL FOOD AID/FOOD SECURITY ASSISTANCE
Pakistan,2005,"13,455,446.77",DEVELOPMENTAL FOOD AID/FOOD SECURITY ASSISTANCE
Pakistan,2005,"217,023.33",DEVELOPMENTAL FOOD AID/FOOD SECURITY ASSISTANCE
Pakistan,2005,"26,891.36",DEVELOPMENTAL FOOD AID/FOOD SECURITY ASSISTANCE
Pakistan,2005,"13,546.60",GOVERNMENT AND CIVIL SOCIETY
Pakistan,2005,"53,687.23",DISASTER PREVENTION AND PREPAREDNESS
Pakistan,2005,"217,023.33",DISASTER PREVENTION AND PREPAREDNESS
Pakistan,2005,"217,023.33",DISASTER PREVENTION AND PREPAREDNESS
Pakistan,2005,"36,199.49",DISASTER PREVENTION AND PREPAREDNESS
Pakistan,2005,"61,905.81",DISASTER PREVENTION AND PREPAREDNESS
Pakistan,2005,"254,906.28",DEVELOPMENTAL FOOD AID/FOOD SECURITY ASSISTANCE
Pakistan,2005,"130,214.00",DEVELOPMENTAL FOOD AID/FOOD SECURITY ASSISTANCE
Pakistan,2005,"8,680,933.40",DEVELOPMENTAL FOOD AID/FOOD SECURITY ASSISTANCE
Pakistan,2005,"1,219,671.14",DEVELOPMENTAL FOOD AID/FOOD SECURITY ASSISTANCE
Papua New Guinea,2005,"177,325.39",DEVELOPMENTAL FOOD AID/FOOD SECURITY ASSISTANCE
Papua New Guinea,2005,"1,324,335.93",DISASTER PREVENTION AND PREPAREDNESS
Papua New Guinea,2005,"1,063,952.36",DISASTER PREVENTION AND PREPAREDNESS
Papua New Guinea,2005,"1,063,952.36",DISASTER PREVENTION AND PREPAREDNESS
Papua New Guinea,2005,"390,642.00",DISASTER PREVENTION AND PREPAREDNESS
Papua New Guinea,2005,"14,186.03",DISASTER PREVENTION AND PREPAREDNESS
Papua New Guinea,2005,"9,766,050.07",DEVELOPMENTAL FOOD AID/FOOD SECURITY ASSISTANCE
Peru,2005,"2,648,671.87",DEVELOPMENTAL FOOD AID/FOOD SECURITY ASSISTANCE
Philippines,2005,"542,558.34",DEVELOPMENTAL FOOD AID/FOOD SECURITY ASSISTANCE
Philippines,2005,"65,107,000.49",DEVELOPMENTAL FOOD AID/FOOD SECURITY ASSISTANCE
Romania,2005,"1,324,335.93",DEVELOPMENTAL FOOD AID/FOOD SECURITY ASSISTANCE
Russia,2005,"460,089,470.12",GOVERNMENT AND CIVIL SOCIETY
Russia,2005,"651,070,004.88",DISASTER PREVENTION AND PREPAREDNESS
Russia,2005,"423,787.50",DISASTER PREVENTION AND PREPAREDNESS
Russia,2005,"31,003,333.58",DISASTER PREVENTION AND PREPAREDNESS
Russia,2005,"36,893,966.94",DISASTER PREVENTION AND PREPAREDNESS
Russia,2005,"6,510,700,048.84",DISASTER PREVENTION AND PREPAREDNESS
Russia,2005,"15,705,635.85",DEVELOPMENTAL FOOD AID/FOOD SECURITY ASSISTANCE
Russia,2005,"31,003,333.58",DEVELOPMENTAL FOOD AID/FOOD SECURITY ASSISTANCE
Russia,2005,"6,510,700,048.84",DEVELOPMENTAL FOOD AID/FOOD SECURITY ASSISTANCE
Saint Lucia,2005,"1,085,116.67",DEVELOPMENTAL FOOD AID/FOOD SECURITY ASSISTANCE
Samoa,2005,"11,389,289.03",DEVELOPMENTAL FOOD AID/FOOD SECURITY ASSISTANCE
Senegal,2005,"2,878,348.10",DISASTER PREVENTION AND PREPAREDNESS
Senegal,2005,"108,308,127.15",DISASTER PREVENTION AND PREPAREDNESS
Serbia,2005,"10,851.17",DISASTER PREVENTION AND PREPAREDNESS
Serbia,2005,"10,851.17",DISASTER PREVENTION AND PREPAREDNESS
Seychelles,2005,"8,198,508.92",DISASTER PREVENTION AND PREPAREDNESS
Seychelles,2005,"2,199,721.99",DEVELOPMENTAL FOOD AID/FOOD SECURITY ASSISTANCE
Seychelles,2005,"3,255,350.02",DEVELOPMENTAL FOOD AID/FOOD SECURITY ASSISTANCE
Seychelles,2005,"6,510,700.05",DEVELOPMENTAL FOOD AID/FOOD SECURITY ASSISTANCE
Seychelles,2005,"542,558.34",DEVELOPMENTAL FOOD AID/FOOD SECURITY ASSISTANCE
Seychelles,2005,"327,940.36",DEVELOPMENTAL FOOD AID/FOOD SECURITY ASSISTANCE
Seychelles,2005,"1,085,116.67",GOVERNMENT AND CIVIL SOCIETY
Seychelles,2005,"4,340.47",DISASTER PREVENTION AND PREPAREDNESS
Seychelles,2005,"3,255.35",DISASTER PREVENTION AND PREPAREDNESS
Seychelles,2005,"5,425.58",DISASTER PREVENTION AND PREPAREDNESS
Sierra Leone,2005,"21,702,333.50",DISASTER PREVENTION AND PREPAREDNESS
Sierra Leone,2005,"5,297,343.73",DISASTER PREVENTION AND PREPAREDNESS
Somalia,2005,"6,510,700.05",DEVELOPMENTAL FOOD AID/FOOD SECURITY ASSISTANCE
Somalia,2005,"13,243,359.34",DEVELOPMENTAL FOOD AID/FOOD SECURITY ASSISTANCE
Somalia,2005,"217,023.33",DEVELOPMENTAL FOOD AID/FOOD SECURITY ASSISTANCE
South Africa,2005,"39,064,200.29",DEVELOPMENTAL FOOD AID/FOOD SECURITY ASSISTANCE
South Africa,2005,"13,021,400.10",DEVELOPMENTAL FOOD AID/FOOD SECURITY ASSISTANCE
South Africa,2005,"12,766,078.52",DISASTER PREVENTION AND PREPAREDNESS
South Africa,2005,"12,766,078.52",DISASTER PREVENTION AND PREPAREDNESS
South Africa,2005,"12,766,078.52",DISASTER PREVENTION AND PREPAREDNESS
South Africa,2005,"12,766,078.52",DISASTER PREVENTION AND PREPAREDNESS
South Africa,2005,"12,766,078.52",DISASTER PREVENTION AND PREPAREDNESS
South Africa,2005,"12,766,078.52",DEVELOPMENTAL FOOD AID/FOOD SECURITY ASSISTANCE
Sri Lanka,2005,"523,386.50",DEVELOPMENTAL FOOD AID/FOOD SECURITY ASSISTANCE
Sri Lanka,2005,"3,973,007.80",DEVELOPMENTAL FOOD AID/FOOD SECURITY ASSISTANCE
Sri Lanka,2005,"434,046.67",DEVELOPMENTAL FOOD AID/FOOD SECURITY ASSISTANCE
Sri Lanka,2005,"651,070,004.88",DEVELOPMENTAL FOOD AID/FOOD SECURITY ASSISTANCE
Sri Lanka,2005,"39,515,144.40",GOVERNMENT AND CIVIL SOCIETY
Sri Lanka,2005,"694,474.67",DISASTER PREVENTION AND PREPAREDNESS
Sri Lanka,2005,"231,238.36",DISASTER PREVENTION AND PREPAREDNESS
Sri Lanka,2005,"434,046.67",DISASTER PREVENTION AND PREPAREDNESS
Sri Lanka,2005,"134,352.64",DISASTER PREVENTION AND PREPAREDNESS
Sri Lanka,2005,"9,397,110.40",DISASTER PREVENTION AND PREPAREDNESS
Sri Lanka,2005,"361,706.28",DEVELOPMENTAL FOOD AID/FOOD SECURITY ASSISTANCE
Sri Lanka,2005,"2,790,377.53",DEVELOPMENTAL FOOD AID/FOOD SECURITY ASSISTANCE
Sudan,2005,"434,046,669.92",DEVELOPMENTAL FOOD AID/FOOD SECURITY ASSISTANCE
Sudan,2005,"70,532,583.86",DEVELOPMENTAL FOOD AID/FOOD SECURITY ASSISTANCE
Sudan,2005,"2,648,671.87",DEVELOPMENTAL FOOD AID/FOOD SECURITY ASSISTANCE
Sudan,2005,"145,774,574.09",DISASTER PREVENTION AND PREPAREDNESS
Sudan,2005,"12,587,353.43",DISASTER PREVENTION AND PREPAREDNESS
Sudan,2005,"15,408,656.78",DISASTER PREVENTION AND PREPAREDNESS
Sudan,2005,"379,790,836.18",DISASTER PREVENTION AND PREPAREDNESS
Sudan,2005,"22,787,450.17",DISASTER PREVENTION AND PREPAREDNESS
Sudan,2005,"21,702,333.50",DEVELOPMENTAL FOOD AID/FOOD SECURITY ASSISTANCE
Sudan,2005,"8,029,863.39",DEVELOPMENTAL FOOD AID/FOOD SECURITY ASSISTANCE
Sudan,2005,"1,004,818,040.87",DEVELOPMENTAL FOOD AID/FOOD SECURITY ASSISTANCE
Sudan,2005,"7,812,840.06",DEVELOPMENTAL FOOD AID/FOOD SECURITY ASSISTANCE
Sudan,2005,"48,179,180.36",DEVELOPMENTAL FOOD AID/FOOD SECURITY ASSISTANCE
Sudan,2005,"28,864,103.55",GOVERNMENT AND CIVIL SOCIETY
Suriname,2005,"5,297,343.73",DISASTER PREVENTION AND PREPAREDNESS
Syrian Arab Republic,2005,"1,059,468.75",DISASTER PREVENTION AND PREPAREDNESS
Syrian Arab Republic,2005,"7,946,015.60",DISASTER PREVENTION AND PREPAREDNESS
Tajikistan,2005,"1,302,140.01",DISASTER PREVENTION AND PREPAREDNESS
Tanzania,2005,"20,617.22",DISASTER PREVENTION AND PREPAREDNESS
Tanzania,2005,"28,213.03",DEVELOPMENTAL FOOD AID/FOOD SECURITY ASSISTANCE
Tanzania,2005,"268,273.40",DEVELOPMENTAL FOOD AID/FOOD SECURITY ASSISTANCE
Tanzania,2005,"267,927.30",DEVELOPMENTAL FOOD AID/FOOD SECURITY ASSISTANCE
Tanzania,2005,"4,340.47",DEVELOPMENTAL FOOD AID/FOOD SECURITY ASSISTANCE
Thailand,2005,"1,964,061.18",DEVELOPMENTAL FOOD AID/FOOD SECURITY ASSISTANCE
Thailand,2005,"1,302,140.01",DISASTER PREVENTION AND PREPAREDNESS
Thailand,2005,"39,406,696.03",DISASTER PREVENTION AND PREPAREDNESS
Thailand,2005,"38,813,474.67",DISASTER PREVENTION AND PREPAREDNESS
Timor-Leste,2005,"162,767.50",DISASTER PREVENTION AND PREPAREDNESS
Timor-Leste,2005,"13,243,359.34",DISASTER PREVENTION AND PREPAREDNESS
Timor-Leste,2005,"240,895.90",DISASTER PREVENTION AND PREPAREDNESS
Togo,2005,"217,023.33",DISASTER PREVENTION AND PREPAREDNESS
Togo,2005,"16,447,703.44",DISASTER PREVENTION AND PREPAREDNESS
Togo,2005,"1,644,770.34",DISASTER PREVENTION AND PREPAREDNESS
Trinidad and Tobago,2005,"2,648,671.87",DISASTER PREVENTION AND PREPAREDNESS
Tunisia,2005,"2,648,671.87",DEVELOPMENTAL FOOD AID/FOOD SECURITY ASSISTANCE
Tunisia,2005,"37,081,406.14",DEVELOPMENTAL FOOD AID/FOOD SECURITY ASSISTANCE
Turkmenistan,2005,"79,460,156.02",DEVELOPMENTAL FOOD AID/FOOD SECURITY ASSISTANCE
Turkmenistan,2005,"172,163,671.38",DEVELOPMENTAL FOOD AID/FOOD SECURITY ASSISTANCE
Turkmenistan,2005,"26,486,718.67",DEVELOPMENTAL FOOD AID/FOOD SECURITY ASSISTANCE
Turkmenistan,2005,"2,648,671.87",GOVERNMENT AND CIVIL SOCIETY
Uganda,2005,"79,460.16",DISASTER PREVENTION AND PREPAREDNESS
Uganda,2005,"2,706,280.99",DISASTER PREVENTION AND PREPAREDNESS
Ukraine,2005,"662,167.97",DISASTER PREVENTION AND PREPAREDNESS
Uzbekistan,2005,"41,584,148.32",DISASTER PREVENTION AND PREPAREDNESS
Uzbekistan,2005,"5,562,210.92",DISASTER PREVENTION AND PREPAREDNESS
Uzbekistan,2005,"2,170,233.35",DEVELOPMENTAL FOOD AID/FOOD SECURITY ASSISTANCE
Uzbekistan,2005,"32,313,796.78",DEVELOPMENTAL FOOD AID/FOOD SECURITY ASSISTANCE
Uzbekistan,2005,"17,361,866.80",DEVELOPMENTAL FOOD AID/FOOD SECURITY ASSISTANCE
Uzbekistan,2005,"11,068,190.08",DEVELOPMENTAL FOOD AID/FOOD SECURITY ASSISTANCE
Uzbekistan,2005,"12,804,376.76",DEVELOPMENTAL FOOD AID/FOOD SECURITY ASSISTANCE
Vanuatu,2005,"620,686.74",DISASTER PREVENTION AND PREPAREDNESS
Vanuatu,2005,"7,991,523.60",DISASTER PREVENTION AND PREPAREDNESS
Vanuatu,2005,"1,519,163.34",DISASTER PREVENTION AND PREPAREDNESS
Vanuatu,2005,"303,832.67",DISASTER PREVENTION AND PREPAREDNESS
Vanuatu,2005,"3,985,944.20",DISASTER PREVENTION AND PREPAREDNESS
Vanuatu,2005,"5,297,343.73",DEVELOPMENTAL FOOD AID/FOOD SECURITY ASSISTANCE
Venezuela,2005,"97,660,500.73",DEVELOPMENTAL FOOD AID/FOOD SECURITY ASSISTANCE
Venezuela,2005,"22,381,277.28",DEVELOPMENTAL FOOD AID/FOOD SECURITY ASSISTANCE
Venezuela,2005,"92,703,515.36",DEVELOPMENTAL FOOD AID/FOOD SECURITY ASSISTANCE
Viet Nam,2005,"140,379,608.97",DEVELOPMENTAL FOOD AID/FOOD SECURITY ASSISTANCE
Viet Nam,2005,"15,892,031.20",GOVERNMENT AND CIVIL SOCIETY
Viet Nam,2005,"145,676,952.70",DISASTER PREVENTION AND PREPAREDNESS
Viet Nam,2005,"397,300.78",DISASTER PREVENTION AND PREPAREDNESS
Viet Nam,2005,"12,981,168.63",DISASTER PREVENTION AND PREPAREDNESS
Viet Nam,2005,"603,324,871.19",DISASTER PREVENTION AND PREPAREDNESS
West Bank and Gaza Strip,2005,"13,243,359.34",DISASTER PREVENTION AND PREPAREDNESS
Yemen,2005,"7,946,015.60",DEVELOPMENTAL FOOD AID/FOOD SECURITY ASSISTANCE
Zambia,2005,"17,361,866.80",DEVELOPMENTAL FOOD AID/FOOD SECURITY ASSISTANCE
Zambia,2005,"1,085,116.67",DEVELOPMENTAL FOOD AID/FOOD SECURITY ASSISTANCE
Zambia,2005,"17,361,866.80",DEVELOPMENTAL FOOD AID/FOOD SECURITY ASSISTANCE
Zimbabwe,2005,"58,628,858.28",DEVELOPMENTAL FOOD AID/FOOD SECURITY ASSISTANCE
Zimbabwe,2005,"13,021,400.10",DISASTER PREVENTION AND PREPAREDNESS
Zimbabwe,2005,"13,243,359.34",DISASTER PREVENTION AND PREPAREDNESS
Zimbabwe,2005,"136,724,701.03",DISASTER PREVENTION AND PREPAREDNESS
Afghanistan,2004,"26,192,999.40",DISASTER PREVENTION AND PREPAREDNESS
Afghanistan,2004,"40,061,566.56",DISASTER PREVENTION AND PREPAREDNESS
Afghanistan,2004,"2,277,652.12",DEVELOPMENTAL FOOD AID/FOOD SECURITY ASSISTANCE
Afghanistan,2004,"2,277,652.12",DEVELOPMENTAL FOOD AID/FOOD SECURITY ASSISTANCE
Afghanistan,2004,"2,277,652.12",DEVELOPMENTAL FOOD AID/FOOD SECURITY ASSISTANCE
"Africa, regional",2004,"275,180.94",DEVELOPMENTAL FOOD AID/FOOD SECURITY ASSISTANCE
Albania,2004,"2,733,182.55",DEVELOPMENTAL FOOD AID/FOOD SECURITY ASSISTANCE
Albania,2004,"275,180.94",GOVERNMENT AND CIVIL SOCIETY
Albania,2004,"4,127,714.15",DISASTER PREVENTION AND PREPAREDNESS
Algeria,2004,"109,327,301.85",DISASTER PREVENTION AND PREPAREDNESS
Algeria,2004,"2,751,809.43",DISASTER PREVENTION AND PREPAREDNESS
Angola,2004,"28,371,393.72",DISASTER PREVENTION AND PREPAREDNESS
Angola,2004,"45,852,054.89",DISASTER PREVENTION AND PREPAREDNESS
Angola,2004,"91,239,062.22",DEVELOPMENTAL FOOD AID/FOOD SECURITY ASSISTANCE
Angola,2004,"824,510,068.12",DEVELOPMENTAL FOOD AID/FOOD SECURITY ASSISTANCE
Angola,2004,"4,555,304,243.77",DEVELOPMENTAL FOOD AID/FOOD SECURITY ASSISTANCE
Antigua and Barbuda,2004,"6,879,523.59",DEVELOPMENTAL FOOD AID/FOOD SECURITY ASSISTANCE
Armenia,2004,"2,063,857.08",DEVELOPMENTAL FOOD AID/FOOD SECURITY ASSISTANCE
"Asia, regional",2004,"137,590,471.72",DISASTER PREVENTION AND PREPAREDNESS
Azerbaijan,2004,"22,776,521.22",DISASTER PREVENTION AND PREPAREDNESS
Azerbaijan,2004,"2,751,809.43",DISASTER PREVENTION AND PREPAREDNESS
Bahamas,2004,"60,539,807.56",DISASTER PREVENTION AND PREPAREDNESS
Bahamas,2004,"227,765.21",DISASTER PREVENTION AND PREPAREDNESS
Bangladesh,2004,"227,765.21",DEVELOPMENTAL FOOD AID/FOOD SECURITY ASSISTANCE
Bangladesh,2004,"1,926,266.60",DEVELOPMENTAL FOOD AID/FOOD SECURITY ASSISTANCE
Belarus,2004,"1,375,904.72",DEVELOPMENTAL FOOD AID/FOOD SECURITY ASSISTANCE
Belarus,2004,"45,553,042.44",DEVELOPMENTAL FOOD AID/FOOD SECURITY ASSISTANCE
Belarus,2004,"2,751,809.43",DEVELOPMENTAL FOOD AID/FOOD SECURITY ASSISTANCE
Benin,2004,"3,416,478.18",GOVERNMENT AND CIVIL SOCIETY
Benin,2004,"1,725,091.07",DISASTER PREVENTION AND PREPAREDNESS
Bolivia,2004,"274,803.40",DISASTER PREVENTION AND PREPAREDNESS
Bolivia,2004,"12,093,149.90",DISASTER PREVENTION AND PREPAREDNESS
Bolivia,2004,"9,206,232.67",DISASTER PREVENTION AND PREPAREDNESS
Bolivia,2004,"3,416,478.18",DISASTER PREVENTION AND PREPAREDNESS
Bosnia and Herzegovina,2004,"5,503,618.87",DEVELOPMENTAL FOOD AID/FOOD SECURITY ASSISTANCE
Botswana,2004,"55,036,188.69",DEVELOPMENTAL FOOD AID/FOOD SECURITY ASSISTANCE
Botswana,2004,"972,054.44",DEVELOPMENTAL FOOD AID/FOOD SECURITY ASSISTANCE
Burundi,2004,"18,016,228.28",DEVELOPMENTAL FOOD AID/FOOD SECURITY ASSISTANCE
Burundi,2004,"1,926,266.60",DEVELOPMENTAL FOOD AID/FOOD SECURITY ASSISTANCE
Burundi,2004,"1,138,826.06",DISASTER PREVENTION AND PREPAREDNESS
Burundi,2004,"41,277.14",DISASTER PREVENTION AND PREPAREDNESS
Cabo Verde,2004,"5,694,130.30",DISASTER PREVENTION AND PREPAREDNESS
Cambodia,2004,"113,882.61",DISASTER PREVENTION AND PREPAREDNESS
Cambodia,2004,"5,826,518.83",DISASTER PREVENTION AND PREPAREDNESS
Cambodia,2004,"550,361.89",DEVELOPMENTAL FOOD AID/FOOD SECURITY ASSISTANCE
Cambodia,2004,"550,361.89",DEVELOPMENTAL FOOD AID/FOOD SECURITY ASSISTANCE
Central African Republic,2004,"5,503,618.87",DEVELOPMENTAL FOOD AID/FOOD SECURITY ASSISTANCE
Central African Republic,2004,"825,542.83",DEVELOPMENTAL FOOD AID/FOOD SECURITY ASSISTANCE
Colombia,2004,"853,060.92",DEVELOPMENTAL FOOD AID/FOOD SECURITY ASSISTANCE
Comoros,2004,"20,275,451.03",GOVERNMENT AND CIVIL SOCIETY
Comoros,2004,"447,672.52",DISASTER PREVENTION AND PREPAREDNESS
Congo,2004,"7,971,782.43",DISASTER PREVENTION AND PREPAREDNESS
Cook Islands,2004,"6,041,439.30",DISASTER PREVENTION AND PREPAREDNESS
Cook Islands,2004,"5,503,618.87",DISASTER PREVENTION AND PREPAREDNESS
Cote d'Ivoire,2004,"5,503,618.87",DISASTER PREVENTION AND PREPAREDNESS
Cuba,2004,"1,138,826,060.94",DEVELOPMENTAL FOOD AID/FOOD SECURITY ASSISTANCE
Cuba,2004,"13,759,047.17",DEVELOPMENTAL FOOD AID/FOOD SECURITY ASSISTANCE
Cuba,2004,"13,759,047.17",DEVELOPMENTAL FOOD AID/FOOD SECURITY ASSISTANCE
Cuba,2004,"6,832,956.37",DEVELOPMENTAL FOOD AID/FOOD SECURITY ASSISTANCE
Cuba,2004,"34,164,781.83",DEVELOPMENTAL FOOD AID/FOOD SECURITY ASSISTANCE
Democratic People's Republic of Korea,2004,"113,882,606.09",DISASTER PREVENTION AND PREPAREDNESS
Democratic People's Republic of Korea,2004,"2,751,809.43",DISASTER PREVENTION AND PREPAREDNESS
Democratic People's Republic of Korea,2004,"71,547,045.29",DISASTER PREVENTION AND PREPAREDNESS
Democratic People's Republic of Korea,2004,"11,388.26",DISASTER PREVENTION AND PREPAREDNESS
Democratic People's Republic of Korea,2004,"11,007,237.74",DISASTER PREVENTION AND PREPAREDNESS
Democratic People's Republic of Korea,2004,"22,731,274.84",DISASTER PREVENTION AND PREPAREDNESS
Democratic People's Republic of Korea,2004,"17,144,623.77",DISASTER PREVENTION AND PREPAREDNESS
Democratic People's Republic of Korea,2004,"7,484,868.32",DISASTER PREVENTION AND PREPAREDNESS
Democratic People's Republic of Korea,2004,"346,508,669.56",DISASTER PREVENTION AND PREPAREDNESS
Democratic Republic of the Congo,2004,"8,255,363.80",DISASTER PREVENTION AND PREPAREDNESS
Democratic Republic of the Congo,2004,"5,503,618.87",DEVELOPMENTAL FOOD AID/FOOD SECURITY ASSISTANCE
Democratic Republic of the Congo,2004,"8,255,428.30",DEVELOPMENTAL FOOD AID/FOOD SECURITY ASSISTANCE
Djibouti,2004,"3,959,338.90",DEVELOPMENTAL FOOD AID/FOOD SECURITY ASSISTANCE
Dominica,2004,"255,097,037.65",DEVELOPMENTAL FOOD AID/FOOD SECURITY ASSISTANCE
Dominica,2004,"5,921,895.52",DEVELOPMENTAL FOOD AID/FOOD SECURITY ASSISTANCE
Dominica,2004,"5,238,599.88",GOVERNMENT AND CIVIL SOCIETY
Dominican Republic,2004,"4,555,304.24",DISASTER PREVENTION AND PREPAREDNESS
Ecuador,2004,"16,298,967.28",DISASTER PREVENTION AND PREPAREDNESS
Ecuador,2004,"3,302,171.32",DISASTER PREVENTION AND PREPAREDNESS
Egypt,2004,"8,255,428.30",DISASTER PREVENTION AND PREPAREDNESS
Egypt,2004,"22,014,475.47",DISASTER PREVENTION AND PREPAREDNESS
Equatorial Guinea,2004,"8,568,033.85",DEVELOPMENTAL FOOD AID/FOOD SECURITY ASSISTANCE
Eritrea,2004,"4,127,714.15",DEVELOPMENTAL FOOD AID/FOOD SECURITY ASSISTANCE
Ethiopia,2004,"263,744.06",DEVELOPMENTAL FOOD AID/FOOD SECURITY ASSISTANCE
Fiji,2004,"68,329.56",DEVELOPMENTAL FOOD AID/FOOD SECURITY ASSISTANCE
Fiji,2004,"6,879,523.59",DEVELOPMENTAL FOOD AID/FOOD SECURITY ASSISTANCE
Fiji,2004,"4,402,895.09",DISASTER PREVENTION AND PREPAREDNESS
Fiji,2004,"6,879,523.59",DISASTER PREVENTION AND PREPAREDNESS
Gabon,2004,"13,665,912.73",DISASTER PREVENTION AND PREPAREDNESS
Gabon,2004,"11,388,260.61",DISASTER PREVENTION AND PREPAREDNESS
Gabon,2004,"11,007,237.74",DISASTER PREVENTION AND PREPAREDNESS
Gabon,2004,"2,751,809.43",DEVELOPMENTAL FOOD AID/FOOD SECURITY ASSISTANCE
Georgia,2004,"1,375,904.72",DEVELOPMENTAL FOOD AID/FOOD SECURITY ASSISTANCE
Georgia,2004,"1,081,884.76",DEVELOPMENTAL FOOD AID/FOOD SECURITY ASSISTANCE
Ghana,2004,"142,353.26",DEVELOPMENTAL FOOD AID/FOOD SECURITY ASSISTANCE
Ghana,2004,"14,804.74",DEVELOPMENTAL FOOD AID/FOOD SECURITY ASSISTANCE
Ghana,2004,"5,503,618.87",GOVERNMENT AND CIVIL SOCIETY
Guinea,2004,"99,065,139.64",DISASTER PREVENTION AND PREPAREDNESS
Guinea,2004,"4,555,304.24",DISASTER PREVENTION AND PREPAREDNESS
Guinea,2004,"5,502,807.53",DISASTER PREVENTION AND PREPAREDNESS
Guinea,2004,"5,502,807.53",DISASTER PREVENTION AND PREPAREDNESS
Guinea-Bissau,2004,"1,375,904.72",DISASTER PREVENTION AND PREPAREDNESS
Guinea-Bissau,2004,"12,185,438.85",DEVELOPMENTAL FOOD AID/FOOD SECURITY ASSISTANCE
Guinea-Bissau,2004,"882,817.96",DEVELOPMENTAL FOOD AID/FOOD SECURITY ASSISTANCE
India,2004,"11,388,260.61",DEVELOPMENTAL FOOD AID/FOOD SECURITY ASSISTANCE
India,2004,"15,943,564.85",DEVELOPMENTAL FOOD AID/FOOD SECURITY ASSISTANCE
India,2004,"17,082,390.91",DEVELOPMENTAL FOOD AID/FOOD SECURITY ASSISTANCE
India,2004,"22,776,521.22",DISASTER PREVENTION AND PREPAREDNESS
Indonesia,2004,"364,879,869.93",DISASTER PREVENTION AND PREPAREDNESS
Indonesia,2004,"227,765.21",DISASTER PREVENTION AND PREPAREDNESS
Indonesia,2004,"91,106.08",DISASTER PREVENTION AND PREPAREDNESS
Indonesia,2004,"22,776.52",DISASTER PREVENTION AND PREPAREDNESS
Indonesia,2004,"113,882.61",DEVELOPMENTAL FOOD AID/FOOD SECURITY ASSISTANCE
Indonesia,2004,"341,647,818.28",DEVELOPMENTAL FOOD AID/FOOD SECURITY ASSISTANCE
Indonesia,2004,"1,375,904.72",DEVELOPMENTAL FOOD AID/FOOD SECURITY ASSISTANCE
Indonesia,2004,"462,411.21",DEVELOPMENTAL FOOD AID/FOOD SECURITY ASSISTANCE
Indonesia,2004,"2,751,809.43",DEVELOPMENTAL FOOD AID/FOOD SECURITY ASSISTANCE
Iran,2004,"1,618,499,597.81",GOVERNMENT AND CIVIL SOCIETY
Iran,2004,"45,553.04",DISASTER PREVENTION AND PREPAREDNESS
Jamaica,2004,"1,138.83",DISASTER PREVENTION AND PREPAREDNESS
Jamaica,2004,"227,765.21",DISASTER PREVENTION AND PREPAREDNESS
Jordan,2004,"45,553.04",DISASTER PREVENTION AND PREPAREDNESS
Jordan,2004,"2,733,182.55",DISASTER PREVENTION AND PREPAREDNESS
Jordan,2004,"55,036,188.69",DEVELOPMENTAL FOOD AID/FOOD SECURITY ASSISTANCE
Kazakhstan,2004,"3,074,830.36",DEVELOPMENTAL FOOD AID/FOOD SECURITY ASSISTANCE
Kazakhstan,2004,"145,086.44",DEVELOPMENTAL FOOD AID/FOOD SECURITY ASSISTANCE
Kenya,2004,"143,806.58",DEVELOPMENTAL FOOD AID/FOOD SECURITY ASSISTANCE
Kenya,2004,"7,584,581.57",DEVELOPMENTAL FOOD AID/FOOD SECURITY ASSISTANCE
Kenya,2004,"273,318.25",DISASTER PREVENTION AND PREPAREDNESS
Kyrgyz Republic,2004,"8,255,428.30",DISASTER PREVENTION AND PREPAREDNESS
Kyrgyz Republic,2004,"2,751,809.43",DISASTER PREVENTION AND PREPAREDNESS
Kyrgyz Republic,2004,"16,510,856.61",DISASTER PREVENTION AND PREPAREDNESS
Kyrgyz Republic,2004,"1,375,904.72",DISASTER PREVENTION AND PREPAREDNESS
Kyrgyz Republic,2004,"11,007.24",DEVELOPMENTAL FOOD AID/FOOD SECURITY ASSISTANCE
Kyrgyz Republic,2004,"683,295.64",DEVELOPMENTAL FOOD AID/FOOD SECURITY ASSISTANCE
Lao People's Democratic Republic,2004,"3,577,352.26",DEVELOPMENTAL FOOD AID/FOOD SECURITY ASSISTANCE
Lao People's Democratic Republic,2004,"82,323.46",DEVELOPMENTAL FOOD AID/FOOD SECURITY ASSISTANCE
Lao People's Democratic Republic,2004,"2,751,809.43",DEVELOPMENTAL FOOD AID/FOOD SECURITY ASSISTANCE
Lao People's Democratic Republic,2004,"522,843.79",GOVERNMENT AND CIVIL SOCIETY
Lao People's Democratic Republic,2004,"318,871,297.06",DISASTER PREVENTION AND PREPAREDNESS
Lao People's Democratic Republic,2004,"414,397,545.57",DISASTER PREVENTION AND PREPAREDNESS
Lao People's Democratic Republic,2004,"246,897,490.01",DISASTER PREVENTION AND PREPAREDNESS
Lesotho,2004,"5,503,618.87",DISASTER PREVENTION AND PREPAREDNESS
Liberia,2004,"2,733,182.55",DISASTER PREVENTION AND PREPAREDNESS
Liberia,2004,"2,733,182.55",DEVELOPMENTAL FOOD AID/FOOD SECURITY ASSISTANCE
Liberia,2004,"4,127,714.15",DEVELOPMENTAL FOOD AID/FOOD SECURITY ASSISTANCE
Madagascar,2004,"9,110,608.49",DEVELOPMENTAL FOOD AID/FOOD SECURITY ASSISTANCE
Madagascar,2004,"5,503,618.87",DEVELOPMENTAL FOOD AID/FOOD SECURITY ASSISTANCE
Madagascar,2004,"10,659,411.93",DEVELOPMENTAL FOOD AID/FOOD SECURITY ASSISTANCE
Madagascar,2004,"5,503,618.87",DISASTER PREVENTION AND PREPAREDNESS
Madagascar,2004,"1,651,085.66",DISASTER PREVENTION AND PREPAREDNESS
Malaysia,2004,"45,253.35",DISASTER PREVENTION AND PREPAREDNESS
Malaysia,2004,"364,424,339.50",DISASTER PREVENTION AND PREPAREDNESS
Malaysia,2004,"20,498,869.10",DISASTER PREVENTION AND PREPAREDNESS
Malaysia,2004,"22,776,521.22",DEVELOPMENTAL FOOD AID/FOOD SECURITY ASSISTANCE
Maldives,2004,"569,413.03",DEVELOPMENTAL FOOD AID/FOOD SECURITY ASSISTANCE
Mali,2004,"16,373,266.13",DEVELOPMENTAL FOOD AID/FOOD SECURITY ASSISTANCE
Mali,2004,"11,007,237.74",DEVELOPMENTAL FOOD AID/FOOD SECURITY ASSISTANCE
Mali,2004,"5,503,618.87",DEVELOPMENTAL FOOD AID/FOOD SECURITY ASSISTANCE
Mauritania,2004,"1,138,826.06",GOVERNMENT AND CIVIL SOCIETY
Mauritius,2004,"5,503,618.87",DISASTER PREVENTION AND PREPAREDNESS
Mauritius,2004,"61,225.11",DISASTER PREVENTION AND PREPAREDNESS
Mauritius,2004,"16,050.91",DISASTER PREVENTION AND PREPAREDNESS
Mauritius,2004,"5,503,618.87",DISASTER PREVENTION AND PREPAREDNESS
Mexico,2004,"346,203,122.53",DISASTER PREVENTION AND PREPAREDNESS
Micronesia,2004,"1,890,451.26",DEVELOPMENTAL FOOD AID/FOOD SECURITY ASSISTANCE
Micronesia,2004,"4,099,773.82",DEVELOPMENTAL FOOD AID/FOOD SECURITY ASSISTANCE
Micronesia,2004,"11,007,237.74",DEVELOPMENTAL FOOD AID/FOOD SECURITY ASSISTANCE
Moldova,2004,"82,554.28",DEVELOPMENTAL FOOD AID/FOOD SECURITY ASSISTANCE
Morocco,2004,"1,375,904.72",DEVELOPMENTAL FOOD AID/FOOD SECURITY ASSISTANCE
Mozambique,2004,"8,199,547.64",DISASTER PREVENTION AND PREPAREDNESS
Myanmar,2004,"1,375,904.72",DISASTER PREVENTION AND PREPAREDNESS
Myanmar,2004,"341,647,818.28",DISASTER PREVENTION AND PREPAREDNESS
Myanmar,2004,"45,553,042.44",DISASTER PREVENTION AND PREPAREDNESS
Myanmar,2004,"4,127,714.15",DISASTER PREVENTION AND PREPAREDNESS
Myanmar,2004,"7,705,066.42",DISASTER PREVENTION AND PREPAREDNESS
Myanmar,2004,"3,412,243.70",DISASTER PREVENTION AND PREPAREDNESS
Myanmar,2004,"16,510,856.61",DISASTER PREVENTION AND PREPAREDNESS
Myanmar,2004,"2,842,619.15",DISASTER PREVENTION AND PREPAREDNESS
Myanmar,2004,"5,503,618.87",DISASTER PREVENTION AND PREPAREDNESS
Myanmar,2004,"8,255,428.30",DEVELOPMENTAL FOOD AID/FOOD SECURITY ASSISTANCE
Myanmar,2004,"9,810,200.63",DEVELOPMENTAL FOOD AID/FOOD SECURITY ASSISTANCE
Myanmar,2004,"8,255,428.30",DEVELOPMENTAL FOOD AID/FOOD SECURITY ASSISTANCE
Myanmar,2004,"13,759,047.17",DEVELOPMENTAL FOOD AID/FOOD SECURITY ASSISTANCE
Myanmar,2004,"1,375,904.72",DEVELOPMENTAL FOOD AID/FOOD SECURITY ASSISTANCE
Myanmar,2004,"220,144,754.75",GOVERNMENT AND CIVIL SOCIETY
Myanmar,2004,"1,375,904.72",DISASTER PREVENTION AND PREPAREDNESS
Myanmar,2004,"55,036,188.69",DISASTER PREVENTION AND PREPAREDNESS
Myanmar,2004,"10,346,803.47",DISASTER PREVENTION AND PREPAREDNESS
Myanmar,2004,"8,255,428.30",DISASTER PREVENTION AND PREPAREDNESS
Myanmar,2004,"12,107,961.51",DISASTER PREVENTION AND PREPAREDNESS
Myanmar,2004,"22,014,475.47",DEVELOPMENTAL FOOD AID/FOOD SECURITY ASSISTANCE
Myanmar,2004,"13,759,047.17",DEVELOPMENTAL FOOD AID/FOOD SECURITY ASSISTANCE
Namibia,2004,"10,610.90",DEVELOPMENTAL FOOD AID/FOOD SECURITY ASSISTANCE
Namibia,2004,"510,384.38",DEVELOPMENTAL FOOD AID/FOOD SECURITY ASSISTANCE
Namibia,2004,"10,610,901.87",DEVELOPMENTAL FOOD AID/FOOD SECURITY ASSISTANCE
Nauru,2004,"2,277,652.12",DISASTER PREVENTION AND PREPAREDNESS
Nauru,2004,"2,277,652.12",DISASTER PREVENTION AND PREPAREDNESS
Niger,2004,"137,590.47",DISASTER PREVENTION AND PREPAREDNESS
Nigeria,2004,"5,124,717.27",DISASTER PREVENTION AND PREPAREDNESS
Nigeria,2004,"27,331.83",DISASTER PREVENTION AND PREPAREDNESS
Niue,2004,"302,071.96",DEVELOPMENTAL FOOD AID/FOOD SECURITY ASSISTANCE
Niue,2004,"246,188.65",DEVELOPMENTAL FOOD AID/FOOD SECURITY ASSISTANCE
Niue,2004,"1,138,826.06",DEVELOPMENTAL FOOD AID/FOOD SECURITY ASSISTANCE
North Macedonia,2004,"5,503,618.87",DEVELOPMENTAL FOOD AID/FOOD SECURITY ASSISTANCE
"Oceania, regional",2004,"159,435.65",DEVELOPMENTAL FOOD AID/FOOD SECURITY ASSISTANCE
"Oceania, regional",2004,"68,329.56",GOVERNMENT AND CIVIL SOCIETY
Pakistan,2004,"341,647,818.28",DISASTER PREVENTION AND PREPAREDNESS
Pakistan,2004,"113,882.61",DISASTER PREVENTION AND PREPAREDNESS
Papua New Guinea,2004,"10,734,405.45",DISASTER PREVENTION AND PREPAREDNESS
Papua New Guinea,2004,"143,125.41",DISASTER PREVENTION AND PREPAREDNESS
Papua New Guinea,2004,"22,184.44",DISASTER PREVENTION AND PREPAREDNESS
Papua New Guinea,2004,"16,459,421.69",DEVELOPMENTAL FOOD AID/FOOD SECURITY ASSISTANCE
Papua New Guinea,2004,"7,288,486.79",DEVELOPMENTAL FOOD AID/FOOD SECURITY ASSISTANCE
Papua New Guinea,2004,"7,156.27",DEVELOPMENTAL FOOD AID/FOOD SECURITY ASSISTANCE
Papua New Guinea,2004,"6,377,425.94",DEVELOPMENTAL FOOD AID/FOOD SECURITY ASSISTANCE
Philippines,2004,"227,765,212.19",DEVELOPMENTAL FOOD AID/FOOD SECURITY ASSISTANCE
Philippines,2004,"63,774,259.41",DISASTER PREVENTION AND PREPAREDNESS
Philippines,2004,"75,162,520.02",DISASTER PREVENTION AND PREPAREDNESS
Philippines,2004,"113,882.61",DISASTER PREVENTION AND PREPAREDNESS
Philippines,2004,"911,060,848.75",DISASTER PREVENTION AND PREPAREDNESS
Philippines,2004,"411,776,727.12",DISASTER PREVENTION AND PREPAREDNESS
Philippines,2004,"31,887,129.71",DEVELOPMENTAL FOOD AID/FOOD SECURITY ASSISTANCE
Philippines,2004,"11,388,260.61",DEVELOPMENTAL FOOD AID/FOOD SECURITY ASSISTANCE
Philippines,2004,"36,442,433.95",DEVELOPMENTAL FOOD AID/FOOD SECURITY ASSISTANCE
Romania,2004,"291,539,471.60",DEVELOPMENTAL FOOD AID/FOOD SECURITY ASSISTANCE
Russia,2004,"2,751,809.43",DEVELOPMENTAL FOOD AID/FOOD SECURITY ASSISTANCE
Russia,2004,"227,765.21",GOVERNMENT AND CIVIL SOCIETY
Russia,2004,"455,530,424.38",DISASTER PREVENTION AND PREPAREDNESS
Russia,2004,"1,366,591.27",DISASTER PREVENTION AND PREPAREDNESS
Saint Lucia,2004,"10,932,730.19",DISASTER PREVENTION AND PREPAREDNESS
Saint Lucia,2004,"546,636.51",DISASTER PREVENTION AND PREPAREDNESS
Saint Lucia,2004,"2,530.72",DISASTER PREVENTION AND PREPAREDNESS
Samoa,2004,"227,765.21",DEVELOPMENTAL FOOD AID/FOOD SECURITY ASSISTANCE
Samoa,2004,"2,049,886.91",DEVELOPMENTAL FOOD AID/FOOD SECURITY ASSISTANCE
Seychelles,2004,"275,180.94",DEVELOPMENTAL FOOD AID/FOOD SECURITY ASSISTANCE
Sierra Leone,2004,"6,832,956.37",DEVELOPMENTAL FOOD AID/FOOD SECURITY ASSISTANCE
Somalia,2004,"82,554.28",DEVELOPMENTAL FOOD AID/FOOD SECURITY ASSISTANCE
Somalia,2004,"227,765.21",DISASTER PREVENTION AND PREPAREDNESS
South Africa,2004,"25,737,468.98",DISASTER PREVENTION AND PREPAREDNESS
South Africa,2004,"69,468,389.72",DISASTER PREVENTION AND PREPAREDNESS
South Africa,2004,"30,437,714.80",DISASTER PREVENTION AND PREPAREDNESS
South Africa,2004,"41,851,857.74",DISASTER PREVENTION AND PREPAREDNESS
Sri Lanka,2004,"16,542,903.95",DEVELOPMENTAL FOOD AID/FOOD SECURITY ASSISTANCE
Sri Lanka,2004,"13,759,047.17",DEVELOPMENTAL FOOD AID/FOOD SECURITY ASSISTANCE
Sri Lanka,2004,"455,530.42",DEVELOPMENTAL FOOD AID/FOOD SECURITY ASSISTANCE
Sri Lanka,2004,"569,413.03",DEVELOPMENTAL FOOD AID/FOOD SECURITY ASSISTANCE
Sri Lanka,2004,"12,878,468.15",DEVELOPMENTAL FOOD AID/FOOD SECURITY ASSISTANCE
Sri Lanka,2004,"27,518,094.34",GOVERNMENT AND CIVIL SOCIETY
Sri Lanka,2004,"467,807.60",DISASTER PREVENTION AND PREPAREDNESS
Sri Lanka,2004,"1,377,047.97",DISASTER PREVENTION AND PREPAREDNESS
Sudan,2004,"102,494,345.48",DISASTER PREVENTION AND PREPAREDNESS
Sudan,2004,"22,776,521.22",DISASTER PREVENTION AND PREPAREDNESS
Sudan,2004,"27,331,825.46",DISASTER PREVENTION AND PREPAREDNESS
Sudan,2004,"186,767,473.99",DEVELOPMENTAL FOOD AID/FOOD SECURITY ASSISTANCE
Sudan,2004,"1,375,904.72",DEVELOPMENTAL FOOD AID/FOOD SECURITY ASSISTANCE
Sudan,2004,"2,733,182.55",DEVELOPMENTAL FOOD AID/FOOD SECURITY ASSISTANCE
Sudan,2004,"3,416,478.18",DEVELOPMENTAL FOOD AID/FOOD SECURITY ASSISTANCE
Sudan,2004,"911,060.85",DEVELOPMENTAL FOOD AID/FOOD SECURITY ASSISTANCE
Sudan,2004,"455,530.42",DISASTER PREVENTION AND PREPAREDNESS
Sudan,2004,"91,106.08",DISASTER PREVENTION AND PREPAREDNESS
Sudan,2004,"113,882,606.09",DISASTER PREVENTION AND PREPAREDNESS
Sudan,2004,"28,242,886.31",DISASTER PREVENTION AND PREPAREDNESS
Sudan,2004,"25,509,703.77",DISASTER PREVENTION AND PREPAREDNESS
Sudan,2004,"5,466,365.09",DEVELOPMENTAL FOOD AID/FOOD SECURITY ASSISTANCE
Sudan,2004,"294,723,853.39",DEVELOPMENTAL FOOD AID/FOOD SECURITY ASSISTANCE
Sudan,2004,"20,498,869.10",DEVELOPMENTAL FOOD AID/FOOD SECURITY ASSISTANCE
Sudan,2004,"15,488,034.43",DEVELOPMENTAL FOOD AID/FOOD SECURITY ASSISTANCE
Sudan,2004,"34,164,781.83",DEVELOPMENTAL FOOD AID/FOOD SECURITY ASSISTANCE
Sudan,2004,"911,060.85",GOVERNMENT AND CIVIL SOCIETY
Sudan,2004,"8,255,428.30",DISASTER PREVENTION AND PREPAREDNESS
Sudan,2004,"8,255,428.30",DISASTER PREVENTION AND PREPAREDNESS
Suriname,2004,"98,717,517.68",DISASTER PREVENTION AND PREPAREDNESS
Syrian Arab Republic,2004,"5,503,618.87",DISASTER PREVENTION AND PREPAREDNESS
Syrian Arab Republic,2004,"82,554,283.03",DISASTER PREVENTION AND PREPAREDNESS
Syrian Arab Republic,2004,"1,375,904.72",DEVELOPMENTAL FOOD AID/FOOD SECURITY ASSISTANCE
Syrian Arab Republic,2004,"4,127,714.15",DEVELOPMENTAL FOOD AID/FOOD SECURITY ASSISTANCE
Tajikistan,2004,"43,275.39",DEVELOPMENTAL FOOD AID/FOOD SECURITY ASSISTANCE
Tajikistan,2004,"1,651,085.66",DEVELOPMENTAL FOOD AID/FOOD SECURITY ASSISTANCE
Tajikistan,2004,"3,416.48",DEVELOPMENTAL FOOD AID/FOOD SECURITY ASSISTANCE
Tajikistan,2004,"46,464.10",DISASTER PREVENTION AND PREPAREDNESS
Tajikistan,2004,"13,759,047.17",DISASTER PREVENTION AND PREPAREDNESS
Tanzania,2004,"46,780,760.38",DISASTER PREVENTION AND PREPAREDNESS
Tanzania,2004,"12,383,142.45",DISASTER PREVENTION AND PREPAREDNESS
Tanzania,2004,"45,553.04",DISASTER PREVENTION AND PREPAREDNESS
Thailand,2004,"226,299.32",DISASTER PREVENTION AND PREPAREDNESS
Timor-Leste,2004,"2,505,417.33",DISASTER PREVENTION AND PREPAREDNESS
Togo,2004,"150,945.47",DISASTER PREVENTION AND PREPAREDNESS
Togo,2004,"38,720,086.07",DISASTER PREVENTION AND PREPAREDNESS
Togo,2004,"550,361.89",DISASTER PREVENTION AND PREPAREDNESS
Togo,2004,"1,293,818.31",DEVELOPMENTAL FOOD AID/FOOD SECURITY ASSISTANCE
Tonga,2004,"22,776,521.22",DEVELOPMENTAL FOOD AID/FOOD SECURITY ASSISTANCE
Tunisia,2004,"2,751,809.43",DEVELOPMENTAL FOOD AID/FOOD SECURITY ASSISTANCE
Tunisia,2004,"96,313,330.20",DEVELOPMENTAL FOOD AID/FOOD SECURITY ASSISTANCE
Tunisia,2004,"8,255,428.30",DEVELOPMENTAL FOOD AID/FOOD SECURITY ASSISTANCE
Tunisia,2004,"36,731,152.33",GOVERNMENT AND CIVIL SOCIETY
Uganda,2004,"11,388,260.61",DISASTER PREVENTION AND PREPAREDNESS
Uganda,2004,"5,921,895.52",DISASTER PREVENTION AND PREPAREDNESS
Uruguay,2004,"1,375,904.72",DISASTER PREVENTION AND PREPAREDNESS
Uzbekistan,2004,"13,759,047.17",DISASTER PREVENTION AND PREPAREDNESS
Uzbekistan,2004,"5,466,365.09",DISASTER PREVENTION AND PREPAREDNESS
Uzbekistan,2004,"683,295,636.57",DEVELOPMENTAL FOOD AID/FOOD SECURITY ASSISTANCE
Uzbekistan,2004,"82,554,283.03",DEVELOPMENTAL FOOD AID/FOOD SECURITY ASSISTANCE
Uzbekistan,2004,"43,275,390.32",DEVELOPMENTAL FOOD AID/FOOD SECURITY ASSISTANCE
Uzbekistan,2004,"22,776,521.22",DEVELOPMENTAL FOOD AID/FOOD SECURITY ASSISTANCE
Uzbekistan,2004,"13,759,047.17",DEVELOPMENTAL FOOD AID/FOOD SECURITY ASSISTANCE
Uzbekistan,2004,"1,926,266.60",DISASTER PREVENTION AND PREPAREDNESS
Uzbekistan,2004,"192,626.66",DISASTER PREVENTION AND PREPAREDNESS
Uzbekistan,2004,"3,577,352.26",DISASTER PREVENTION AND PREPAREDNESS
Vanuatu,2004,"8,255,428.30",DISASTER PREVENTION AND PREPAREDNESS
Vanuatu,2004,"162,834.08",DISASTER PREVENTION AND PREPAREDNESS
Venezuela,2004,"1,375,904.72",DEVELOPMENTAL FOOD AID/FOOD SECURITY ASSISTANCE
Venezuela,2004,"91,106,084.88",DEVELOPMENTAL FOOD AID/FOOD SECURITY ASSISTANCE
Venezuela,2004,"2,751,809.43",DEVELOPMENTAL FOOD AID/FOOD SECURITY ASSISTANCE
Viet Nam,2004,"227,309,681.76",DEVELOPMENTAL FOOD AID/FOOD SECURITY ASSISTANCE
Viet Nam,2004,"227,765.21",DEVELOPMENTAL FOOD AID/FOOD SECURITY ASSISTANCE
Viet Nam,2004,"55,036.19",GOVERNMENT AND CIVIL SOCIETY
Viet Nam,2004,"45,553.04",DISASTER PREVENTION AND PREPAREDNESS
Viet Nam,2004,"26,223,178.29",DISASTER PREVENTION AND PREPAREDNESS
Yemen,2004,"12,658,323.40",DISASTER PREVENTION AND PREPAREDNESS
Yemen,2004,"8,255,428.30",DISASTER PREVENTION AND PREPAREDNESS
Yemen,2004,"55,036,188.69",DISASTER PREVENTION AND PREPAREDNESS
Yemen,2004,"5,503,618.87",DEVELOPMENTAL FOOD AID/FOOD SECURITY ASSISTANCE
Yemen,2004,"61,383,994.70",DEVELOPMENTAL FOOD AID/FOOD SECURITY ASSISTANCE
Yemen,2004,"52,834,741.14",DEVELOPMENTAL FOOD AID/FOOD SECURITY ASSISTANCE
Zambia,2004,"5,503,618.87",DEVELOPMENTAL FOOD AID/FOOD SECURITY ASSISTANCE
Zambia,2004,"1,138,826.06",DEVELOPMENTAL FOOD AID/FOOD SECURITY ASSISTANCE
Zambia,2004,"2,505,417.33",DISASTER PREVENTION AND PREPAREDNESS
Zambia,2004,"12,383,142.45",DISASTER PREVENTION AND PREPAREDNESS
Zimbabwe,2004,"79,717,824.27",DISASTER PREVENTION AND PREPAREDNESS
Zimbabwe,2004,"597,815.51",DISASTER PREVENTION AND PREPAREDNESS
Zimbabwe,2004,"5,238,599.88",DISASTER PREVENTION AND PREPAREDNESS
Zimbabwe,2004,"27,331,825.46",DEVELOPMENTAL FOOD AID/FOOD SECURITY ASSISTANCE
Afghanistan,2003,"10,596,877.27",DEVELOPMENTAL FOOD AID/FOOD SECURITY ASSISTANCE
Afghanistan,2003,"588,627.47",DEVELOPMENTAL FOOD AID/FOOD SECURITY ASSISTANCE
Afghanistan,2003,"36,540,956.11",DEVELOPMENTAL FOOD AID/FOOD SECURITY ASSISTANCE
Afghanistan,2003,"2,679,670.11",DEVELOPMENTAL FOOD AID/FOOD SECURITY ASSISTANCE
Afghanistan,2003,"3,410,489.24",GOVERNMENT AND CIVIL SOCIETY
Albania,2003,"1,583,441.43",DISASTER PREVENTION AND PREPAREDNESS
Algeria,2003,"1,471,568.67",DISASTER PREVENTION AND PREPAREDNESS
Algeria,2003,"48,721,274.81",DISASTER PREVENTION AND PREPAREDNESS
Angola,2003,"730,819.12",DISASTER PREVENTION AND PREPAREDNESS
Angola,2003,"26,796,701.14",DISASTER PREVENTION AND PREPAREDNESS
Armenia,2003,"882,941.20",DEVELOPMENTAL FOOD AID/FOOD SECURITY ASSISTANCE
Armenia,2003,"1,471,568.67",DEVELOPMENTAL FOOD AID/FOOD SECURITY ASSISTANCE
Azerbaijan,2003,"1,471,568.67",DEVELOPMENTAL FOOD AID/FOOD SECURITY ASSISTANCE
Bangladesh,2003,"23,545,098.71",DEVELOPMENTAL FOOD AID/FOOD SECURITY ASSISTANCE
Barbados,2003,"3,215,604.14",DEVELOPMENTAL FOOD AID/FOOD SECURITY ASSISTANCE
Belarus,2003,"1,534,720.16",DISASTER PREVENTION AND PREPAREDNESS
Belarus,2003,"2,943,137.34",DISASTER PREVENTION AND PREPAREDNESS
Bolivia,2003,"73,081.91",DISASTER PREVENTION AND PREPAREDNESS
Botswana,2003,"58,862,746.79",DISASTER PREVENTION AND PREPAREDNESS
Botswana,2003,"9,538,708.12",DISASTER PREVENTION AND PREPAREDNESS
Botswana,2003,"8,179,791.85",DEVELOPMENTAL FOOD AID/FOOD SECURITY ASSISTANCE
Botswana,2003,"4,915,042.30",DEVELOPMENTAL FOOD AID/FOOD SECURITY ASSISTANCE
Burundi,2003,"8,829,412.02",DEVELOPMENTAL FOOD AID/FOOD SECURITY ASSISTANCE
Cambodia,2003,"48,721.27",DEVELOPMENTAL FOOD AID/FOOD SECURITY ASSISTANCE
Cambodia,2003,"58,862,746.79",DEVELOPMENTAL FOOD AID/FOOD SECURITY ASSISTANCE
Cambodia,2003,"14,715,686.70",GOVERNMENT AND CIVIL SOCIETY
Cameroon,2003,"838,490.77",DISASTER PREVENTION AND PREPAREDNESS
Cameroon,2003,"14,616,382.44",DISASTER PREVENTION AND PREPAREDNESS
Cameroon,2003,"381,513.30",DISASTER PREVENTION AND PREPAREDNESS
Cameroon,2003,"17,658.82",DISASTER PREVENTION AND PREPAREDNESS
Central African Republic,2003,"4,628,521.11",DISASTER PREVENTION AND PREPAREDNESS
Central African Republic,2003,"272,509.50",DEVELOPMENTAL FOOD AID/FOOD SECURITY ASSISTANCE
Central African Republic,2003,"209,622.69",DEVELOPMENTAL FOOD AID/FOOD SECURITY ASSISTANCE
Central African Republic,2003,"6,288,680.77",DEVELOPMENTAL FOOD AID/FOOD SECURITY ASSISTANCE
Colombia,2003,"559,196.09",DEVELOPMENTAL FOOD AID/FOOD SECURITY ASSISTANCE
Congo,2003,"12,577,361.55",DEVELOPMENTAL FOOD AID/FOOD SECURITY ASSISTANCE
Congo,2003,"579,783,170.21",DISASTER PREVENTION AND PREPAREDNESS
Congo,2003,"58,862,746.79",DISASTER PREVENTION AND PREPAREDNESS
Congo,2003,"16,350,570.01",DISASTER PREVENTION AND PREPAREDNESS
Congo,2003,"5,886,274.68",DISASTER PREVENTION AND PREPAREDNESS
Cook Islands,2003,"6,794,606.45",DISASTER PREVENTION AND PREPAREDNESS
Cuba,2003,"14,616,382.44",DEVELOPMENTAL FOOD AID/FOOD SECURITY ASSISTANCE
Democratic People's Republic of Korea,2003,"262,041,009.00",DEVELOPMENTAL FOOD AID/FOOD SECURITY ASSISTANCE
Democratic People's Republic of Korea,2003,"5,549,752.72",DEVELOPMENTAL FOOD AID/FOOD SECURITY ASSISTANCE
Democratic People's Republic of Korea,2003,"11,772,549.36",DEVELOPMENTAL FOOD AID/FOOD SECURITY ASSISTANCE
Democratic People's Republic of Korea,2003,"8,479,095.59",DEVELOPMENTAL FOOD AID/FOOD SECURITY ASSISTANCE
Democratic People's Republic of Korea,2003,"56,011,726.30",GOVERNMENT AND CIVIL SOCIETY
Democratic People's Republic of Korea,2003,"16,593,819.96",DISASTER PREVENTION AND PREPAREDNESS
Democratic Republic of the Congo,2003,"14,127,059.23",DISASTER PREVENTION AND PREPAREDNESS
Democratic Republic of the Congo,2003,"1,765,855.71",DISASTER PREVENTION AND PREPAREDNESS
Djibouti,2003,"29,267,734.96",DISASTER PREVENTION AND PREPAREDNESS
Djibouti,2003,"294,313.73",DISASTER PREVENTION AND PREPAREDNESS
Djibouti,2003,"2,495,780.46",DEVELOPMENTAL FOOD AID/FOOD SECURITY ASSISTANCE
Djibouti,2003,"276,023.02",DEVELOPMENTAL FOOD AID/FOOD SECURITY ASSISTANCE
Djibouti,2003,"314,915.70",DEVELOPMENTAL FOOD AID/FOOD SECURITY ASSISTANCE
Djibouti,2003,"1,529,167.93",DEVELOPMENTAL FOOD AID/FOOD SECURITY ASSISTANCE
Djibouti,2003,"38,877,848.88",DEVELOPMENTAL FOOD AID/FOOD SECURITY ASSISTANCE
Ecuador,2003,"5,886,274.68",DISASTER PREVENTION AND PREPAREDNESS
Ecuador,2003,"2,943,137.34",DISASTER PREVENTION AND PREPAREDNESS
Egypt,2003,"2,943,137.34",DISASTER PREVENTION AND PREPAREDNESS
Equatorial Guinea,2003,"25,016,667.38",DISASTER PREVENTION AND PREPAREDNESS
Eritrea,2003,"4,872,127.48",DISASTER PREVENTION AND PREPAREDNESS
Eritrea,2003,"7,308,191.22",DISASTER PREVENTION AND PREPAREDNESS
Ethiopia,2003,"8,636,456.88",DISASTER PREVENTION AND PREPAREDNESS
Ethiopia,2003,"26,488,236.05",DISASTER PREVENTION AND PREPAREDNESS
Fiji,2003,"23,651.74",DISASTER PREVENTION AND PREPAREDNESS
Fiji,2003,"589,417.80",DISASTER PREVENTION AND PREPAREDNESS
Gabon,2003,"11,772,549.36",DEVELOPMENTAL FOOD AID/FOOD SECURITY ASSISTANCE
Georgia,2003,"1,471,568.67",DEVELOPMENTAL FOOD AID/FOOD SECURITY ASSISTANCE
Georgia,2003,"1,471,568.67",DEVELOPMENTAL FOOD AID/FOOD SECURITY ASSISTANCE
Ghana,2003,"67,692,158.81",DEVELOPMENTAL FOOD AID/FOOD SECURITY ASSISTANCE
Ghana,2003,"5,886,274.68",DEVELOPMENTAL FOOD AID/FOOD SECURITY ASSISTANCE
Ghana,2003,"31,392,228.20",GOVERNMENT AND CIVIL SOCIETY
Guinea,2003,"13,244,269.54",DISASTER PREVENTION AND PREPAREDNESS
Guinea,2003,"7,356,912.50",DISASTER PREVENTION AND PREPAREDNESS
Guinea-Bissau,2003,"1,471,568.67",DISASTER PREVENTION AND PREPAREDNESS
Guinea-Bissau,2003,"1,218,031.87",DISASTER PREVENTION AND PREPAREDNESS
Guinea-Bissau,2003,"1,471,568.67",DISASTER PREVENTION AND PREPAREDNESS
Guinea-Bissau,2003,"8,526,223.09",DEVELOPMENTAL FOOD AID/FOOD SECURITY ASSISTANCE
Guyana,2003,"48,721,274.81",DEVELOPMENTAL FOOD AID/FOOD SECURITY ASSISTANCE
Guyana,2003,"500,333.35",DEVELOPMENTAL FOOD AID/FOOD SECURITY ASSISTANCE
Indonesia,2003,"65,349.72",DEVELOPMENTAL FOOD AID/FOOD SECURITY ASSISTANCE
Indonesia,2003,"993,914,006.07",DEVELOPMENTAL FOOD AID/FOOD SECURITY ASSISTANCE
Indonesia,2003,"377,280,217.08",DISASTER PREVENTION AND PREPAREDNESS
Indonesia,2003,"208,962,751.09",DISASTER PREVENTION AND PREPAREDNESS
Iran,2003,"70,645,848.47",DISASTER PREVENTION AND PREPAREDNESS
Iran,2003,"2,943,137.34",DISASTER PREVENTION AND PREPAREDNESS
Iran,2003,"1,471,568.67",DISASTER PREVENTION AND PREPAREDNESS
Iran,2003,"165,092,039.69",DEVELOPMENTAL FOOD AID/FOOD SECURITY ASSISTANCE
Iran,2003,"350,573,932.88",DEVELOPMENTAL FOOD AID/FOOD SECURITY ASSISTANCE
Iran,2003,"205,749,943.51",DEVELOPMENTAL FOOD AID/FOOD SECURITY ASSISTANCE
Iraq,2003,"58,862,746.79",DEVELOPMENTAL FOOD AID/FOOD SECURITY ASSISTANCE
Jamaica,2003,"6,090,159.35",DEVELOPMENTAL FOOD AID/FOOD SECURITY ASSISTANCE
Jamaica,2003,"609,015.94",GOVERNMENT AND CIVIL SOCIETY
Jordan,2003,"19,521,829.97",DISASTER PREVENTION AND PREPAREDNESS
Jordan,2003,"1,303,809.84",DISASTER PREVENTION AND PREPAREDNESS
Jordan,2003,"8,829,412.02",DISASTER PREVENTION AND PREPAREDNESS
Jordan,2003,"1,471,568.67",DISASTER PREVENTION AND PREPAREDNESS
Jordan,2003,"1,471,568.67",DISASTER PREVENTION AND PREPAREDNESS
Kazakhstan,2003,"5,886,274.68",DEVELOPMENTAL FOOD AID/FOOD SECURITY ASSISTANCE
Kazakhstan,2003,"155,177.26",DEVELOPMENTAL FOOD AID/FOOD SECURITY ASSISTANCE
Kenya,2003,"125,086.73",DEVELOPMENTAL FOOD AID/FOOD SECURITY ASSISTANCE
Kenya,2003,"56,562.96",DEVELOPMENTAL FOOD AID/FOOD SECURITY ASSISTANCE
Kenya,2003,"12,180.32",DEVELOPMENTAL FOOD AID/FOOD SECURITY ASSISTANCE
Kenya,2003,"158,100.54",DISASTER PREVENTION AND PREPAREDNESS
Kenya,2003,"730,819.12",DISASTER PREVENTION AND PREPAREDNESS
Kyrgyz Republic,2003,"12,180.32",DISASTER PREVENTION AND PREPAREDNESS
Lao People's Democratic Republic,2003,"12,180,318.70",DISASTER PREVENTION AND PREPAREDNESS
Lao People's Democratic Republic,2003,"54,021,736.35",DISASTER PREVENTION AND PREPAREDNESS
Lao People's Democratic Republic,2003,"147,156.87",DEVELOPMENTAL FOOD AID/FOOD SECURITY ASSISTANCE
Lao People's Democratic Republic,2003,"14,480,235.71",DEVELOPMENTAL FOOD AID/FOOD SECURITY ASSISTANCE
Lao People's Democratic Republic,2003,"14,715,686.70",DEVELOPMENTAL FOOD AID/FOOD SECURITY ASSISTANCE
Lebanon,2003,"441,470.60",DEVELOPMENTAL FOOD AID/FOOD SECURITY ASSISTANCE
Lebanon,2003,"2,943,137.34",DEVELOPMENTAL FOOD AID/FOOD SECURITY ASSISTANCE
Lesotho,2003,"7,063,529.61",GOVERNMENT AND CIVIL SOCIETY
Lesotho,2003,"38,737.40",DISASTER PREVENTION AND PREPAREDNESS
Lesotho,2003,"7,446,137.47",DISASTER PREVENTION AND PREPAREDNESS
Lesotho,2003,"5,886,274.68",DISASTER PREVENTION AND PREPAREDNESS
Lesotho,2003,"10,893.28",DISASTER PREVENTION AND PREPAREDNESS
Liberia,2003,"24,360,637.40",DISASTER PREVENTION AND PREPAREDNESS
Madagascar,2003,"8,829,412.02",DEVELOPMENTAL FOOD AID/FOOD SECURITY ASSISTANCE
Maldives,2003,"1,144,302.18",DEVELOPMENTAL FOOD AID/FOOD SECURITY ASSISTANCE
Maldives,2003,"177,760.04",DEVELOPMENTAL FOOD AID/FOOD SECURITY ASSISTANCE
Mali,2003,"2,971,997.76",DEVELOPMENTAL FOOD AID/FOOD SECURITY ASSISTANCE
Mali,2003,"8,915,993.29",DEVELOPMENTAL FOOD AID/FOOD SECURITY ASSISTANCE
Mauritania,2003,"2,943,137.34",DISASTER PREVENTION AND PREPAREDNESS
Mauritius,2003,"39,756,427.81",DISASTER PREVENTION AND PREPAREDNESS
Mauritius,2003,"5,768,549.19",DISASTER PREVENTION AND PREPAREDNESS
Mauritius,2003,"3,044,803.01",DISASTER PREVENTION AND PREPAREDNESS
Mauritius,2003,"5,886,274.68",DISASTER PREVENTION AND PREPAREDNESS
Mauritius,2003,"32,374,510.73",DEVELOPMENTAL FOOD AID/FOOD SECURITY ASSISTANCE
Micronesia,2003,"4,414,706.01",DEVELOPMENTAL FOOD AID/FOOD SECURITY ASSISTANCE
Moldova,2003,"1,471,568.67",DEVELOPMENTAL FOOD AID/FOOD SECURITY ASSISTANCE
Moldova,2003,"2,148,490.26",DEVELOPMENTAL FOOD AID/FOOD SECURITY ASSISTANCE
Mongolia,2003,"1,471,568.67",DEVELOPMENTAL FOOD AID/FOOD SECURITY ASSISTANCE
Mongolia,2003,"8,829,412.02",GOVERNMENT AND CIVIL SOCIETY
Mongolia,2003,"3,654,095.61",DISASTER PREVENTION AND PREPAREDNESS
Mongolia,2003,"14,715,686.70",DISASTER PREVENTION AND PREPAREDNESS
Mongolia,2003,"7,534,431.59",DISASTER PREVENTION AND PREPAREDNESS
Morocco,2003,"1,471,568.67",DISASTER PREVENTION AND PREPAREDNESS
Morocco,2003,"11,772,549.36",DISASTER PREVENTION AND PREPAREDNESS
Mozambique,2003,"2,436,063.74",DEVELOPMENTAL FOOD AID/FOOD SECURITY ASSISTANCE
Mozambique,2003,"1,218,031.87",DEVELOPMENTAL FOOD AID/FOOD SECURITY ASSISTANCE
Myanmar,2003,"29,232.76",DEVELOPMENTAL FOOD AID/FOOD SECURITY ASSISTANCE
Myanmar,2003,"487,212,748.08",DEVELOPMENTAL FOOD AID/FOOD SECURITY ASSISTANCE
Myanmar,2003,"14,715,686.70",DEVELOPMENTAL FOOD AID/FOOD SECURITY ASSISTANCE
Myanmar,2003,"5,297,647.21",DISASTER PREVENTION AND PREPAREDNESS
Myanmar,2003,"9,418,039.49",DISASTER PREVENTION AND PREPAREDNESS
Myanmar,2003,"107,447,236.56",DISASTER PREVENTION AND PREPAREDNESS
Myanmar,2003,"29,431,373.39",DISASTER PREVENTION AND PREPAREDNESS
Namibia,2003,"73,081.91",DISASTER PREVENTION AND PREPAREDNESS
Namibia,2003,"8,829,412.02",DEVELOPMENTAL FOOD AID/FOOD SECURITY ASSISTANCE
Namibia,2003,"29,431,373.39",DEVELOPMENTAL FOOD AID/FOOD SECURITY ASSISTANCE
Namibia,2003,"58,082,237.06",DEVELOPMENTAL FOOD AID/FOOD SECURITY ASSISTANCE
Nauru,2003,"5,846,552.98",DEVELOPMENTAL FOOD AID/FOOD SECURITY ASSISTANCE
Nauru,2003,"2,436,063.74",DEVELOPMENTAL FOOD AID/FOOD SECURITY ASSISTANCE
Nepal,2003,"2,354,509.87",GOVERNMENT AND CIVIL SOCIETY
Niger,2003,"14,715,686.70",DISASTER PREVENTION AND PREPAREDNESS
Niger,2003,"76,521.57",DISASTER PREVENTION AND PREPAREDNESS
Niger,2003,"1,015,782.65",DISASTER PREVENTION AND PREPAREDNESS
Niger,2003,"323,745.11",DISASTER PREVENTION AND PREPAREDNESS
Niger,2003,"1,648,156.91",DISASTER PREVENTION AND PREPAREDNESS
Niger,2003,"147,156.87",DEVELOPMENTAL FOOD AID/FOOD SECURITY ASSISTANCE
Niger,2003,"147,156.87",DEVELOPMENTAL FOOD AID/FOOD SECURITY ASSISTANCE
Niger,2003,"29,431.37",DEVELOPMENTAL FOOD AID/FOOD SECURITY ASSISTANCE
Nigeria,2003,"8,829,412.02",DEVELOPMENTAL FOOD AID/FOOD SECURITY ASSISTANCE
Nigeria,2003,"5,950,921.81",DEVELOPMENTAL FOOD AID/FOOD SECURITY ASSISTANCE
Pakistan,2003,"191,303,927.06",DISASTER PREVENTION AND PREPAREDNESS
Pakistan,2003,"299,872,138.25",DISASTER PREVENTION AND PREPAREDNESS
Pakistan,2003,"3,714,427.32",DISASTER PREVENTION AND PREPAREDNESS
Pakistan,2003,"487,212.75",DISASTER PREVENTION AND PREPAREDNESS
Pakistan,2003,"1,218,031,870.19",DISASTER PREVENTION AND PREPAREDNESS
Pakistan,2003,"200,133,339.08",DISASTER PREVENTION AND PREPAREDNESS
Pakistan,2003,"11,205,893.21",DISASTER PREVENTION AND PREPAREDNESS
Pakistan,2003,"147,948,629.77",DISASTER PREVENTION AND PREPAREDNESS
Papua New Guinea,2003,"75,495.29",DISASTER PREVENTION AND PREPAREDNESS
Papua New Guinea,2003,"7,069,104.68",DISASTER PREVENTION AND PREPAREDNESS
Papua New Guinea,2003,"6,863.21",DEVELOPMENTAL FOOD AID/FOOD SECURITY ASSISTANCE
Peru,2003,"2,923,276.49",DEVELOPMENTAL FOOD AID/FOOD SECURITY ASSISTANCE
Peru,2003,"2,943,137.34",DEVELOPMENTAL FOOD AID/FOOD SECURITY ASSISTANCE
Philippines,2003,"60,865,052.55",DEVELOPMENTAL FOOD AID/FOOD SECURITY ASSISTANCE
Philippines,2003,"247,113.46",DEVELOPMENTAL FOOD AID/FOOD SECURITY ASSISTANCE
Philippines,2003,"12,180,318.70",GOVERNMENT AND CIVIL SOCIETY
Philippines,2003,"101,502,654.23",DISASTER PREVENTION AND PREPAREDNESS
Philippines,2003,"101,502,654.23",DISASTER PREVENTION AND PREPAREDNESS
Romania,2003,"26,379.85",DISASTER PREVENTION AND PREPAREDNESS
Russia,2003,"365,409,561.06",DISASTER PREVENTION AND PREPAREDNESS
Russia,2003,"13,154,744.20",DISASTER PREVENTION AND PREPAREDNESS
Russia,2003,"487,212,748.08",DEVELOPMENTAL FOOD AID/FOOD SECURITY ASSISTANCE
Russia,2003,"18,026,871.68",DEVELOPMENTAL FOOD AID/FOOD SECURITY ASSISTANCE
Russia,2003,"243,606,374.04",DEVELOPMENTAL FOOD AID/FOOD SECURITY ASSISTANCE
Rwanda,2003,"9,297,794.58",DEVELOPMENTAL FOOD AID/FOOD SECURITY ASSISTANCE
Saint Lucia,2003,"5,864,597.89",DEVELOPMENTAL FOOD AID/FOOD SECURITY ASSISTANCE
Samoa,2003,"20,013,333.91",DISASTER PREVENTION AND PREPAREDNESS
Samoa,2003,"5,886,274.68",DISASTER PREVENTION AND PREPAREDNESS
Serbia,2003,"170,524,461.83",DISASTER PREVENTION AND PREPAREDNESS
Seychelles,2003,"3,654,095.61",DISASTER PREVENTION AND PREPAREDNESS
Seychelles,2003,"5,886,274.68",DISASTER PREVENTION AND PREPAREDNESS
Sierra Leone,2003,"609,015.94",DEVELOPMENTAL FOOD AID/FOOD SECURITY ASSISTANCE
South Africa,2003,"63,337,657.25",DEVELOPMENTAL FOOD AID/FOOD SECURITY ASSISTANCE
South Africa,2003,"63,337,657.25",DEVELOPMENTAL FOOD AID/FOOD SECURITY ASSISTANCE
Sri Lanka,2003,"1,471,568.67",DEVELOPMENTAL FOOD AID/FOOD SECURITY ASSISTANCE
Sri Lanka,2003,"56,861,673.28",DEVELOPMENTAL FOOD AID/FOOD SECURITY ASSISTANCE
Sudan,2003,"1,481,126,754.15",GOVERNMENT AND CIVIL SOCIETY
Sudan,2003,"929,277,926.85",DISASTER PREVENTION AND PREPAREDNESS
Sudan,2003,"24,360,637.40",DISASTER PREVENTION AND PREPAREDNESS
Sudan,2003,"1,218,031.87",DISASTER PREVENTION AND PREPAREDNESS
Sudan,2003,"91,894,901.71",DISASTER PREVENTION AND PREPAREDNESS
Sudan,2003,"196,712,147.04",DISASTER PREVENTION AND PREPAREDNESS
Sudan,2003,"99,878,613.36",DEVELOPMENTAL FOOD AID/FOOD SECURITY ASSISTANCE
Sudan,2003,"72,867,925.94",DEVELOPMENTAL FOOD AID/FOOD SECURITY ASSISTANCE
Suriname,2003,"852,622.31",DEVELOPMENTAL FOOD AID/FOOD SECURITY ASSISTANCE
Syrian Arab Republic,2003,"9,744,254.96",DEVELOPMENTAL FOOD AID/FOOD SECURITY ASSISTANCE
Syrian Arab Republic,2003,"2,943,137.34",DEVELOPMENTAL FOOD AID/FOOD SECURITY ASSISTANCE
Tajikistan,2003,"7,357,843.35",DISASTER PREVENTION AND PREPAREDNESS
Tajikistan,2003,"4,414,706.01",DISASTER PREVENTION AND PREPAREDNESS
Tajikistan,2003,"2,354,509.87",DISASTER PREVENTION AND PREPAREDNESS
Tanzania,2003,"23,545,098.71",DISASTER PREVENTION AND PREPAREDNESS
Tanzania,2003,"487,212.75",DISASTER PREVENTION AND PREPAREDNESS
Timor-Leste,2003,"22,695,863.40",DEVELOPMENTAL FOOD AID/FOOD SECURITY ASSISTANCE
Timor-Leste,2003,"28,833,149.70",DEVELOPMENTAL FOOD AID/FOOD SECURITY ASSISTANCE
Timor-Leste,2003,"147,156.87",DEVELOPMENTAL FOOD AID/FOOD SECURITY ASSISTANCE
Togo,2003,"5,886,274.68",DEVELOPMENTAL FOOD AID/FOOD SECURITY ASSISTANCE
Togo,2003,"147,156.87",DEVELOPMENTAL FOOD AID/FOOD SECURITY ASSISTANCE
Togo,2003,"132,441.18",GOVERNMENT AND CIVIL SOCIETY
Togo,2003,"882,941.20",DISASTER PREVENTION AND PREPAREDNESS
Tunisia,2003,"11,772,549.36",DISASTER PREVENTION AND PREPAREDNESS
Tunisia,2003,"14,715,686.70",DISASTER PREVENTION AND PREPAREDNESS
Turkey,2003,"73,081.91",DISASTER PREVENTION AND PREPAREDNESS
Turkmenistan,2003,"4,414,706.01",DISASTER PREVENTION AND PREPAREDNESS
Turkmenistan,2003,"8,829,412.02",DEVELOPMENTAL FOOD AID/FOOD SECURITY ASSISTANCE
Turkmenistan,2003,"2,972,568.71",DEVELOPMENTAL FOOD AID/FOOD SECURITY ASSISTANCE
Uganda,2003,"24,360.64",DEVELOPMENTAL FOOD AID/FOOD SECURITY ASSISTANCE
Uganda,2003,"609,015.94",DEVELOPMENTAL FOOD AID/FOOD SECURITY ASSISTANCE
Uganda,2003,"8,829,412.02",DEVELOPMENTAL FOOD AID/FOOD SECURITY ASSISTANCE
Ukraine,2003,"2,943,137.34",DISASTER PREVENTION AND PREPAREDNESS
Uzbekistan,2003,"1,471,568.67",DISASTER PREVENTION AND PREPAREDNESS
Uzbekistan,2003,"71,230,501.33",DISASTER PREVENTION AND PREPAREDNESS
Uzbekistan,2003,"29,428,430.26",DISASTER PREVENTION AND PREPAREDNESS
Vanuatu,2003,"5,115,733.85",DISASTER PREVENTION AND PREPAREDNESS
Vanuatu,2003,"13,854,942.49",DEVELOPMENTAL FOOD AID/FOOD SECURITY ASSISTANCE
Vanuatu,2003,"739,656.33",DEVELOPMENTAL FOOD AID/FOOD SECURITY ASSISTANCE
Vanuatu,2003,"609,015.94",DEVELOPMENTAL FOOD AID/FOOD SECURITY ASSISTANCE
Venezuela,2003,"365,409,561.06",DEVELOPMENTAL FOOD AID/FOOD SECURITY ASSISTANCE
Viet Nam,2003,"98,933,561.66",DEVELOPMENTAL FOOD AID/FOOD SECURITY ASSISTANCE
Viet Nam,2003,"208,880,343.25",GOVERNMENT AND CIVIL SOCIETY
Viet Nam,2003,"15,023,844.27",DISASTER PREVENTION AND PREPAREDNESS
Yemen,2003,"8,829,412.02",DISASTER PREVENTION AND PREPAREDNESS
Yemen,2003,"35,079,317.86",DISASTER PREVENTION AND PREPAREDNESS
Yemen,2003,"5,886,274.68",DISASTER PREVENTION AND PREPAREDNESS
Zambia,2003,"14,616,382.44",DISASTER PREVENTION AND PREPAREDNESS
Zambia,2003,"146,163.82",DEVELOPMENTAL FOOD AID/FOOD SECURITY ASSISTANCE
Zambia,2003,"4,872,127.48",DEVELOPMENTAL FOOD AID/FOOD SECURITY ASSISTANCE
Zimbabwe,2003,"1,218,031.87",DEVELOPMENTAL FOOD AID/FOOD SECURITY ASSISTANCE
Zimbabwe,2003,"669,917,528.60",DEVELOPMENTAL FOOD AID/FOOD SECURITY ASSISTANCE
Zimbabwe,2003,"10,962,286.83",DEVELOPMENTAL FOOD AID/FOOD SECURITY ASSISTANCE
Zimbabwe,2003,"4,872,127.48",DISASTER PREVENTION AND PREPAREDNESS
Zimbabwe,2003,"48,721.27",DISASTER PREVENTION AND PREPAREDNESS
Zimbabwe,2003,"170,524,461.83",DISASTER PREVENTION AND PREPAREDNESS
Zimbabwe,2003,"14,957,772.41",DISASTER PREVENTION AND PREPAREDNESS
Afghanistan,2002,"374,918,235.30",DISASTER PREVENTION AND PREPAREDNESS
Afghanistan,2002,"2,499,454.90",DEVELOPMENTAL FOOD AID/FOOD SECURITY ASSISTANCE
Afghanistan,2002,"9,059,257.59",DEVELOPMENTAL FOOD AID/FOOD SECURITY ASSISTANCE
Afghanistan,2002,"74,983,647.06",DEVELOPMENTAL FOOD AID/FOOD SECURITY ASSISTANCE
Afghanistan,2002,"2,499,454.90",DEVELOPMENTAL FOOD AID/FOOD SECURITY ASSISTANCE
Afghanistan,2002,"3,925,678.29",DEVELOPMENTAL FOOD AID/FOOD SECURITY ASSISTANCE
Algeria,2002,"14,996,729.41",GOVERNMENT AND CIVIL SOCIETY
Algeria,2002,"7,498,364.71",DISASTER PREVENTION AND PREPAREDNESS
Angola,2002,"2,249,509.41",DISASTER PREVENTION AND PREPAREDNESS
Angola,2002,"1,509,876.26",DISASTER PREVENTION AND PREPAREDNESS
Angola,2002,"749,836.47",DISASTER PREVENTION AND PREPAREDNESS
Angola,2002,"37,491,823.53",DISASTER PREVENTION AND PREPAREDNESS
Angola,2002,"224,950,941.18",DEVELOPMENTAL FOOD AID/FOOD SECURITY ASSISTANCE
Angola,2002,"127,472,200.00",DEVELOPMENTAL FOOD AID/FOOD SECURITY ASSISTANCE
Angola,2002,"37,491,823.53",DEVELOPMENTAL FOOD AID/FOOD SECURITY ASSISTANCE
Angola,2002,"62,486,372.55",DEVELOPMENTAL FOOD AID/FOOD SECURITY ASSISTANCE
Angola,2002,"362,420,960.79",DEVELOPMENTAL FOOD AID/FOOD SECURITY ASSISTANCE
Armenia,2002,"1,509,876.26",DISASTER PREVENTION AND PREPAREDNESS
Armenia,2002,"1,509,876.26",DISASTER PREVENTION AND PREPAREDNESS
Azerbaijan,2002,"1,509,876.26",DISASTER PREVENTION AND PREPAREDNESS
Bangladesh,2002,"3,351,623.33",DISASTER PREVENTION AND PREPAREDNESS
Bangladesh,2002,"18,118,515.17",DISASTER PREVENTION AND PREPAREDNESS
Bangladesh,2002,"15,098,762.64",DISASTER PREVENTION AND PREPAREDNESS
Bangladesh,2002,"15,098,762.64",DISASTER PREVENTION AND PREPAREDNESS
Belarus,2002,"3,019,752.53",DISASTER PREVENTION AND PREPAREDNESS
Benin,2002,"56,237,735.30",DISASTER PREVENTION AND PREPAREDNESS
Benin,2002,"3,019,752.53",DISASTER PREVENTION AND PREPAREDNESS
Benin,2002,"9,059,257.59",DEVELOPMENTAL FOOD AID/FOOD SECURITY ASSISTANCE
Bulgaria,2002,"1,499,672.94",DEVELOPMENTAL FOOD AID/FOOD SECURITY ASSISTANCE
Cabo Verde,2002,"9,409,252.07",DEVELOPMENTAL FOOD AID/FOOD SECURITY ASSISTANCE
Cabo Verde,2002,"2,234,697.37",DEVELOPMENTAL FOOD AID/FOOD SECURITY ASSISTANCE
Cabo Verde,2002,"1,509,876.26",DEVELOPMENTAL FOOD AID/FOOD SECURITY ASSISTANCE
Cambodia,2002,"7,247,406.07",GOVERNMENT AND CIVIL SOCIETY
Cambodia,2002,"269,941.13",DISASTER PREVENTION AND PREPAREDNESS
Cambodia,2002,"301,975.25",DISASTER PREVENTION AND PREPAREDNESS
Cambodia,2002,"15,098,762.64",DISASTER PREVENTION AND PREPAREDNESS
Cambodia,2002,"149,967,294.12",DISASTER PREVENTION AND PREPAREDNESS
Cambodia,2002,"22,648,143.96",DISASTER PREVENTION AND PREPAREDNESS
Cambodia,2002,"15,098,762.64",DEVELOPMENTAL FOOD AID/FOOD SECURITY ASSISTANCE
Cambodia,2002,"152,416,759.92",DEVELOPMENTAL FOOD AID/FOOD SECURITY ASSISTANCE
Cambodia,2002,"6,073,675.41",DEVELOPMENTAL FOOD AID/FOOD SECURITY ASSISTANCE
Cameroon,2002,"258,422.59",DEVELOPMENTAL FOOD AID/FOOD SECURITY ASSISTANCE
Central African Republic,2002,"22,648,143.96",DEVELOPMENTAL FOOD AID/FOOD SECURITY ASSISTANCE
Central African Republic,2002,"12,079,010.11",DISASTER PREVENTION AND PREPAREDNESS
Central African Republic,2002,"241,580.20",DISASTER PREVENTION AND PREPAREDNESS
Comoros,2002,"89,389.10",DISASTER PREVENTION AND PREPAREDNESS
Congo,2002,"24,158,020.23",DISASTER PREVENTION AND PREPAREDNESS
Cook Islands,2002,"3,019,752.53",DISASTER PREVENTION AND PREPAREDNESS
Cote d'Ivoire,2002,"35,860,779.08",DEVELOPMENTAL FOOD AID/FOOD SECURITY ASSISTANCE
Cote d'Ivoire,2002,"90,592,575.85",DEVELOPMENTAL FOOD AID/FOOD SECURITY ASSISTANCE
Cote d'Ivoire,2002,"21,516,468.39",DEVELOPMENTAL FOOD AID/FOOD SECURITY ASSISTANCE
Democratic People's Republic of Korea,2002,"15,098,762.64",DEVELOPMENTAL FOOD AID/FOOD SECURITY ASSISTANCE
Democratic People's Republic of Korea,2002,"209,924,358.90",DEVELOPMENTAL FOOD AID/FOOD SECURITY ASSISTANCE
Democratic People's Republic of Korea,2002,"11,734,758.33",GOVERNMENT AND CIVIL SOCIETY
Democratic People's Republic of Korea,2002,"13,595,828.68",DISASTER PREVENTION AND PREPAREDNESS
Democratic People's Republic of Korea,2002,"69,170,790.87",DISASTER PREVENTION AND PREPAREDNESS
Democratic People's Republic of Korea,2002,"42,086,726.12",DISASTER PREVENTION AND PREPAREDNESS
Democratic People's Republic of Korea,2002,"16,167,422.65",DISASTER PREVENTION AND PREPAREDNESS
Democratic Republic of the Congo,2002,"44,788,969.50",DISASTER PREVENTION AND PREPAREDNESS
Democratic Republic of the Congo,2002,"14,996,729.41",DEVELOPMENTAL FOOD AID/FOOD SECURITY ASSISTANCE
Djibouti,2002,"2,250,228.08",DEVELOPMENTAL FOOD AID/FOOD SECURITY ASSISTANCE
Djibouti,2002,"1,694,630.42",DEVELOPMENTAL FOOD AID/FOOD SECURITY ASSISTANCE
Djibouti,2002,"1,809,702.06",DEVELOPMENTAL FOOD AID/FOOD SECURITY ASSISTANCE
Djibouti,2002,"4,499,018.82",DEVELOPMENTAL FOOD AID/FOOD SECURITY ASSISTANCE
Djibouti,2002,"1,416,042.29",DISASTER PREVENTION AND PREPAREDNESS
Ecuador,2002,"99,978,196.08",DISASTER PREVENTION AND PREPAREDNESS
Ecuador,2002,"6,039,505.06",DISASTER PREVENTION AND PREPAREDNESS
Ecuador,2002,"7,549,381.32",DISASTER PREVENTION AND PREPAREDNESS
Ecuador,2002,"1,509,876.26",DISASTER PREVENTION AND PREPAREDNESS
Ecuador,2002,"124,972.75",DEVELOPMENTAL FOOD AID/FOOD SECURITY ASSISTANCE
Ecuador,2002,"362,370.30",DEVELOPMENTAL FOOD AID/FOOD SECURITY ASSISTANCE
Ecuador,2002,"9,059,257.59",DEVELOPMENTAL FOOD AID/FOOD SECURITY ASSISTANCE
Egypt,2002,"9,059,257.59",DEVELOPMENTAL FOOD AID/FOOD SECURITY ASSISTANCE
Egypt,2002,"30,197,525.28",DEVELOPMENTAL FOOD AID/FOOD SECURITY ASSISTANCE
Egypt,2002,"9,997,819.61",GOVERNMENT AND CIVIL SOCIETY
Egypt,2002,"9,059,257.59",DISASTER PREVENTION AND PREPAREDNESS
Egypt,2002,"9,059,257.59",DISASTER PREVENTION AND PREPAREDNESS
Equatorial Guinea,2002,"14,996,729.41",DISASTER PREVENTION AND PREPAREDNESS
Eritrea,2002,"5,998,691.76",DISASTER PREVENTION AND PREPAREDNESS
Ethiopia,2002,"2,113,826.77",DISASTER PREVENTION AND PREPAREDNESS
Ethiopia,2002,"3,019,752.53",DEVELOPMENTAL FOOD AID/FOOD SECURITY ASSISTANCE
Ethiopia,2002,"1,499,672.94",DEVELOPMENTAL FOOD AID/FOOD SECURITY ASSISTANCE
Ethiopia,2002,"2,965,353.50",DEVELOPMENTAL FOOD AID/FOOD SECURITY ASSISTANCE
Ethiopia,2002,"6,039,505.06",DEVELOPMENTAL FOOD AID/FOOD SECURITY ASSISTANCE
Fiji,2002,"18,745,911.77",DEVELOPMENTAL FOOD AID/FOOD SECURITY ASSISTANCE
Fiji,2002,"332,172.78",DISASTER PREVENTION AND PREPAREDNESS
Gabon,2002,"845,530.71",DISASTER PREVENTION AND PREPAREDNESS
Georgia,2002,"1,509,876.26",DISASTER PREVENTION AND PREPAREDNESS
Georgia,2002,"451,189.10",DISASTER PREVENTION AND PREPAREDNESS
Georgia,2002,"1,509,876.26",DISASTER PREVENTION AND PREPAREDNESS
Ghana,2002,"133,720,837.26",DEVELOPMENTAL FOOD AID/FOOD SECURITY ASSISTANCE
Ghana,2002,"3,499,236.86",DEVELOPMENTAL FOOD AID/FOOD SECURITY ASSISTANCE
Ghana,2002,"3,249,291.37",DEVELOPMENTAL FOOD AID/FOOD SECURITY ASSISTANCE
Guinea,2002,"14,996,729.41",DEVELOPMENTAL FOOD AID/FOOD SECURITY ASSISTANCE
Guinea,2002,"9,060,524.02",DEVELOPMENTAL FOOD AID/FOOD SECURITY ASSISTANCE
Guinea-Bissau,2002,"9,355,834.62",GOVERNMENT AND CIVIL SOCIETY
Guinea-Bissau,2002,"7,996,280.43",DISASTER PREVENTION AND PREPAREDNESS
Guyana,2002,"9,059,257.59",DISASTER PREVENTION AND PREPAREDNESS
Indonesia,2002,"15,098,762.64",DISASTER PREVENTION AND PREPAREDNESS
Indonesia,2002,"249,945.49",DISASTER PREVENTION AND PREPAREDNESS
Indonesia,2002,"999,781,960.80",DISASTER PREVENTION AND PREPAREDNESS
Iran,2002,"672,353,368.64",DEVELOPMENTAL FOOD AID/FOOD SECURITY ASSISTANCE
Iran,2002,"160,402,518.34",DEVELOPMENTAL FOOD AID/FOOD SECURITY ASSISTANCE
Iran,2002,"233,699,033.34",DEVELOPMENTAL FOOD AID/FOOD SECURITY ASSISTANCE
Iran,2002,"349,923,686.28",DEVELOPMENTAL FOOD AID/FOOD SECURITY ASSISTANCE
Jordan,2002,"3,019,752.53",DEVELOPMENTAL FOOD AID/FOOD SECURITY ASSISTANCE
Kazakhstan,2002,"1,509,876.26",DISASTER PREVENTION AND PREPAREDNESS
Kazakhstan,2002,"429,906,243.14",DISASTER PREVENTION AND PREPAREDNESS
Kazakhstan,2002,"301,975.25",DISASTER PREVENTION AND PREPAREDNESS
Kenya,2002,"7,498,364.71",DISASTER PREVENTION AND PREPAREDNESS
Kenya,2002,"158,735.56",DISASTER PREVENTION AND PREPAREDNESS
Kenya,2002,"2,499,454.90",DEVELOPMENTAL FOOD AID/FOOD SECURITY ASSISTANCE
Kenya,2002,"35,331,104.58",DEVELOPMENTAL FOOD AID/FOOD SECURITY ASSISTANCE
Kenya,2002,"15,182,908.95",DEVELOPMENTAL FOOD AID/FOOD SECURITY ASSISTANCE
Kiribati,2002,"13,747,001.96",DEVELOPMENTAL FOOD AID/FOOD SECURITY ASSISTANCE
Kyrgyz Republic,2002,"4,529,628.79",DEVELOPMENTAL FOOD AID/FOOD SECURITY ASSISTANCE
Kyrgyz Republic,2002,"1,509,876.26",GOVERNMENT AND CIVIL SOCIETY
Kyrgyz Republic,2002,"422,765.35",DISASTER PREVENTION AND PREPAREDNESS
Kyrgyz Republic,2002,"1,509,876.26",DISASTER PREVENTION AND PREPAREDNESS
Kyrgyz Republic,2002,"6,039,505.06",DISASTER PREVENTION AND PREPAREDNESS
Lao People's Democratic Republic,2002,"12,497,274.51",DISASTER PREVENTION AND PREPAREDNESS
Lao People's Democratic Republic,2002,"125,972,527.06",DISASTER PREVENTION AND PREPAREDNESS
Lao People's Democratic Republic,2002,"90,592,575.85",DEVELOPMENTAL FOOD AID/FOOD SECURITY ASSISTANCE
Lao People's Democratic Republic,2002,"15,098,762.64",DEVELOPMENTAL FOOD AID/FOOD SECURITY ASSISTANCE
Lao People's Democratic Republic,2002,"24,158,020.23",DEVELOPMENTAL FOOD AID/FOOD SECURITY ASSISTANCE
Lao People's Democratic Republic,2002,"35,935,055.09",DEVELOPMENTAL FOOD AID/FOOD SECURITY ASSISTANCE
Lebanon,2002,"12,497,274.51",DEVELOPMENTAL FOOD AID/FOOD SECURITY ASSISTANCE
Lebanon,2002,"2,499,454.90",DISASTER PREVENTION AND PREPAREDNESS
Lebanon,2002,"1,509,876.26",DISASTER PREVENTION AND PREPAREDNESS
Lesotho,2002,"5,711,711.11",DISASTER PREVENTION AND PREPAREDNESS
Madagascar,2002,"11,997,383.53",DISASTER PREVENTION AND PREPAREDNESS
Mali,2002,"6,098,669.96",DISASTER PREVENTION AND PREPAREDNESS
Mauritania,2002,"1,509,876.26",DISASTER PREVENTION AND PREPAREDNESS
Mauritius,2002,"30,197,525.28",DISASTER PREVENTION AND PREPAREDNESS
Mauritius,2002,"6,039,505.06",DISASTER PREVENTION AND PREPAREDNESS
Micronesia,2002,"7,549,381.32",DISASTER PREVENTION AND PREPAREDNESS
Micronesia,2002,"74,983.65",DISASTER PREVENTION AND PREPAREDNESS
Moldova,2002,"1,509,876.26",DEVELOPMENTAL FOOD AID/FOOD SECURITY ASSISTANCE
Mongolia,2002,"3,019,752.53",DEVELOPMENTAL FOOD AID/FOOD SECURITY ASSISTANCE
Mongolia,2002,"2,415,802.02",DEVELOPMENTAL FOOD AID/FOOD SECURITY ASSISTANCE
Mongolia,2002,"15,098,762.64",DEVELOPMENTAL FOOD AID/FOOD SECURITY ASSISTANCE
Mongolia,2002,"9,997,819.61",DEVELOPMENTAL FOOD AID/FOOD SECURITY ASSISTANCE
Mongolia,2002,"1,249,727.45",GOVERNMENT AND CIVIL SOCIETY
Morocco,2002,"9,059,257.59",DISASTER PREVENTION AND PREPAREDNESS
Morocco,2002,"1,509,876.26",DISASTER PREVENTION AND PREPAREDNESS
Morocco,2002,"241,580.20",DISASTER PREVENTION AND PREPAREDNESS
Morocco,2002,"15,098,762.64",DISASTER PREVENTION AND PREPAREDNESS
Mozambique,2002,"299,934.59",DISASTER PREVENTION AND PREPAREDNESS
Mozambique,2002,"13,497,056.47",DEVELOPMENTAL FOOD AID/FOOD SECURITY ASSISTANCE
Myanmar,2002,"21,138,267.70",DEVELOPMENTAL FOOD AID/FOOD SECURITY ASSISTANCE
Myanmar,2002,"9,059,257.59",DEVELOPMENTAL FOOD AID/FOOD SECURITY ASSISTANCE
Namibia,2002,"12,984,935.87",DEVELOPMENTAL FOOD AID/FOOD SECURITY ASSISTANCE
Namibia,2002,"13,089,337.97",DEVELOPMENTAL FOOD AID/FOOD SECURITY ASSISTANCE
Nauru,2002,"149,967,294.12",DISASTER PREVENTION AND PREPAREDNESS
Niger,2002,"20,030,018.52",DISASTER PREVENTION AND PREPAREDNESS
Niger,2002,"1,056,913.38",DISASTER PREVENTION AND PREPAREDNESS
Niger,2002,"1,509,876.26",DISASTER PREVENTION AND PREPAREDNESS
Niger,2002,"1,509,876.26",DISASTER PREVENTION AND PREPAREDNESS
Niger,2002,"150,987.63",DEVELOPMENTAL FOOD AID/FOOD SECURITY ASSISTANCE
Niger,2002,"2,624,164.95",DEVELOPMENTAL FOOD AID/FOOD SECURITY ASSISTANCE
Nigeria,2002,"299,934.59",DEVELOPMENTAL FOOD AID/FOOD SECURITY ASSISTANCE
Nigeria,2002,"8,748,092.16",DEVELOPMENTAL FOOD AID/FOOD SECURITY ASSISTANCE
Nigeria,2002,"13,747,001.96",DEVELOPMENTAL FOOD AID/FOOD SECURITY ASSISTANCE
Nigeria,2002,"287,162,373.69",GOVERNMENT AND CIVIL SOCIETY
Nigeria,2002,"287,162,373.69",DISASTER PREVENTION AND PREPAREDNESS
Nigeria,2002,"205,585,039.63",DISASTER PREVENTION AND PREPAREDNESS
Nigeria,2002,"6,039,505.06",DISASTER PREVENTION AND PREPAREDNESS
Nigeria,2002,"193,905,297.82",DISASTER PREVENTION AND PREPAREDNESS
North Macedonia,2002,"112,431,266.33",DISASTER PREVENTION AND PREPAREDNESS
North Macedonia,2002,"15,098,762.64",DEVELOPMENTAL FOOD AID/FOOD SECURITY ASSISTANCE
North Macedonia,2002,"112,431,266.33",DEVELOPMENTAL FOOD AID/FOOD SECURITY ASSISTANCE
North Macedonia,2002,"8,767,242.38",DEVELOPMENTAL FOOD AID/FOOD SECURITY ASSISTANCE
Pakistan,2002,"254,944,400.00",DEVELOPMENTAL FOOD AID/FOOD SECURITY ASSISTANCE
Pakistan,2002,"47,062,736.24",DEVELOPMENTAL FOOD AID/FOOD SECURITY ASSISTANCE
Pakistan,2002,"145,370,886.72",DISASTER PREVENTION AND PREPAREDNESS
Pakistan,2002,"135,562,623.09",DISASTER PREVENTION AND PREPAREDNESS
Panama,2002,"38,186,116.56",DISASTER PREVENTION AND PREPAREDNESS
Papua New Guinea,2002,"45,540,068.31",DISASTER PREVENTION AND PREPAREDNESS
Papua New Guinea,2002,"12,888.92",DISASTER PREVENTION AND PREPAREDNESS
Papua New Guinea,2002,"144,968.38",DEVELOPMENTAL FOOD AID/FOOD SECURITY ASSISTANCE
Papua New Guinea,2002,"2,499,454.90",DEVELOPMENTAL FOOD AID/FOOD SECURITY ASSISTANCE
Papua New Guinea,2002,"6,831,126.81",DEVELOPMENTAL FOOD AID/FOOD SECURITY ASSISTANCE
Papua New Guinea,2002,"64,444.59",DEVELOPMENTAL FOOD AID/FOOD SECURITY ASSISTANCE
Papua New Guinea,2002,"193,333.78",DEVELOPMENTAL FOOD AID/FOOD SECURITY ASSISTANCE
Papua New Guinea,2002,"90,592.58",GOVERNMENT AND CIVIL SOCIETY
Papua New Guinea,2002,"89,980.38",DISASTER PREVENTION AND PREPAREDNESS
Peru,2002,"3,019,752.53",DISASTER PREVENTION AND PREPAREDNESS
Romania,2002,"1,509,876.26",DISASTER PREVENTION AND PREPAREDNESS
Romania,2002,"749,836,470.60",DISASTER PREVENTION AND PREPAREDNESS
Russia,2002,"249,945,490.20",DISASTER PREVENTION AND PREPAREDNESS
Russia,2002,"499,890,980.40",DEVELOPMENTAL FOOD AID/FOOD SECURITY ASSISTANCE
Rwanda,2002,"9,059,257.59",DEVELOPMENTAL FOOD AID/FOOD SECURITY ASSISTANCE
Rwanda,2002,"9,997,819.61",DEVELOPMENTAL FOOD AID/FOOD SECURITY ASSISTANCE
Rwanda,2002,"17,496,184.31",DEVELOPMENTAL FOOD AID/FOOD SECURITY ASSISTANCE
Serbia,2002,"9,059,257.59",DEVELOPMENTAL FOOD AID/FOOD SECURITY ASSISTANCE
Sierra Leone,2002,"15,639,298.34",DISASTER PREVENTION AND PREPAREDNESS
South Africa,2002,"24,994,549.02",DISASTER PREVENTION AND PREPAREDNESS
South Africa,2002,"66,235,554.90",DISASTER PREVENTION AND PREPAREDNESS
South Africa,2002,"24,994,549.02",DISASTER PREVENTION AND PREPAREDNESS
South Africa,2002,"66,235,554.90",DISASTER PREVENTION AND PREPAREDNESS
Sri Lanka,2002,"6,535,389.85",DEVELOPMENTAL FOOD AID/FOOD SECURITY ASSISTANCE
Sudan,2002,"9,059,257.59",DEVELOPMENTAL FOOD AID/FOOD SECURITY ASSISTANCE
Sudan,2002,"9,059,257.59",DEVELOPMENTAL FOOD AID/FOOD SECURITY ASSISTANCE
Sudan,2002,"6,248,637.26",DEVELOPMENTAL FOOD AID/FOOD SECURITY ASSISTANCE
Sudan,2002,"30,243,404.31",DEVELOPMENTAL FOOD AID/FOOD SECURITY ASSISTANCE
Sudan,2002,"96,478,959.22",GOVERNMENT AND CIVIL SOCIETY
Sudan,2002,"8,148,222.98",DISASTER PREVENTION AND PREPAREDNESS
Suriname,2002,"52,681,610.84",DISASTER PREVENTION AND PREPAREDNESS
Syrian Arab Republic,2002,"9,059,257.59",DISASTER PREVENTION AND PREPAREDNESS
Syrian Arab Republic,2002,"3,019,752.53",DISASTER PREVENTION AND PREPAREDNESS
Tajikistan,2002,"1,509,876.26",DISASTER PREVENTION AND PREPAREDNESS
Tajikistan,2002,"1,601,250.79",DEVELOPMENTAL FOOD AID/FOOD SECURITY ASSISTANCE
Tajikistan,2002,"4,998,909.80",DEVELOPMENTAL FOOD AID/FOOD SECURITY ASSISTANCE
Tanzania,2002,"25,858.60",DEVELOPMENTAL FOOD AID/FOOD SECURITY ASSISTANCE
Tanzania,2002,"124,972.75",DEVELOPMENTAL FOOD AID/FOOD SECURITY ASSISTANCE
Tanzania,2002,"6,039,505.06",DEVELOPMENTAL FOOD AID/FOOD SECURITY ASSISTANCE
Tanzania,2002,"61,236,645.10",DISASTER PREVENTION AND PREPAREDNESS
Tanzania,2002,"30,197,525.28",DISASTER PREVENTION AND PREPAREDNESS
Togo,2002,"905,925.76",DISASTER PREVENTION AND PREPAREDNESS
Tonga,2002,"9,965,183.34",DISASTER PREVENTION AND PREPAREDNESS
Trinidad and Tobago,2002,"9,059,257.59",DISASTER PREVENTION AND PREPAREDNESS
Trinidad and Tobago,2002,"613,274.60",DEVELOPMENTAL FOOD AID/FOOD SECURITY ASSISTANCE
Tunisia,2002,"9,059,257.59",DEVELOPMENTAL FOOD AID/FOOD SECURITY ASSISTANCE
Tunisia,2002,"3,019,752.53",DEVELOPMENTAL FOOD AID/FOOD SECURITY ASSISTANCE
Turkey,2002,"12,497.27",DEVELOPMENTAL FOOD AID/FOOD SECURITY ASSISTANCE
Turkmenistan,2002,"1,509,876.26",DEVELOPMENTAL FOOD AID/FOOD SECURITY ASSISTANCE
Turkmenistan,2002,"6,039,505.06",GOVERNMENT AND CIVIL SOCIETY
Turkmenistan,2002,"4,529,628.79",DISASTER PREVENTION AND PREPAREDNESS
Uganda,2002,"16,246,456.86",DISASTER PREVENTION AND PREPAREDNESS
Uganda,2002,"3,623,703.03",DISASTER PREVENTION AND PREPAREDNESS
Uganda,2002,"187,459.12",DISASTER PREVENTION AND PREPAREDNESS
Ukraine,2002,"952,339.35",DISASTER PREVENTION AND PREPAREDNESS
Uzbekistan,2002,"9,059,257.59",DEVELOPMENTAL FOOD AID/FOOD SECURITY ASSISTANCE
Venezuela,2002,"212,453,666.67",DEVELOPMENTAL FOOD AID/FOOD SECURITY ASSISTANCE
Venezuela,2002,"4,449,029.73",DEVELOPMENTAL FOOD AID/FOOD SECURITY ASSISTANCE
Viet Nam,2002,"6,039,505.06",DEVELOPMENTAL FOOD AID/FOOD SECURITY ASSISTANCE
Viet Nam,2002,"30,197,525.28",DEVELOPMENTAL FOOD AID/FOOD SECURITY ASSISTANCE
West Bank and Gaza Strip,2002,"6,248,637.26",DISASTER PREVENTION AND PREPAREDNESS
West Bank and Gaza Strip,2002,"8,748,092.16",DISASTER PREVENTION AND PREPAREDNESS
Yemen,2002,"125,897,543.41",DISASTER PREVENTION AND PREPAREDNESS
Yemen,2002,"6,039,505.06",DISASTER PREVENTION AND PREPAREDNESS
Zambia,2002,"20,896,687.50",DISASTER PREVENTION AND PREPAREDNESS
Zambia,2002,"6,039,505.06",DISASTER PREVENTION AND PREPAREDNESS
Zambia,2002,"1,153,545.47",DISASTER PREVENTION AND PREPAREDNESS
Zambia,2002,"15,098,762.64",DISASTER PREVENTION AND PREPAREDNESS
Zimbabwe,2002,"93,641.28",DISASTER PREVENTION AND PREPAREDNESS
Zimbabwe,2002,"88,959.21",DISASTER PREVENTION AND PREPAREDNESS
Zimbabwe,2002,"12,079,010.11",DEVELOPMENTAL FOOD AID/FOOD SECURITY ASSISTANCE
Zimbabwe,2002,"9,497,928.63",DEVELOPMENTAL FOOD AID/FOOD SECURITY ASSISTANCE
Zimbabwe,2002,"2,499,454.90",DEVELOPMENTAL FOOD AID/FOOD SECURITY ASSISTANCE
Zimbabwe,2002,"40,598,368.53",DEVELOPMENTAL FOOD AID/FOOD SECURITY ASSISTANCE
Afghanistan,2001,"303,792.73",DEVELOPMENTAL FOOD AID/FOOD SECURITY ASSISTANCE
Afghanistan,2001,"2,514,537.77",GOVERNMENT AND CIVIL SOCIETY
"Africa, regional",2001,"5,012,580.10",DISASTER PREVENTION AND PREPAREDNESS
Albania,2001,"316,831,758.69",DISASTER PREVENTION AND PREPAREDNESS
Albania,2001,"316,831,758.69",DISASTER PREVENTION AND PREPAREDNESS
Albania,2001,"99,614,193.16",DISASTER PREVENTION AND PREPAREDNESS
Angola,2001,"15,087,226.60",DISASTER PREVENTION AND PREPAREDNESS
Angola,2001,"20,116,302.14",DEVELOPMENTAL FOOD AID/FOOD SECURITY ASSISTANCE
Angola,2001,"1,508,722.66",DEVELOPMENTAL FOOD AID/FOOD SECURITY ASSISTANCE
Angola,2001,"125,726,888.37",DEVELOPMENTAL FOOD AID/FOOD SECURITY ASSISTANCE
Angola,2001,"60,758,546.70",DEVELOPMENTAL FOOD AID/FOOD SECURITY ASSISTANCE
Antigua and Barbuda,2001,"9,113,782.01",DEVELOPMENTAL FOOD AID/FOOD SECURITY ASSISTANCE
Bangladesh,2001,"178,444,172.66",DISASTER PREVENTION AND PREPAREDNESS
Bangladesh,2001,"472,984,554.05",DISASTER PREVENTION AND PREPAREDNESS
Bangladesh,2001,"150,872,266.04",DISASTER PREVENTION AND PREPAREDNESS
Belarus,2001,"1,518,780.81",DISASTER PREVENTION AND PREPAREDNESS
Belarus,2001,"3,017,445.32",DISASTER PREVENTION AND PREPAREDNESS
Benin,2001,"9,113,782.01",DEVELOPMENTAL FOOD AID/FOOD SECURITY ASSISTANCE
Benin,2001,"15,189,636.68",DEVELOPMENTAL FOOD AID/FOOD SECURITY ASSISTANCE
Bolivia,2001,"4,441,449.76",DEVELOPMENTAL FOOD AID/FOOD SECURITY ASSISTANCE
Bosnia and Herzegovina,2001,"5,029,075.53",DEVELOPMENTAL FOOD AID/FOOD SECURITY ASSISTANCE
Bosnia and Herzegovina,2001,"940,437.13",DEVELOPMENTAL FOOD AID/FOOD SECURITY ASSISTANCE
Bosnia and Herzegovina,2001,"3,017,445.32",GOVERNMENT AND CIVIL SOCIETY
Botswana,2001,"24,303,418.68",DISASTER PREVENTION AND PREPAREDNESS
Botswana,2001,"11,416,001.46",DISASTER PREVENTION AND PREPAREDNESS
Botswana,2001,"6,075,854.67",DISASTER PREVENTION AND PREPAREDNESS
Bulgaria,2001,"50,290,755.35",DISASTER PREVENTION AND PREPAREDNESS
Bulgaria,2001,"1,634,449.55",DISASTER PREVENTION AND PREPAREDNESS
Burundi,2001,"116,285,905.55",DEVELOPMENTAL FOOD AID/FOOD SECURITY ASSISTANCE
Burundi,2001,"6,075,854.67",DEVELOPMENTAL FOOD AID/FOOD SECURITY ASSISTANCE
Burundi,2001,"1,822,756.40",DEVELOPMENTAL FOOD AID/FOOD SECURITY ASSISTANCE
Cabo Verde,2001,"15,098,498.86",DEVELOPMENTAL FOOD AID/FOOD SECURITY ASSISTANCE
Cabo Verde,2001,"2,137,619.24",DEVELOPMENTAL FOOD AID/FOOD SECURITY ASSISTANCE
Cabo Verde,2001,"4,556,891.00",DISASTER PREVENTION AND PREPAREDNESS
Cambodia,2001,"24,303,418.68",DISASTER PREVENTION AND PREPAREDNESS
Cambodia,2001,"45,568.91",DISASTER PREVENTION AND PREPAREDNESS
Cambodia,2001,"167,086.00",DISASTER PREVENTION AND PREPAREDNESS
Cambodia,2001,"201,163.02",DISASTER PREVENTION AND PREPAREDNESS
Cambodia,2001,"13,670,673.01",DEVELOPMENTAL FOOD AID/FOOD SECURITY ASSISTANCE
Cambodia,2001,"4,985,238.76",DEVELOPMENTAL FOOD AID/FOOD SECURITY ASSISTANCE
Cambodia,2001,"4,860,683.74",DEVELOPMENTAL FOOD AID/FOOD SECURITY ASSISTANCE
Cambodia,2001,"4,274,714.20",DEVELOPMENTAL FOOD AID/FOOD SECURITY ASSISTANCE
Cameroon,2001,"61,669,924.90",DEVELOPMENTAL FOOD AID/FOOD SECURITY ASSISTANCE
Cameroon,2001,"85,494,284.09",GOVERNMENT AND CIVIL SOCIETY
Central African Republic,2001,"23,586,364.26",DISASTER PREVENTION AND PREPAREDNESS
Colombia,2001,"3,037,927.34",DISASTER PREVENTION AND PREPAREDNESS
Comoros,2001,"6,075,854.67",DISASTER PREVENTION AND PREPAREDNESS
Comoros,2001,"12,572,688.84",DISASTER PREVENTION AND PREPAREDNESS
Congo,2001,"108,125,124.00",DISASTER PREVENTION AND PREPAREDNESS
Congo,2001,"10,292,839.24",DEVELOPMENTAL FOOD AID/FOOD SECURITY ASSISTANCE
Congo,2001,"18,708,160.99",DEVELOPMENTAL FOOD AID/FOOD SECURITY ASSISTANCE
Cook Islands,2001,"3,037,927.34",DEVELOPMENTAL FOOD AID/FOOD SECURITY ASSISTANCE
Cuba,2001,"1,005,815,106.97",DEVELOPMENTAL FOOD AID/FOOD SECURITY ASSISTANCE
Cuba,2001,"502,907,553.48",DEVELOPMENTAL FOOD AID/FOOD SECURITY ASSISTANCE
Cuba,2001,"377,180,665.11",DISASTER PREVENTION AND PREPAREDNESS
Cuba,2001,"60,348,906.42",DISASTER PREVENTION AND PREPAREDNESS
Cuba,2001,"16,344,495.49",DISASTER PREVENTION AND PREPAREDNESS
Cuba,2001,"9,113,782.01",DISASTER PREVENTION AND PREPAREDNESS
Cuba,2001,"1,518,780.81",DISASTER PREVENTION AND PREPAREDNESS
Democratic People's Republic of Korea,2001,"209,497,739.71",DEVELOPMENTAL FOOD AID/FOOD SECURITY ASSISTANCE
Democratic People's Republic of Korea,2001,"21,548,338.94",DEVELOPMENTAL FOOD AID/FOOD SECURITY ASSISTANCE
Democratic People's Republic of Korea,2001,"12,085,298.19",DEVELOPMENTAL FOOD AID/FOOD SECURITY ASSISTANCE
Democratic People's Republic of Korea,2001,"34,777,541.23",DEVELOPMENTAL FOOD AID/FOOD SECURITY ASSISTANCE
Democratic People's Republic of Korea,2001,"71,351,362.75",DEVELOPMENTAL FOOD AID/FOOD SECURITY ASSISTANCE
Democratic Republic of the Congo,2001,"33,416,911.89",GOVERNMENT AND CIVIL SOCIETY
Democratic Republic of the Congo,2001,"6,075,854.67",DISASTER PREVENTION AND PREPAREDNESS
Djibouti,2001,"6,060,036.02",DISASTER PREVENTION AND PREPAREDNESS
Ecuador,2001,"574,571.88",DISASTER PREVENTION AND PREPAREDNESS
Equatorial Guinea,2001,"31,035,465.65",DISASTER PREVENTION AND PREPAREDNESS
Equatorial Guinea,2001,"100,330,056.92",DISASTER PREVENTION AND PREPAREDNESS
Eritrea,2001,"7,543,613.30",DEVELOPMENTAL FOOD AID/FOOD SECURITY ASSISTANCE
Eritrea,2001,"7,543,613.30",DEVELOPMENTAL FOOD AID/FOOD SECURITY ASSISTANCE
Ethiopia,2001,"30,174,453.21",DEVELOPMENTAL FOOD AID/FOOD SECURITY ASSISTANCE
Ethiopia,2001,"8,549,428.41",DEVELOPMENTAL FOOD AID/FOOD SECURITY ASSISTANCE
Ethiopia,2001,"308,181,748.77",DEVELOPMENTAL FOOD AID/FOOD SECURITY ASSISTANCE
Ethiopia,2001,"251,453.78",DISASTER PREVENTION AND PREPAREDNESS
Ethiopia,2001,"4,556,891.00",DISASTER PREVENTION AND PREPAREDNESS
Fiji,2001,"301,744.53",DISASTER PREVENTION AND PREPAREDNESS
Gabon,2001,"18,227,564.01",DISASTER PREVENTION AND PREPAREDNESS
Gabon,2001,"1,518,963.67",DISASTER PREVENTION AND PREPAREDNESS
Gabon,2001,"10,669,200.80",DEVELOPMENTAL FOOD AID/FOOD SECURITY ASSISTANCE
Georgia,2001,"9,113,782.01",DEVELOPMENTAL FOOD AID/FOOD SECURITY ASSISTANCE
Georgia,2001,"9,113,782.01",DEVELOPMENTAL FOOD AID/FOOD SECURITY ASSISTANCE
Georgia,2001,"25,145,377.67",DEVELOPMENTAL FOOD AID/FOOD SECURITY ASSISTANCE
Georgia,2001,"23,695,833.21",DEVELOPMENTAL FOOD AID/FOOD SECURITY ASSISTANCE
Georgia,2001,"1,518,963.67",GOVERNMENT AND CIVIL SOCIETY
Ghana,2001,"9,113,782.01",DISASTER PREVENTION AND PREPAREDNESS
Ghana,2001,"8,965.49",DISASTER PREVENTION AND PREPAREDNESS
Guinea,2001,"188,293,058.27",DISASTER PREVENTION AND PREPAREDNESS
Guinea,2001,"15,190,322.65",DISASTER PREVENTION AND PREPAREDNESS
Guinea-Bissau,2001,"19,065,141.54",DISASTER PREVENTION AND PREPAREDNESS
India,2001,"1,518,963.67",DEVELOPMENTAL FOOD AID/FOOD SECURITY ASSISTANCE
Indonesia,2001,"12,151,709.34",DEVELOPMENTAL FOOD AID/FOOD SECURITY ASSISTANCE
Indonesia,2001,"12,151,709.34",DEVELOPMENTAL FOOD AID/FOOD SECURITY ASSISTANCE
Iran,2001,"1,518,963.67",DEVELOPMENTAL FOOD AID/FOOD SECURITY ASSISTANCE
Iran,2001,"305,642,065.63",DEVELOPMENTAL FOOD AID/FOOD SECURITY ASSISTANCE
Iran,2001,"543,788,992.97",DISASTER PREVENTION AND PREPAREDNESS
Iran,2001,"12,151,709.34",DISASTER PREVENTION AND PREPAREDNESS
Iran,2001,"40,584,639.57",DISASTER PREVENTION AND PREPAREDNESS
Iran,2001,"276,599,154.42",DISASTER PREVENTION AND PREPAREDNESS
Jordan,2001,"1,508,722.66",DISASTER PREVENTION AND PREPAREDNESS
Jordan,2001,"3,037,927.34",DISASTER PREVENTION AND PREPAREDNESS
Jordan,2001,"502,907.55",DISASTER PREVENTION AND PREPAREDNESS
Kenya,2001,"75,436.13",DISASTER PREVENTION AND PREPAREDNESS
Kenya,2001,"34,328,578.89",DISASTER PREVENTION AND PREPAREDNESS
Kenya,2001,"15,189,636.68",DISASTER PREVENTION AND PREPAREDNESS
Kenya,2001,"150,872.27",DEVELOPMENTAL FOOD AID/FOOD SECURITY ASSISTANCE
Kyrgyz Republic,2001,"1,518,963.67",DEVELOPMENTAL FOOD AID/FOOD SECURITY ASSISTANCE
Kyrgyz Republic,2001,"3,037,927.34",DEVELOPMENTAL FOOD AID/FOOD SECURITY ASSISTANCE
Kyrgyz Republic,2001,"1,215,170.93",DEVELOPMENTAL FOOD AID/FOOD SECURITY ASSISTANCE
Kyrgyz Republic,2001,"15,189,636.68",DEVELOPMENTAL FOOD AID/FOOD SECURITY ASSISTANCE
Kyrgyz Republic,2001,"30,379,273.35",GOVERNMENT AND CIVIL SOCIETY
Lao People's Democratic Republic,2001,"75,436,133.02",DISASTER PREVENTION AND PREPAREDNESS
Lesotho,2001,"11,674,527.46",DISASTER PREVENTION AND PREPAREDNESS
Lesotho,2001,"1,459,315.93",DISASTER PREVENTION AND PREPAREDNESS
Madagascar,2001,"9,113,782.01",DISASTER PREVENTION AND PREPAREDNESS
Madagascar,2001,"75,436,133.02",DISASTER PREVENTION AND PREPAREDNESS
Mali,2001,"118,434,728.85",DEVELOPMENTAL FOOD AID/FOOD SECURITY ASSISTANCE
Mali,2001,"15,189,636.68",DEVELOPMENTAL FOOD AID/FOOD SECURITY ASSISTANCE
Mauritius,2001,"5,777,469.45",DEVELOPMENTAL FOOD AID/FOOD SECURITY ASSISTANCE
Mauritius,2001,"6,075,854.67",DEVELOPMENTAL FOOD AID/FOOD SECURITY ASSISTANCE
Mauritius,2001,"12,151,709.34",DEVELOPMENTAL FOOD AID/FOOD SECURITY ASSISTANCE
Moldova,2001,"3,037,927.34",DISASTER PREVENTION AND PREPAREDNESS
Mongolia,2001,"607,585.47",DISASTER PREVENTION AND PREPAREDNESS
Mongolia,2001,"11,544,123.87",DISASTER PREVENTION AND PREPAREDNESS
Mongolia,2001,"66,635,250.84",DISASTER PREVENTION AND PREPAREDNESS
Morocco,2001,"45,568,910.03",DISASTER PREVENTION AND PREPAREDNESS
Morocco,2001,"24,303,418.68",DEVELOPMENTAL FOOD AID/FOOD SECURITY ASSISTANCE
Mozambique,2001,"377,180.67",DEVELOPMENTAL FOOD AID/FOOD SECURITY ASSISTANCE
Mozambique,2001,"88,008,821.86",DEVELOPMENTAL FOOD AID/FOOD SECURITY ASSISTANCE
Mozambique,2001,"28,143,358.83",DEVELOPMENTAL FOOD AID/FOOD SECURITY ASSISTANCE
Myanmar,2001,"174,194,603.84",DEVELOPMENTAL FOOD AID/FOOD SECURITY ASSISTANCE
Myanmar,2001,"31,898,237.02",GOVERNMENT AND CIVIL SOCIETY
Myanmar,2001,"63,994,986.18",DISASTER PREVENTION AND PREPAREDNESS
Myanmar,2001,"15,189,636.68",DISASTER PREVENTION AND PREPAREDNESS
Myanmar,2001,"30,379,273.35",DISASTER PREVENTION AND PREPAREDNESS
Namibia,2001,"11,186,601.38",DISASTER PREVENTION AND PREPAREDNESS
Nepal,2001,"88,008,821.86",DISASTER PREVENTION AND PREPAREDNESS
Nepal,2001,"15,368,874.39",DEVELOPMENTAL FOOD AID/FOOD SECURITY ASSISTANCE
Nepal,2001,"24,303,418.68",DEVELOPMENTAL FOOD AID/FOOD SECURITY ASSISTANCE
Niger,2001,"54,682,692.03",DEVELOPMENTAL FOOD AID/FOOD SECURITY ASSISTANCE
Pakistan,2001,"3,645,512.80",DEVELOPMENTAL FOOD AID/FOOD SECURITY ASSISTANCE
Pakistan,2001,"3,037,927.34",DEVELOPMENTAL FOOD AID/FOOD SECURITY ASSISTANCE
Pakistan,2001,"607,585.47",DISASTER PREVENTION AND PREPAREDNESS
Pakistan,2001,"1,260,739.84",DISASTER PREVENTION AND PREPAREDNESS
Pakistan,2001,"4,745,928.15",DISASTER PREVENTION AND PREPAREDNESS
Pakistan,2001,"251,453,776.74",DISASTER PREVENTION AND PREPAREDNESS
Pakistan,2001,"15,189,636.68",DISASTER PREVENTION AND PREPAREDNESS
Pakistan,2001,"77,950,670.79",DEVELOPMENTAL FOOD AID/FOOD SECURITY ASSISTANCE
Pakistan,2001,"1,215,170.93",DEVELOPMENTAL FOOD AID/FOOD SECURITY ASSISTANCE
Pakistan,2001,"41,012,138.65",DEVELOPMENTAL FOOD AID/FOOD SECURITY ASSISTANCE
Pakistan,2001,"77,950,670.79",DEVELOPMENTAL FOOD AID/FOOD SECURITY ASSISTANCE
Pakistan,2001,"45,261,679.81",DEVELOPMENTAL FOOD AID/FOOD SECURITY ASSISTANCE
Papua New Guinea,2001,"22,938.22",GOVERNMENT AND CIVIL SOCIETY
Papua New Guinea,2001,"14,953.69",DISASTER PREVENTION AND PREPAREDNESS
Papua New Guinea,2001,"2,011,630.21",DISASTER PREVENTION AND PREPAREDNESS
Papua New Guinea,2001,"6,286,344.42",DISASTER PREVENTION AND PREPAREDNESS
Papua New Guinea,2001,"595,433.76",DISASTER PREVENTION AND PREPAREDNESS
Papua New Guinea,2001,"1,518,963.67",DISASTER PREVENTION AND PREPAREDNESS
Peru,2001,"607,585.47",DEVELOPMENTAL FOOD AID/FOOD SECURITY ASSISTANCE
Peru,2001,"125,726.89",DEVELOPMENTAL FOOD AID/FOOD SECURITY ASSISTANCE
Philippines,2001,"87,960,080.06",DEVELOPMENTAL FOOD AID/FOOD SECURITY ASSISTANCE
Romania,2001,"1,518,963.67",DEVELOPMENTAL FOOD AID/FOOD SECURITY ASSISTANCE
Rwanda,2001,"6,789,251.97",DEVELOPMENTAL FOOD AID/FOOD SECURITY ASSISTANCE
Rwanda,2001,"9,575,657.74",DISASTER PREVENTION AND PREPAREDNESS
Rwanda,2001,"34,383,261.58",DISASTER PREVENTION AND PREPAREDNESS
Rwanda,2001,"9,113,782.01",DISASTER PREVENTION AND PREPAREDNESS
Samoa,2001,"3,037,927.34",DISASTER PREVENTION AND PREPAREDNESS
Serbia,2001,"6,075,854.67",DISASTER PREVENTION AND PREPAREDNESS
Seychelles,2001,"486,068.37",DEVELOPMENTAL FOOD AID/FOOD SECURITY ASSISTANCE
Sierra Leone,2001,"6,075,854.67",DEVELOPMENTAL FOOD AID/FOOD SECURITY ASSISTANCE
South Africa,2001,"90,523,359.63",DEVELOPMENTAL FOOD AID/FOOD SECURITY ASSISTANCE
Sri Lanka,2001,"181,046,719.25",DEVELOPMENTAL FOOD AID/FOOD SECURITY ASSISTANCE
Sri Lanka,2001,"15,087,226.60",DEVELOPMENTAL FOOD AID/FOOD SECURITY ASSISTANCE
Sri Lanka,2001,"12,653,467.39",GOVERNMENT AND CIVIL SOCIETY
Sudan,2001,"328,096,152.18",DISASTER PREVENTION AND PREPAREDNESS
Sudan,2001,"3,037,927.34",DISASTER PREVENTION AND PREPAREDNESS
Sudan,2001,"166,965,307.76",DISASTER PREVENTION AND PREPAREDNESS
Sudan,2001,"23,385,201.24",DISASTER PREVENTION AND PREPAREDNESS
Sudan,2001,"47,021,856.25",DISASTER PREVENTION AND PREPAREDNESS
Sudan,2001,"27,785,642.33",DEVELOPMENTAL FOOD AID/FOOD SECURITY ASSISTANCE
Suriname,2001,"12,572,688.84",DEVELOPMENTAL FOOD AID/FOOD SECURITY ASSISTANCE
Syrian Arab Republic,2001,"9,113,782.01",DEVELOPMENTAL FOOD AID/FOOD SECURITY ASSISTANCE
Tajikistan,2001,"1,518,963.67",DEVELOPMENTAL FOOD AID/FOOD SECURITY ASSISTANCE
Tanzania,2001,"65,892,554.74",DEVELOPMENTAL FOOD AID/FOOD SECURITY ASSISTANCE
Tanzania,2001,"572,978.74",DISASTER PREVENTION AND PREPAREDNESS
Tanzania,2001,"4,617,957.12",DISASTER PREVENTION AND PREPAREDNESS
Tanzania,2001,"48,279,125.13",DISASTER PREVENTION AND PREPAREDNESS
Tanzania,2001,"87,859,288.87",DISASTER PREVENTION AND PREPAREDNESS
Togo,2001,"64,524,346.93",DISASTER PREVENTION AND PREPAREDNESS
Togo,2001,"9,113,782.01",DEVELOPMENTAL FOOD AID/FOOD SECURITY ASSISTANCE
Tonga,2001,"10,636,791.47",DEVELOPMENTAL FOOD AID/FOOD SECURITY ASSISTANCE
Trinidad and Tobago,2001,"817,509.36",DEVELOPMENTAL FOOD AID/FOOD SECURITY ASSISTANCE
Turkmenistan,2001,"12,103,474.19",DEVELOPMENTAL FOOD AID/FOOD SECURITY ASSISTANCE
Turkmenistan,2001,"6,075,854.67",DEVELOPMENTAL FOOD AID/FOOD SECURITY ASSISTANCE
Turkmenistan,2001,"3,037,927.34",GOVERNMENT AND CIVIL SOCIETY
Uganda,2001,"125,726,888.37",DISASTER PREVENTION AND PREPAREDNESS
Uganda,2001,"201,163.02",DISASTER PREVENTION AND PREPAREDNESS
Uganda,2001,"25,145,377.67",DISASTER PREVENTION AND PREPAREDNESS
Uganda,2001,"94,169.90",DISASTER PREVENTION AND PREPAREDNESS
Uganda,2001,"9,568,684.02",DISASTER PREVENTION AND PREPAREDNESS
Uganda,2001,"11,367,032.53",DEVELOPMENTAL FOOD AID/FOOD SECURITY ASSISTANCE
Uganda,2001,"91,137.82",DEVELOPMENTAL FOOD AID/FOOD SECURITY ASSISTANCE
Ukraine,2001,"911,378.20",DEVELOPMENTAL FOOD AID/FOOD SECURITY ASSISTANCE
Ukraine,2001,"3,017,445.32",DEVELOPMENTAL FOOD AID/FOOD SECURITY ASSISTANCE
Ukraine,2001,"1,518,963.67",DEVELOPMENTAL FOOD AID/FOOD SECURITY ASSISTANCE
Uzbekistan,2001,"1,518,963.67",DISASTER PREVENTION AND PREPAREDNESS
Uzbekistan,2001,"502,907,553.48",DISASTER PREVENTION AND PREPAREDNESS
Uzbekistan,2001,"30,379,273.35",DISASTER PREVENTION AND PREPAREDNESS
Uzbekistan,2001,"9,113,782.01",DISASTER PREVENTION AND PREPAREDNESS
Uzbekistan,2001,"303,792.73",DISASTER PREVENTION AND PREPAREDNESS
Uzbekistan,2001,"754,361.33",DISASTER PREVENTION AND PREPAREDNESS
Vanuatu,2001,"754,361.33",DISASTER PREVENTION AND PREPAREDNESS
Venezuela,2001,"45,261,679.81",DISASTER PREVENTION AND PREPAREDNESS
Viet Nam,2001,"9,113,782.01",DISASTER PREVENTION AND PREPAREDNESS
West Bank and Gaza Strip,2001,"2,514,537.77",DISASTER PREVENTION AND PREPAREDNESS
Yemen,2001,"1,518,963.67",DEVELOPMENTAL FOOD AID/FOOD SECURITY ASSISTANCE
Zambia,2001,"15,189,636.68",DEVELOPMENTAL FOOD AID/FOOD SECURITY ASSISTANCE
Zambia,2001,"1,518,963.67",DEVELOPMENTAL FOOD AID/FOOD SECURITY ASSISTANCE
Zambia,2001,"516,447.65",DEVELOPMENTAL FOOD AID/FOOD SECURITY ASSISTANCE
Zambia,2001,"50,290,755.35",DEVELOPMENTAL FOOD AID/FOOD SECURITY ASSISTANCE
Zambia,2001,"100,581,510.70",GOVERNMENT AND CIVIL SOCIETY
Zambia,2001,"1,257,268.88",DISASTER PREVENTION AND PREPAREDNESS
Zambia,2001,"30,379,273.35",DISASTER PREVENTION AND PREPAREDNESS
Zimbabwe,2001,"607,585.47",DISASTER PREVENTION AND PREPAREDNESS
Zimbabwe,2001,"628,634.44",DISASTER PREVENTION AND PREPAREDNESS
Zimbabwe,2001,"10,058,151.07",DISASTER PREVENTION AND PREPAREDNESS
Zimbabwe,2001,"303,792.73",DEVELOPMENTAL FOOD AID/FOOD SECURITY ASSISTANCE
Zimbabwe,2001,"18,731,859.95",DEVELOPMENTAL FOOD AID/FOOD SECURITY ASSISTANCE
Afghanistan,2000,"1,283,228.36",DEVELOPMENTAL FOOD AID/FOOD SECURITY ASSISTANCE
"Africa, regional",2000,"2,566,456,728.80",DEVELOPMENTAL FOOD AID/FOOD SECURITY ASSISTANCE
Albania,2000,"3,079,748.07",DEVELOPMENTAL FOOD AID/FOOD SECURITY ASSISTANCE
Albania,2000,"1,550,075.00",DISASTER PREVENTION AND PREPAREDNESS
Bangladesh,2000,"31,001,500.07",DISASTER PREVENTION AND PREPAREDNESS
Bangladesh,2000,"191,260,054.80",DISASTER PREVENTION AND PREPAREDNESS
Bangladesh,2000,"62,003,000.14",DISASTER PREVENTION AND PREPAREDNESS
Belarus,2000,"1,550,075.00",DISASTER PREVENTION AND PREPAREDNESS
Benin,2000,"22,786,102.55",DEVELOPMENTAL FOOD AID/FOOD SECURITY ASSISTANCE
Benin,2000,"23,716,147.56",DEVELOPMENTAL FOOD AID/FOOD SECURITY ASSISTANCE
Botswana,2000,"6,042,353.88",DEVELOPMENTAL FOOD AID/FOOD SECURITY ASSISTANCE
Bulgaria,2000,"1,550,075.00",DEVELOPMENTAL FOOD AID/FOOD SECURITY ASSISTANCE
Cabo Verde,2000,"7,130,345.02",DEVELOPMENTAL FOOD AID/FOOD SECURITY ASSISTANCE
Cambodia,2000,"15,500,750.04",GOVERNMENT AND CIVIL SOCIETY
Cambodia,2000,"15,500,750.04",DISASTER PREVENTION AND PREPAREDNESS
Cambodia,2000,"15,500,750.04",DISASTER PREVENTION AND PREPAREDNESS
Cambodia,2000,"310,015.00",DISASTER PREVENTION AND PREPAREDNESS
Cambodia,2000,"38,496.85",DISASTER PREVENTION AND PREPAREDNESS
Cambodia,2000,"3,100,150.01",DISASTER PREVENTION AND PREPAREDNESS
Cambodia,2000,"620,030.00",DEVELOPMENTAL FOOD AID/FOOD SECURITY ASSISTANCE
Cambodia,2000,"30,877,494.07",DEVELOPMENTAL FOOD AID/FOOD SECURITY ASSISTANCE
Cambodia,2000,"1,550,075.00",DEVELOPMENTAL FOOD AID/FOOD SECURITY ASSISTANCE
Cambodia,2000,"39,780,079.30",DEVELOPMENTAL FOOD AID/FOOD SECURITY ASSISTANCE
Comoros,2000,"12,839,365.39",DEVELOPMENTAL FOOD AID/FOOD SECURITY ASSISTANCE
Congo,2000,"54,081,396.95",DISASTER PREVENTION AND PREPAREDNESS
Congo,2000,"72,108,529.27",DISASTER PREVENTION AND PREPAREDNESS
Congo,2000,"620,030.00",DISASTER PREVENTION AND PREPAREDNESS
Congo,2000,"9,692,743.00",DISASTER PREVENTION AND PREPAREDNESS
Congo,2000,"12,400,600.03",DISASTER PREVENTION AND PREPAREDNESS
Congo,2000,"540,813.97",DEVELOPMENTAL FOOD AID/FOOD SECURITY ASSISTANCE
Cote d'Ivoire,2000,"3,100,150.01",DEVELOPMENTAL FOOD AID/FOOD SECURITY ASSISTANCE
Democratic People's Republic of Korea,2000,"124,006,000.29",DEVELOPMENTAL FOOD AID/FOOD SECURITY ASSISTANCE
Democratic People's Republic of Korea,2000,"250,036,693.92",DEVELOPMENTAL FOOD AID/FOOD SECURITY ASSISTANCE
Democratic People's Republic of Korea,2000,"8,001,174.21",DEVELOPMENTAL FOOD AID/FOOD SECURITY ASSISTANCE
Democratic People's Republic of Korea,2000,"7,353,274.46",GOVERNMENT AND CIVIL SOCIETY
Democratic People's Republic of Korea,2000,"33,534,010.15",DISASTER PREVENTION AND PREPAREDNESS
Democratic People's Republic of Korea,2000,"46,906,271.28",DISASTER PREVENTION AND PREPAREDNESS
Democratic Republic of the Congo,2000,"24,801,200.06",DISASTER PREVENTION AND PREPAREDNESS
Democratic Republic of the Congo,2000,"1,549,939.65",DISASTER PREVENTION AND PREPAREDNESS
Democratic Republic of the Congo,2000,"14,857,097.82",DISASTER PREVENTION AND PREPAREDNESS
Democratic Republic of the Congo,2000,"1,549,939.65",DEVELOPMENTAL FOOD AID/FOOD SECURITY ASSISTANCE
Democratic Republic of the Congo,2000,"7,699,370.19",DEVELOPMENTAL FOOD AID/FOOD SECURITY ASSISTANCE
Ecuador,2000,"1,316,592.30",DEVELOPMENTAL FOOD AID/FOOD SECURITY ASSISTANCE
Ecuador,2000,"1,549,107.76",DEVELOPMENTAL FOOD AID/FOOD SECURITY ASSISTANCE
Eritrea,2000,"24,801,200.06",DEVELOPMENTAL FOOD AID/FOOD SECURITY ASSISTANCE
Ethiopia,2000,"513,291.35",DISASTER PREVENTION AND PREPAREDNESS
Ethiopia,2000,"62,003.00",DISASTER PREVENTION AND PREPAREDNESS
Fiji,2000,"19,248.43",DISASTER PREVENTION AND PREPAREDNESS
Gabon,2000,"15,500,750.04",DISASTER PREVENTION AND PREPAREDNESS
Georgia,2000,"930,045.00",DISASTER PREVENTION AND PREPAREDNESS
Ghana,2000,"50,222,430.12",DEVELOPMENTAL FOOD AID/FOOD SECURITY ASSISTANCE
Ghana,2000,"20,531,653.83",DEVELOPMENTAL FOOD AID/FOOD SECURITY ASSISTANCE
Ghana,2000,"5,646,204.80",DEVELOPMENTAL FOOD AID/FOOD SECURITY ASSISTANCE
Ghana,2000,"16,425,323.06",DEVELOPMENTAL FOOD AID/FOOD SECURITY ASSISTANCE
Guinea,2000,"6,200,559.46",DEVELOPMENTAL FOOD AID/FOOD SECURITY ASSISTANCE
Iran,2000,"341,016,500.80",GOVERNMENT AND CIVIL SOCIETY
Iran,2000,"21,814,882.19",DISASTER PREVENTION AND PREPAREDNESS
Iran,2000,"53,484,958.23",DISASTER PREVENTION AND PREPAREDNESS
Jamaica,2000,"31,001,500.07",DISASTER PREVENTION AND PREPAREDNESS
Kazakhstan,2000,"3,100,150.01",DISASTER PREVENTION AND PREPAREDNESS
Kazakhstan,2000,"2,566,456.73",DISASTER PREVENTION AND PREPAREDNESS
Kazakhstan,2000,"2,566,456.73",DEVELOPMENTAL FOOD AID/FOOD SECURITY ASSISTANCE
Kenya,2000,"410,633.08",DEVELOPMENTAL FOOD AID/FOOD SECURITY ASSISTANCE
Lao People's Democratic Republic,2000,"89,904,350.21",DEVELOPMENTAL FOOD AID/FOOD SECURITY ASSISTANCE
Lao People's Democratic Republic,2000,"1,924,842.55",DEVELOPMENTAL FOOD AID/FOOD SECURITY ASSISTANCE
Lebanon,2000,"1,550,075.00",DEVELOPMENTAL FOOD AID/FOOD SECURITY ASSISTANCE
Madagascar,2000,"32,030,749.87",DISASTER PREVENTION AND PREPAREDNESS
Madagascar,2000,"1,231,899.23",DISASTER PREVENTION AND PREPAREDNESS
Maldives,2000,"3,100,150.01",DISASTER PREVENTION AND PREPAREDNESS
Mali,2000,"46,502,250.11",DISASTER PREVENTION AND PREPAREDNESS
Mali,2000,"15,500,750.04",DISASTER PREVENTION AND PREPAREDNESS
Mauritius,2000,"14,695,068.75",DEVELOPMENTAL FOOD AID/FOOD SECURITY ASSISTANCE
Mauritius,2000,"6,200,300.01",DEVELOPMENTAL FOOD AID/FOOD SECURITY ASSISTANCE
Mauritius,2000,"1,846,511.35",DEVELOPMENTAL FOOD AID/FOOD SECURITY ASSISTANCE
Mongolia,2000,"62,003,000.14",DEVELOPMENTAL FOOD AID/FOOD SECURITY ASSISTANCE
Mongolia,2000,"46,502,250.11",DEVELOPMENTAL FOOD AID/FOOD SECURITY ASSISTANCE
Morocco,2000,"7,245,795.31",GOVERNMENT AND CIVIL SOCIETY
Morocco,2000,"15,500,750.04",DISASTER PREVENTION AND PREPAREDNESS
Morocco,2000,"1,569,922.32",DISASTER PREVENTION AND PREPAREDNESS
Mozambique,2000,"513,291.35",DISASTER PREVENTION AND PREPAREDNESS
Mozambique,2000,"18,600,900.04",DISASTER PREVENTION AND PREPAREDNESS
Mozambique,2000,"128,322.84",DISASTER PREVENTION AND PREPAREDNESS
Mozambique,2000,"25,664.57",DEVELOPMENTAL FOOD AID/FOOD SECURITY ASSISTANCE
Mozambique,2000,"769,937.02",DEVELOPMENTAL FOOD AID/FOOD SECURITY ASSISTANCE
Myanmar,2000,"44,914,973.30",DEVELOPMENTAL FOOD AID/FOOD SECURITY ASSISTANCE
Myanmar,2000,"35,994,555.62",DEVELOPMENTAL FOOD AID/FOOD SECURITY ASSISTANCE
Myanmar,2000,"384,968.51",DEVELOPMENTAL FOOD AID/FOOD SECURITY ASSISTANCE
Myanmar,2000,"9,300,450.02",DISASTER PREVENTION AND PREPAREDNESS
Myanmar,2000,"82,126,615.32",DISASTER PREVENTION AND PREPAREDNESS
Myanmar,2000,"31,001,500.07",DISASTER PREVENTION AND PREPAREDNESS
Myanmar,2000,"25,664,567.29",DISASTER PREVENTION AND PREPAREDNESS
Myanmar,2000,"196,333,939.75",DISASTER PREVENTION AND PREPAREDNESS
Myanmar,2000,"31,001,500.07",DISASTER PREVENTION AND PREPAREDNESS
Myanmar,2000,"51,329,134.58",DISASTER PREVENTION AND PREPAREDNESS
Myanmar,2000,"410,633,076.61",DISASTER PREVENTION AND PREPAREDNESS
Namibia,2000,"15,500,750.04",DISASTER PREVENTION AND PREPAREDNESS
Namibia,2000,"4,435,807.55",DISASTER PREVENTION AND PREPAREDNESS
Nepal,2000,"18,784,746.19",DEVELOPMENTAL FOOD AID/FOOD SECURITY ASSISTANCE
Nepal,2000,"15,500,750.04",DEVELOPMENTAL FOOD AID/FOOD SECURITY ASSISTANCE
Pakistan,2000,"513,291,345.76",DEVELOPMENTAL FOOD AID/FOOD SECURITY ASSISTANCE
Pakistan,2000,"384,968,509.32",DEVELOPMENTAL FOOD AID/FOOD SECURITY ASSISTANCE
Pakistan,2000,"384,968,509.32",DEVELOPMENTAL FOOD AID/FOOD SECURITY ASSISTANCE
Pakistan,2000,"620,030.00",GOVERNMENT AND CIVIL SOCIETY
Pakistan,2000,"128,322.84",DISASTER PREVENTION AND PREPAREDNESS
Pakistan,2000,"8,525,412.52",DISASTER PREVENTION AND PREPAREDNESS
Pakistan,2000,"12,832,283.64",DISASTER PREVENTION AND PREPAREDNESS
Papua New Guinea,2000,"12,832,283.64",DISASTER PREVENTION AND PREPAREDNESS
Papua New Guinea,2000,"3,100,150.01",DISASTER PREVENTION AND PREPAREDNESS
Papua New Guinea,2000,"27,589,409.83",DEVELOPMENTAL FOOD AID/FOOD SECURITY ASSISTANCE
Philippines,2000,"5,132,913,457.59",DEVELOPMENTAL FOOD AID/FOOD SECURITY ASSISTANCE
Philippines,2000,"256,645,672.88",DEVELOPMENTAL FOOD AID/FOOD SECURITY ASSISTANCE
Philippines,2000,"17,965,197.10",DEVELOPMENTAL FOOD AID/FOOD SECURITY ASSISTANCE
Romania,2000,"1,283,228.36",DEVELOPMENTAL FOOD AID/FOOD SECURITY ASSISTANCE
Rwanda,2000,"6,200,300.01",DISASTER PREVENTION AND PREPAREDNESS
Rwanda,2000,"6,200,300.01",DISASTER PREVENTION AND PREPAREDNESS
Rwanda,2000,"74,715,446.17",DISASTER PREVENTION AND PREPAREDNESS
Saint Lucia,2000,"52,279,674.11",DISASTER PREVENTION AND PREPAREDNESS
Saint Lucia,2000,"1,796,519.71",DISASTER PREVENTION AND PREPAREDNESS
Serbia,2000,"6,200,300.01",DEVELOPMENTAL FOOD AID/FOOD SECURITY ASSISTANCE
Seychelles,2000,"641,614.18",DEVELOPMENTAL FOOD AID/FOOD SECURITY ASSISTANCE
Sierra Leone,2000,"641,614.18",DEVELOPMENTAL FOOD AID/FOOD SECURITY ASSISTANCE
Sri Lanka,2000,"20,531,653.83",DEVELOPMENTAL FOOD AID/FOOD SECURITY ASSISTANCE
Sri Lanka,2000,"3,079,748.07",DEVELOPMENTAL FOOD AID/FOOD SECURITY ASSISTANCE
Sri Lanka,2000,"9,239,244.22",GOVERNMENT AND CIVIL SOCIETY
Sri Lanka,2000,"1,231,899.23",DISASTER PREVENTION AND PREPAREDNESS
Sudan,2000,"46,196,221.12",DISASTER PREVENTION AND PREPAREDNESS
Sudan,2000,"821,266,153.21",DISASTER PREVENTION AND PREPAREDNESS
Sudan,2000,"7,750,375.02",DISASTER PREVENTION AND PREPAREDNESS
Sudan,2000,"1,796,519.71",DISASTER PREVENTION AND PREPAREDNESS
Tajikistan,2000,"6,200,300.01",DEVELOPMENTAL FOOD AID/FOOD SECURITY ASSISTANCE
Tajikistan,2000,"3,100,150.01",DEVELOPMENTAL FOOD AID/FOOD SECURITY ASSISTANCE
Tajikistan,2000,"16,681,968.74",DEVELOPMENTAL FOOD AID/FOOD SECURITY ASSISTANCE
Tanzania,2000,"4,811,736.27",DEVELOPMENTAL FOOD AID/FOOD SECURITY ASSISTANCE
Tanzania,2000,"11,771,269.58",DEVELOPMENTAL FOOD AID/FOOD SECURITY ASSISTANCE
Tanzania,2000,"51,329.13",DISASTER PREVENTION AND PREPAREDNESS
Thailand,2000,"3,831,800.09",DISASTER PREVENTION AND PREPAREDNESS
Timor-Leste,2000,"15,500,750.04",DISASTER PREVENTION AND PREPAREDNESS
Tonga,2000,"9,185,620.47",DISASTER PREVENTION AND PREPAREDNESS
Tonga,2000,"2,098,925.56",DISASTER PREVENTION AND PREPAREDNESS
Trinidad and Tobago,2000,"8,469,307.21",DEVELOPMENTAL FOOD AID/FOOD SECURITY ASSISTANCE
Trinidad and Tobago,2000,"1,071,601.17",DEVELOPMENTAL FOOD AID/FOOD SECURITY ASSISTANCE
Tunisia,2000,"7,699,370.19",DEVELOPMENTAL FOOD AID/FOOD SECURITY ASSISTANCE
Turkmenistan,2000,"3,100,150.01",DEVELOPMENTAL FOOD AID/FOOD SECURITY ASSISTANCE
Turkmenistan,2000,"31,001,500.07",DEVELOPMENTAL FOOD AID/FOOD SECURITY ASSISTANCE
Uganda,2000,"8,212,661.53",GOVERNMENT AND CIVIL SOCIETY
Uganda,2000,"54,289.52",DISASTER PREVENTION AND PREPAREDNESS
Uganda,2000,"2,479,644.38",DISASTER PREVENTION AND PREPAREDNESS
Ukraine,2000,"35,930.39",DISASTER PREVENTION AND PREPAREDNESS
Vanuatu,2000,"12,832,283.64",DISASTER PREVENTION AND PREPAREDNESS
Vanuatu,2000,"2,130,159.08",DISASTER PREVENTION AND PREPAREDNESS
Viet Nam,2000,"55,230,148.80",DEVELOPMENTAL FOOD AID/FOOD SECURITY ASSISTANCE
Viet Nam,2000,"27,615,074.40",DEVELOPMENTAL FOOD AID/FOOD SECURITY ASSISTANCE
Viet Nam,2000,"39,307,851.26",DEVELOPMENTAL FOOD AID/FOOD SECURITY ASSISTANCE
Viet Nam,2000,"16,120,780.04",DEVELOPMENTAL FOOD AID/FOOD SECURITY ASSISTANCE
Viet Nam,2000,"51,329.13",DEVELOPMENTAL FOOD AID/FOOD SECURITY ASSISTANCE
West Bank and Gaza Strip,2000,"8,212,661.53",DISASTER PREVENTION AND PREPAREDNESS
West Bank and Gaza Strip,2000,"930,045.00",DISASTER PREVENTION AND PREPAREDNESS
Zambia,2000,"6,159,496.15",DISASTER PREVENTION AND PREPAREDNESS
Zambia,2000,"310,015.00",DISASTER PREVENTION AND PREPAREDNESS
Zambia,2000,"9,300,450.02",DISASTER PREVENTION AND PREPAREDNESS
Zimbabwe,2000,"6,200,300.01",DEVELOPMENTAL FOOD AID/FOOD SECURITY ASSISTANCE
Zimbabwe,2000,"1,550,075.00",DEVELOPMENTAL FOOD AID/FOOD SECURITY ASSISTANCE
Zimbabwe,2000,"14,942,723.03",DEVELOPMENTAL FOOD AID/FOOD SECURITY ASSISTANCE
Zimbabwe,2000,"51,152.05",DEVELOPMENTAL FOOD AID/FOOD SECURITY ASSISTANCE
